ELECTION COMMISSION OF PAKISTAN,,,,,,,,,,,,
FORM-28,,,,,,,,,,,,
"[see rule 50]",,,,,,,,,,,,
LIST OFPOLLING STATIONS FOR A CONSTITUENCY,,,,,,,,,,,,
ELECTION TO THE NATIONALY ASSEMEBLY,,,,,,,,,,,,
No. and name of constituency NA-72 SLK-I,,,,,,,,,,,,
S.No,No.& Name of Polling Staion.,In case of rural area,In case of urban area,"S.No. ofvoters ontheElectoral","Number of Voters assigned toPolling Station",No. of Polling Booths,,,,,,
"",,"Name of Electoral RollsAreas.","CensusBlock Code.","Name of ElectoralRolls Areasassigned to the","CensusBlock CodeNumber",,,,,,,
"",,,,,,,"MaleFrom ;to","FemaleFrom to",Total.,Male,Female,Total
1,2,3,4,5,6,7,8,9,10,11,12,13
1,Government Girls Primary School Bhoth No.1 (Male)(P),CHAK RANI,178030101,,,,623,,623,,,
"",,KOT PURANA,178030109,,,,0,,0,,,
"",,BHOTH,178030110,,,,966,,966,,,
"",,,TOTAL:-,,,,1589,,1589,3,,3
2,"Government Girls Primary School Bhoth No.1(Female)(P)",CHAK RANI,178030101,,,,,493,493,,,
"",,KOT PURANA,178030109,,,,,0,0,,,
"",,BHOTH,178030110,,,,,705,705,,,
"",,,TOTAL:-,,,,,1198,1198,,2,2
3,"Government Boys Primary school Puli ToopKhana.(Male) (P)",MAHAL LEHLIAN,178030102,,,,271,,271,,,
"",,MAHAL LEHLIAN,178030103,,,,774,,774,,,
"",,MAHAL LEHLIAN,178030104,,,,220,,220,,,
"",,,TOTAL:-,,,,1265,,1265,2,,2
4,"Government Girls Primary school Puli ToopKhana.(Female) (P)",MAHAL LEHLIAN,178030102,,,,,190,190,,,
"",,MAHAL LEHLIAN,178030103,,,,,608,608,,,
"",,MAHAL LEHLIAN,178030104,,,,,209,209,,,
"",,,TOTAL:-,,,,,1007,1007,,2,2
5,Government Boys Elementary School Chak Mandhar. (P),MANDHAR (CHAK),178030105,,,,3,0,3,,,
"",,MANDHAR (CHAK),178030106,,,,903,744,1647,,,
"",,,TOTAL:-,,,,906,744,1650,2,1,3
6,"Government Girls Elementary School Rahim PurKhichian.(Male)(P)",RAHIM PUR KICHIAN,178030107,,,,594,,594,,,
"",,RAHIM PUR KICHIAN,178030108,,,,767,,767,,,
"",,,TOTAL:-,,,,1361,,1361,2,,2
7,"Government Girls Elementary School Rahim PurKhichian.(Female)(P)",RAHIM PUR KICHIAN,178030107,,,,,509,509,,,
"",,RAHIM PUR KICHIAN,178030108,,,,,639,639,,,
"",,,TOTAL:-,,,,,1148,1148,,2,2
8,Basic Health UnitBhoth (East) (Male) (P),BHOTH,178030111,,,,625,,625,,,
BHOTH,178030132,,,,95,,95,,,,,
BHOTH,178030112,,,,518,,518,,,,,
BHOTH,17803133,,,,507,,507,,,,,
"",TOTAL:-,,,,1745,,1745,3,,3,,
9,Basic Health UnitBhoth (East) (Female) (P),BHOTH,178030132,,,,,41,41,,,
"",,BHOTH,178030112,,,,,407,407,,,
"",,BHOTH,17803133,,,,,468,468,,,
"",,,TOTAL:-,,,,,1414,1414,,3,3
10,Government Model Elementry  School Bhoth (Male) (P),BHOTH,178030113,,,,409,,409,,,
"",,BHOTH,178030115,,,,510,,510,,,
"",,BHOTH,178030116,,,,412,,412,,,
"",,,TOTAL:-,,,,1331,,1331,2,,2
11,"Government Model Elementry  School Bhoth (Female)(P)",BHOTH,178030113,,,,,322,322,,,
"",,BHOTH,178030115,,,,,397,397,,,
"",,BHOTH,178030116,,,,,309,309,,,
"",,,TOTAL:-,,,,,1028,1028,,2,2
12,Government Model Elementry  School Bhoth.(P),BHOTH,178030114,,,,532,428,960,,,
"",,,TOTAL:-,,,,532,428,960,1,1,2
13,Basic Health UnitBhoth (West) (Male)(P),BHOTH,178030117,,,,789,,789,,,
"",,BHOTH,178030118,,,,461,,461,,,
"",,,TOTAL:-,,,,1250,,1250,2,,2
14,Basic Health UnitBhoth (West) (Female)(P),BHOTH,178030117,,,,,663,663,,,
"",,BHOTH,178030118,,,,,329,329,,,
"",,,TOTAL:-,,,,,992,992,,2,2
15,GovernmentBoys High School Bharath.(Male)(P),BHARATH,178030119,,,,284,,284,,,
BHARATH,178030120,,,,747,,747,,,,,
BHARATH,178030129,,,,278,,278,,,,,
"",TOTAL:-,,,,1309,,1309,2,,2,,
BHARATH,178030119,,,,,212,212,,,,,
BHARATH,178030120,,,,,610,610,,,,,
BHARATH,178030129,,,,,203,203,,,,,
17,Government Boys High School Bharath.(Male) (P),BHARATH,178030121,,,,415,,415,,,
"",,BHARATH,178030122,,,,454,,454,,,
"",,BHARATH,178030130,,,,539,,539,,,
"",,,TOTAL:-,,,,1408,,1408,2,,2
18,Government Boys High School Bharath.(Female) (P),BHARATH,178030121,,,,,308,308,,,
"",,BHARATH,178030122,,,,,383,383,,,
"",,BHARATH,178030130,,,,,462,462,,,
"",,,TOTAL:-,,,,,1153,1153,,2,2
19,Government Girls High School Bharath. (P),BHARATH,178030123,,,,172,169,341,,,
"",,BHARATH,178030131,,,,287,235,522,,,
"",,BHARATH,178030124,,,,273,234,507,,,
"",,,TOTAL:-,,,,732,638,1370,1,1,2
20,Government Girls High School Bharath.(Male) (P),BHARATH,178030125,,,,434,,434,,,
"",,BHARATH,178030126,,,,239,,239,,,
"",,BHARATH,178030127,,,,310,,310,,,
"",,BHARATH,178030128,,,,312,,312,,,
"",,,TOTAL:-,,,,1295,,1295,2,,2
21,Government Girls High School Bharath.(Female) (P),BHARATH,178030125,,,,,401,401,,,
"",,BHARATH,178030126,,,,,209,209,,,
"",,BHARATH,178030127,,,,,252,252,,,
"",,BHARATH,178030128,,,,,244,244,,,
"",,,TOTAL:-,,,,,1106,1106,,2,2
22,"GovernmentBoys Elementary Schooll Gul Bahar Kalan(Male) (P)",GUL BAHAR KALAN,178030201,,,,401,,401,,,
"",,GUL BAHAR KALAN,178030202,,,,213,,213,,,
"",,GUL BAHAR KALAN,178030203,,,,738,,738,,,
"",,GUL BAHAR KALAN,178030204,,,,332,,332,,,
"",,MAHAL TONKAN,178030207,,,,389,,389,,,
"",,CHAK KHALIL,178030210,,,,6,,6,,,
"",,,TOTAL:-,,,,2079,,2079,4,,4
23,"GovernmentBoys Elementary Schooll Gul Bahar Kalan(Female) (P)",GUL BAHAR KALAN,178030201,,,,,343,343,,,
"",,GUL BAHAR KALAN,178030202,,,,,182,182,,,
"",,GUL BAHAR KALAN,178030203,,,,,618,618,,,
"",,GUL BAHAR KALAN,178030204,,,,,266,266,,,
"",,MAHAL TONKAN,178030207,,,,,255,255,,,
"",,CHAK KHALIL,178030210,,,,,2,2,,,
"",,,TOTAL:-,,,,,1666,1666,,3,3
24,GovernmentBoys Primary School Karool. (P),KAROL,178030205,,,,455,359,814,,,
KAROL,178030206,,,,362,271,633,,,,,
"",TOTAL:-,,,,817,630,1447,1,1,2,,
DAIT,178030209,,,,694,543,1237,,,,,
"",,,TOTAL:-,,,,892,666,1558,1,1,2
26,Govt Boys Elementary School Mehdipur (P),MEHDI PUR,178040101,,,,505,358,863,,,
"",,MEHDI PUR,178040102,,,,221,164,385,,,
"",,MEHDI PUR,178040103,,,,307,217,524,,,
"",,,TOTAL:-,,,,1033,739,1772,2,2,4
27,Govt Girls Primary School Harspur Malanay(Male) (P),HARSPUR MAULANA,178040104,,,,354,,354,,,
"",,HARSPUR MAULANA,178040105,,,,184,,184,,,
"",,KASEREY,178040107,,,,275,,275,,,
"",,NAND PUR,178040110,,,,312,,312,,,
"",,,TOTAL:-,,,,1125,,1125,2,,2
28,Govt Girls Primary School Harspur Malanay(Female) (P),HARSPUR MAULANA,178040104,,,,,240,240,,,
"",,HARSPUR MAULANA,178040105,,,,,104,104,,,
"",,KASEREY,178040107,,,,,157,157,,,
"",,NAND PUR,178040110,,,,,206,206,,,
"",,,TOTAL:-,,,,,707,707,,2,2
29,Govt Girls Primary School Tilakpur (Male)(P),DHUL,178040106,,,,359,,359,,,
"",,TILAK PUR,178040109,,,,382,,382,,,
"",,KHOOG,178040111,,,,45,,45,,,
"",,PALURA KHURD,178041007,,,,283,,283,,,
"",,,TOTAL:-,,,,1069,,1069,2,,2
30,Govt Girls Primary School Tilakpur (Female)(P),DHUL,178040106,,,,,247,247,,,
TILAK PUR,178040109,,,,,276,276,,,,,
KHOOG,178040111,,,,,44,44,,,,,
PALURA KHURD,178041007,,,,,186,186,,,,,
"",TOTAL:-,,,,,753,753,,2,2,,
CHHANI ASRAN,178040108,,,,305,213,518,,,,,
RANG PUR JATTAN,178041009,,,,610,429,1039,,,,,
32,GovernmentBoys Primary School Jhumian Dalalan (P),BHATWAL,178040201,,,,547,403,950,,,
"",,BHATWAL,178040202,,,,70,36,106,,,
"",,MANDAL,178040203,,,,7,3,10,,,
"",,JHOMIAN DILALAN,178040204,,,,360,238,598,,,
"",,MOHAL,178040205,,,,0,0,0,,,
"",,,TOTAL:-,,,,984,680,1664,2,1,3
33,Govt. Model Primary School Suragpur(Male) (P),BANUT,178040501,,,,196,,196,,,
"",,SURAG PUR,178040505,,,,646,,646,,,
"",,SURAG PUR,178040506,,,,387,,387,,,
"",,,TOTAL:-,,,,1229,,1229,2,,2
34,Govt. Model Primary School Suragpur(Female) (P),BANUT,178040501,,,,,121,121,,,
"",,SURAG PUR,178040505,,,,,494,494,,,
"",,SURAG PUR,178040506,,,,,292,292,,,
"",,,TOTAL:-,,,,,907,907,,2,2
35,Government Model Primary School Chaprari (P),MALAGER PUR,178040502,,,,375,285,660,,,
"",,CHAPRARI,178041404,,,,644,448,1092,,,
"",,,TOTAL:-,,,,1019,733,1752,2,2,4
36,Govt . Girls High School  Najwal(Male) (P),NAJWAL,178040503,,,,352,,352,,,
"",,NAJWAL,178040504,,,,804,,804,,,
"",,,TOTAL:-,,,,1156,,1156,2,,2
37,Govt . Boys High School  Najwal(Female) (P),NAJWAL,178040503,,,,,238,238,,,
"",,NAJWAL,178040504,,,,,599,599,,,
"",,,TOTAL:-,,,,,837,837,,2,2
38,Govt Boys High School Chaprar Khas(Male)(P),CHAPRAR KHAS,178040507,,,,680,,680,,,
"",,CHAPRAR KHAS,178040508,,,,485,,485,,,
"",,CHAPRAR KHAS,178040509,,,,192,,192,,,
"",,,TOTAL:-,,,,1357,,1357,2,,2
39,Govt Girls High School Chaprar Khas(Female)(P),CHAPRAR KHAS,178040507,,,,,513,513,,,
"",,CHAPRAR KHAS,178040508,,,,,344,344,,,
"",,CHAPRAR KHAS,178040509,,,,,154,154,,,
"",,,TOTAL:-,,,,,1011,1011,,2,2
40,Govt. Model Elementry  School Salehpur (Male)(P),ABDAL,178040701,,,,7,,7,,,
BATOLI BARHAMANAN,178040702,,,,0,,0,,,,,
RARGALA,178040703,,,,0,,0,,,,,
CHAK BALO,178040704,,,,15,,15,,,,,
CHAK MISRI,178040705,,,,0,,0,,,,,
CHAK SULEHRIAN,178040706,,,,7,,7,,,,,
SALEH PUR,178041205,,,,291,,291,,,,,
SALEH PUR,178041206,,,,895,,895,,,,,
"",TOTAL:-,,,,1215,,1215,2,,2,,
41,Govt. Model Elementry  School Salehpur (Female)(P),BATOLI BARHAMANAN,178040702,,,,,0,0,,,
"",,RARGALA,178040703,,,,,0,0,,,
"",,CHAK BALO,178040704,,,,,16,16,,,
"",,CHAK MISRI,178040705,,,,,0,0,,,
"",,CHAK SULEHRIAN,178040706,,,,,4,4,,,
"",,SALEH PUR,178041205,,,,,190,190,,,
"",,SALEH PUR,178041206,,,,,609,609,,,
"",,,TOTAL:-,,,,,824,824,,2,2
42,Government Girls Primary School Chadali. (P),HAIL JATTAN,178040801,,,,0,0,0,,,
"",,SAID PUR,178040802,,,,142,125,267,,,
"",,CHADIALI,178040803,,,,440,292,732,,,
"",,MAHAL KHADAR,178040804,,,,0,0,0,,,
"",,TARAF,178040805,,,,0,0,0,,,
"",,DHANGAL,178041405,,,,323,232,555,,,
"",,,TOTAL:-,,,,905,649,1554,2,1,3
43,"Government Girs Elementary Schooll Kotli SaidMir.(Male) (P)",KOTLI SAID MIR,178040901,,,,669,,669,,,
"",,KOTLI SAID MIR,178040902,,,,107,,107,,,
"",,KOTLI SAID MIR,178040903,,,,345,,345,,,
"",,,TOTAL:-,,,,1121,,1121,2,,2
44,"Government Boys Primery School Kotli Said Mir.(Female)(P)",KOTLI SAID MIR,178040901,,,,,470,470,,,
"",,KOTLI SAID MIR,178040902,,,,,165,165,,,
"",,KOTLI SAID MIR,178040903,,,,,285,285,,,
"",,,TOTAL:-,,,,,920,920,,2,2
45,Govt Girls Primary School Pindi Heeran (P),PINDI HIRAN,178040904,,,,327,233,560,,,
RAMOON CHAK,178040907,,,,321,247,568,,,,,
"",TOTAL:-,,,,648,480,1128,1,1,2,,
ZAHOORA,178040905,,,,789,,789,,,,,
ZAHOORA,178040906,,,,586,,586,,,,,
47,Government Girls High School Zahura.(Female)(P),ZAHOORA,178040905,,,,,647,647,,,
"",,ZAHOORA,178040906,,,,,474,474,,,
"",,,TOTAL:-,,,,,1121,1121,,2,2
48,Government Girls Elementry School Bhairi.,SADDHA,178040908,,,,691,506,1197,,,
"",,,TOTAL:-,,,,691,506,1197,1,1,2
49,Govt .Boys Primary School Romal Jattan. (P),BAZ PUR,178041001,,,,161,114,275,,,
"",,ROMAL JATTAN,178041011,,,,398,328,726,,,
"",,,TOTAL:-,,,,559,442,1001,1,1,2
50,Govt Boys High School Kanpur. (P),KAN PUR,178041002,,,,377,272,649,,,
"",,KAN PUR,178041003,,,,596,477,1073,,,
"",,,TOTAL:-,,,,973,749,1722,2,2,4
51,Government Girls Primary School Panwal. (P),MAHET PUR,178041004,,,,285,193,478,,,
"",,PANWAL,178041008,,,,535,371,906,,,
"",,,TOTAL:-,,,,820,564,1384,2,1,3
52,Government Boys High School Kanpur. (P),PALURA KALAN,178041005,,,,692,525,1217,,,
"",,PALURA KALAN,178041006,,,,192,137,329,,,
"",,MAHAL SHEIKHU PURA,178041010,,,,0,0,0,,,
"",,,TOTAL:-,,,,884,662,1546,1,1,2
5,Govt Girls Primary School Chaprarbala (Male) (P),CHAPRAR BALA,178041201,,,,535,,535,,,
"",,CHAPRAR BALA,178041202,,,,558,,558,,,
"",,KHUNJ PUR,178041203,,,,0,,0,,,
"",,,TOTAL:-,,,,1093,,1093,2,,2
54,Govt Girls Primary School Chaprarbala (Female) (P),CHAPRAR BALA,178041201,,,,,406,406,,,
"",,CHAPRAR BALA,178041202,,,,,410,410,,,
"",,KHUNJ PUR,178041203,,,,,0,0,,,
"",,,TOTAL:-,,,,,816,816,,2,2
55,Govt Boys Elementary School Chak Jogo. (Male) (P),NIDALA,178041204,,,,19,,19,,,
"",,CHAK JOGU,178041401,,,,410,,410,,,
"",,CHAK JOGU,178041402,,,,628,,628,,,
"",,CHAK JOGU,178041403,,,,404,,404,,,
"",,PARWAL,178041406,,,,269,,269,,,
"",,,TOTAL:-,,,,1730,,1730,3,,3
56,Govt. Girls Elementary School Chak Jogo. (Female) (P),NIDALA,178041204,,,,,12,12,,,
CHAK JOGU,178041401,,,,,288,288,,,,,
CHAK JOGU,178041402,,,,,415,415,,,,,
CHAK JOGU,178041403,,,,,301,301,,,,,
PARWAL,178041406,,,,,200,200,,,,,
"",TOTAL:-,,,,,1216,1216,,2,2,,
SEDRAH KHURD,178041301,,,,458,,458,,,,,
SEDRAH KHURD,178041302,,,,876,,876,,,,,
58,Govt Girls Elementary Schooll Saidara Khurd(Female) (P),SEDRAH KHURD,178041301,,,,,380,380,,,
"",,SEDRAH KHURD,178041302,,,,,682,682,,,
"",,,TOTAL:-,,,,,1062,1062,,2,2
59,Government Model Primary School Ahmal Pur(Male)(P),AHMAL PUR,178041303,,,,545,,545,,,
"",,AHMAL PUR,178041304,,,,398,,398,,,
"",,AHMAL PUR,178041305,,,,460,,460,,,
"",,,TOTAL:-,,,,1403,,1403,2,,2
60,"Government Model Primary School AhmalPur(Female)(P)",AHMAL PUR,178041303,,,,,400,400,,,
"",,AHMAL PUR,178041304,,,,,360,360,,,
"",,AHMAL PUR,178041305,,,,,326,326,,,
"",,,TOTAL:-,,,,,1086,1086,,2,2
61,"Government Boys High School Saidpur UmrayChak.(Male) (P)",CHAK LATKAN,178041306,,,,0,,0,,,
"",,CHAK UMRA,178041307,,,,102,,102,,,
"",,SEDRAH KALAN,178041308,,,,466,,466,,,
"",,SEDRAH KALAN,178041309,,,,629,,629,,,
"",,SEDRAH KALAN,178041310,,,,172,,172,,,
"",,,TOTAL:-,,,,1369,,1369,2,,2
62,"Government Boys High School Saidpur UmrayChak.(Female) (P)",CHAK LATKAN,178041306,,,,,0,0,,,
"",,CHAK UMRA,178041307,,,,,69,69,,,
"",,SEDRAH KALAN,178041308,,,,,401,401,,,
"",,SEDRAH KALAN,178041309,,,,,442,442,,,
"",,SEDRAH KALAN,178041310,,,,,118,118,,,
"",,,TOTAL:-,,,,,1030,1030,,2,2
63,Govt Girls Elementary School Rawal .(Male) (P),RAWAL,178041407,,,,904,,904,,,
RAWAL,178041408,,,,198,,198,,,,,
"",TOTAL:-,,,,1102,,1102,2,,2,,
RAWAL,178041407,,,,,735,735,,,,,
RAWAL,178041408,,,,,129,129,,,,,
65,Government Boys Primary School Sher Pur. (P),SHER PUR,178050101,,,,714,540,1254,,,
"",,,TOTAL:-,,,,714,540,1254,1,1,2
66,Government Girls Primary School Dinga (P),DINGA,178050201,,,,509,412,921,,,
"",,BEECHOWAL,178050203,,,,335,222,557,,,
"",,,TOTAL:-,,,,844,634,1478,1,1,2
67,Govt Boys Primary School Shadiwal. (P),SHADIWAL,178050202,,,,520,415,935,,,
"",,CHAK KHARANA,178050204,,,,408,294,702,,,
"",,,TOTAL:-,,,,928,709,1637,2,1,3
68,Govt.Model Primary School Rangpur Saroch (P),MAHAL LALOWAL,178050205,,,,2,1,3,,,
"",,TEH DARGAHI,178050206,,,,308,227,535,,,
"",,RANGPUR SAROCH,178050209,,,,693,481,1174,,,
"",,,TOTAL:-,,,,1003,709,1712,2,2,4
69,Govt Girls Elementary School Chak Putlian (P),CHAK PUTLIAN,178050207,,,,384,231,615,,,
"",,CHAK PUTLIAN,178050208,,,,514,375,889,,,
"",,,TOTAL:-,,,,898,606,1504,2,1,3
70,Govt.Model  Primary School Chak Kuba (P),CHAK KUBA,178050210,,,,245,187,432,,,
"",,CHAK KUBA,178050211,,,,765,579,1344,,,
"",,,TOTAL:-,,,,1010,766,1776,2,2,4
71,Govt Boys High School Marakiwal (Male) (P),MARAKEWAL,178050401,,,,633,,633,,,
"",,MARAKEWAL,178050402,,,,699,,699,,,
"",,,TOTAL:-,,,,1332,,1332,2,,2
72,Govt Boys High School Marakiwal (Female) (P),MARAKEWAL,178050401,,,,,590,590,,,
"",,MARAKEWAL,178050402,,,,,583,583,,,
"",,,TOTAL:-,,,,,1173,1173,,2,2
73,Govt Girls High School Marakiwal.(P),MARAKEWAL,178050403,,,,755,696,1451,,,
"",,,TOTAL:-,,,,755,696,1451,1,1,2
74,Govt Boys High School Marakiwal(Male)(P),MARAKEWAL,178050404,,,,443,,443,,,
"",,MARAKEWAL,178050405,,,,459,,459,,,
"",,SARFARAZ PUR,178050413,,,,315,,315,,,
"",,,TOTAL:-,,,,1217,,1217,2,,2
75,Govt Boys High School Marakiwal(Female)(P),MARAKEWAL,178050404,,,,,381,381,,,
"",,MARAKEWAL,178050405,,,,,413,413,,,
"",,SARFARAZ PUR,178050413,,,,,219,219,,,
"",,,TOTAL:-,,,,,1013,1013,,2,2
76,Govt Girls High School Marakiwal(Male)(P),CHAK SADEU,178050406,,,,585,,585,,,
CHAK SADEU,178050407,,,,677,,677,,,,,
CHAK SADEU,178050408,,,,123,,123,,,,,
"",TOTAL:-,,,,1385,,1385,2,,2,,
CHAK SADEU,178050406,,,,,521,521,,,,,
CHAK SADEU,178050407,,,,,491,491,,,,,
"",,,TOTAL:-,,,,,1131,1131,,2,2
78,Government Girls Primary School Bahera. (P),BAHERA,178050409,,,,575,455,1030,,,
"",,,TOTAL:-,,,,575,455,1030,1,1,2
79,Govt Boys Primary School Bhairi. (Male)(P),BHERI,178050410,,,,512,,512,,,
"",,BHERI,178050411,,,,505,,505,,,
"",,BHERI,178050412,,,,281,,281,,,
"",,,TOTAL:-,,,,1298,,1298,2,,2
80,Govt Boys Primary School Bhairi. (Female)(P),BHERI,178050410,,,,,429,429,,,
"",,BHERI,178050411,,,,,323,323,,,
"",,BHERI,178050412,,,,,199,199,,,
"",,,TOTAL:-,,,,,951,951,,2,2
81,GovernmentGirls Primary School Harnah. (P),HARNAH,178050501,,,,139,116,255,,,
"",,BADIAN,178051401,,,,106,75,181,,,
"",,SADHARI WALI,178051408,,,,117,89,206,,,
"",,DUNGAR PUR,178051606,,,,199,145,344,,,
"",,,TOTAL:-,,,,561,425,986,1,1,2
82,GovernmentGirls High School Turanwal. (P),CHAK CHOOR,178050502,,,,229,165,394,,,
"",,TURANWAL,178050807,,,,742,580,1322,,,
"",,,TOTAL:-,,,,971,745,1716,2,2,4
83,Government Boys High School Marala. (P),SAGRI PUR,178050503,,,,212,174,386,,,
MARALA,178050507,,,,402,329,731,,,,,
"",TOTAL:-,,,,614,503,1117,1,1,2,,
CHAK DUDH,178050504,,,,0,,0,,,,,
MAJWAL,178050506,,,,200,,200,,,,,
MUNWAR PUR,178050508,,,,277,,277,,,,,
PINDI LADOO,178050509,,,,706,,706,,,,,
85,Government Girls Primary School Pindi Lado.(Female)(P),CHAK DUDH,178050504,,,,,0,0,,,
"",,MAJWAL,178050506,,,,,144,144,,,
"",,MUNWAR PUR,178050508,,,,,205,205,,,
"",,PINDI LADOO,178050509,,,,,500,500,,,
"",,,TOTAL:-,,,,,849,849,,2,2
86,Government Boys Primary School Dhallewali (Male) (P),KULL,178050505,,,,94,,94,,,
"",,DHALE WALI,178050510,,,,570,,570,,,
"",,DHALE WALI,178050511,,,,138,,138,,,
"",,DHALE WALI,178050512,,,,201,,201,,,
"",,,TOTAL:-,,,,1003,,1003,2,,2
87,"Government Boys Primary School Dhallewali (Female)(P)",KULL,178050505,,,,,61,61,,,
"",,DHALE WALI,178050510,,,,,413,413,,,
"",,DHALE WALI,178050511,,,,,91,91,,,
"",,DHALE WALI,178050512,,,,,160,160,,,
"",,,TOTAL:-,,,,,725,725,,2,2
88,Government Girls Primary School Dhallewali.,DHALE WALI,178050513,,,,154,119,273,,,
"",,DHALE WALI,178050514,,,,519,388,907,,,
"",,,TOTAL:-,,,,673,507,1180,1,1,2
89,Government Boys Primary School Dhallewali (Male) (P),DHALE WALI,178050515,,,,234,,234,,,
"",,DHALE WALI,178050516,,,,1296,,1296,,,
"",,,TOTAL:-,,,,1530,,1530,2,,2
90,"Government Boys Primary School Dhallewali (Female)(P)",DHALE WALI,178050515,,,,,205,205,,,
"",,DHALE WALI,178050516,,,,,975,975,,,
"",,,TOTAL:-,,,,,1180,1180,,2,2
91,Government Girls Primary School Dhapai. (P),TOKAN,178050601,,,,149,133,282,,,
"",,DHAPAI,178050602,,,,496,425,921,,,
"",,,TOTAL:-,,,,645,558,1203,1,1,2
92,Government Model Primary School Bhulla. (Male) (P),BHULLO,178050603,,,,479,,479,,,
"",,BHULLO,178050604,,,,281,,281,,,
"",,BHULLO,178050605,,,,317,,317,,,
"",,,TOTAL:-,,,,1077,,1077,2,,2
93,Government Model Primary School Bhulla. (Female) (P),BHULLO,178050603,,,,,386,386,,,
"",,BHULLO,178050604,,,,,237,237,,,
"",,BHULLO,178050605,,,,,234,234,,,
"",,,TOTAL:-,,,,,857,857,,2,2
94,Government Girls Primary School Miani Pathanan. (P),AIMMA,178050801,,,,194,138,332,,,
MIANI AWAN,178050805,,,,198,138,336,,,,,
MIANI PATHANAN,178050806,,,,478,357,835,,,,,
GONDAL/Miani Awanan,178051507,,,,116,73,189,,,,,
"",TOTAL:-,,,,986,706,1692,2,1,3,,
95,Government Model Primary School Kotera.  (P),KOTEROA,178050803,,,,511,378,889,,,
"",,,TOTAL:-,,,,604,449,1053,1,1,2
96,Government Girls Primary School Matarhal Kalan (P),MATARHAL KHURD,178050804,,,,333,239,572,,,
"",,MATTAR HAL KALAN,178051801,,,,180,125,305,,,
"",,,TOTAL:-,,,,513,364,877,1,1,2
97,Government Girls Primary School Chaila. (P),CHAK SARWANI,178051001,,,,364,252,616,,,
"",,CHELA,178051002,,,,251,189,440,,,
"",,DAULATAN WALI,178051003,,,,199,121,320,,,
"",,KOTLI CHANDO,178051103,,,,212,147,359,,,
"",,,TOTAL:-,,,,1026,709,1735,2,2,4
98,Government Girls Elementary School Rattowal. (P),RATTOWAL,178051004,,,,467,382,849,,,
"",,,TOTAL:-,,,,467,382,849,1,1,2
99,GovernmentGirls Elementary School Punnuwal (P),ROLE WAL,178051005,,,,236,182,418,,,
"",,PANNOWAL,178051101,,,,641,487,1128,,,
"",,,TOTAL:-,,,,877,669,1546,1,1,2
100,Government Model Primary School Sheeni. (P),SHANI,178051006,,,,621,474,1095,,,
"",,,TOTAL:-,,,,621,474,1095,1,1,2
101,Government Girls Primary School Malhowal. (P),MALHOWAL,178051102,,,,354,294,648,,,
"",,KOT WARSAL PUR,178051104,,,,180,131,311,,,
"",,,TOTAL:-,,,,534,425,959,1,1,2
102,GovernmentGirls Primary School Waryam. (P),CHAK ROMALA,178051105,,,,134,96,230,,,
"",,WARYAM,178051106,,,,365,271,636,,,
"",,,TOTAL:-,,,,499,367,866,1,1,2
103,Government Girls Primary School Chak Amboo (P),CHAK AMBOO,178051201,,,,457,329,786,,,
"",TOTAL:-,,,,457,329,786,1,1,2,,
CHAK WAZIRA,178051202,,,,225,167,392,,,,,
MANDHAL,178051206,,,,347,254,601,,,,,
105,Government Girls Primary School  Gujral(Male) (P),GUJRAL,178051203,,,,133,,133,,,
"",,GUJRAL,178051204,,,,332,,332,,,
"",,GUJRAL,178051205,,,,780,,780,,,
"",,,TOTAL:-,,,,1245,,1245,2,,2
106,Government Boys Primary School  Gujral(Female) (P),GUJRAL,178051203,,,,,102,102,,,
"",,GUJRAL,178051204,,,,,233,233,,,
"",,GUJRAL,178051205,,,,,573,573,,,
"",,,TOTAL:-,,,,,908,908,,2,2
107,"Govt Iqbal Memorial Girls High School Pindi Panjuran(Male)(P)",PINDI PANJORAN,178051207,,,,366,,366,,,
"",,PINDI PANJORAN,178051208,,,,611,,611,,,
"",,PINDI PANJORAN,178051209,,,,216,,216,,,
"",,,TOTAL:-,,,,1193,,1193,2,,2
108,"Govt Iqbal Memorial Girls High School Pindi Panjuran(Female)(P)",PINDI PANJORAN,178051207,,,,,287,287,,,
"",,PINDI PANJORAN,178051208,,,,,472,472,,,
"",,PINDI PANJORAN,178051209,,,,,150,150,,,
"",,,TOTAL:-,,,,,909,909,,2,2
109,Government Girls High School Hamu Ghakhar.(Male)  (P),CHAK KARIM,178051402,,,,122,,122,,,
"",,HAMUN GAKHAR,178051403,,,,553,,553,,,
"",,HAMUN GAKHAR,178051404,,,,115,,115,,,
"",,KOT HATIM KHAN,178051405,,,,82,,82,,,
"",,KOTLI ARAIAN KALAN,178051406,,,,170,,170,,,
"",,KOTLI ARAIAN KHURD,178051407,,,,0,,0,,,
"",,BHOJO CHAND,178051601,,,,70,,70,,,
"",,DUNNI CHAND,178051607,,,,277,,277,,,
"",,,TOTAL:-,,,,1389,,1389,2,,2
110,"Government Girls High School Hamu Ghakhar.(Female)(P)",CHAK KARIM,178051402,,,,,89,89,,,
"",,HAMUN GAKHAR,178051403,,,,,429,429,,,
"",,HAMUN GAKHAR,178051404,,,,,90,90,,,
"",,KOT HATIM KHAN,178051405,,,,,60,60,,,
"",,KOTLI ARAIAN KALAN,178051406,,,,,101,101,,,
"",,KOTLI ARAIAN KHURD,178051407,,,,,0,0,,,
"",,BHOJO CHAND,178051601,,,,,48,48,,,
"",,DUNNI CHAND,178051607,,,,,178,178,,,
"",,,TOTAL:-,,,,,995,995,,2,2
111,GovernmentGirls High School Gondal.(Male)(P),GONDAL,178051501,,,,641,,641,,,
"",,GONDAL,178051502,,,,769,,769,,,
"",,,TOTAL:-,,,,1410,,1410,2,,2
112,GovernmentGirls High School Gondal.(Female)(P),GONDAL,178051501,,,,,506,506,,,
GONDAL,178051502,,,,,590,590,,,,,
"",TOTAL:-,,,,,1096,1096,,2,2,,
GONDAL,178051503,,,,235,,235,,,,,
"",,GONDAL,178051505,,,,661,,661,,,
"",,,TOTAL:-,,,,1700,,1700,3,,3
114,Government Boys High School Gondal.(Female)  (P),GONDAL,178051503,,,,,191,191,,,
"",,GONDAL,178051504,,,,,628,628,,,
"",,GONDAL,178051505,,,,,457,457,,,
"",,,TOTAL:-,,,,,1276,1276,,2,2
115,Government Girls Primary School Gondal. (Male)  (P),GONDAL,178051506,,,,333,,333,,,
"",,GONDAL,178051508,,,,520,,520,,,
"",,GONDAL,178051509,,,,25,,25,,,
"",,GONDAL,178051510,,,,259,,259,,,
"",,,TOTAL:-,,,,1137,,1137,2,,2
116,Government Girls Primary School Gondal. (Female)  (P),GONDAL,178051506,,,,,249,249,,,
"",,GONDAL,178051508,,,,,393,393,,,
"",,GONDAL,178051509,,,,,16,16,,,
"",,GONDAL,178051510,,,,,165,165,,,
"",,,TOTAL:-,,,,,823,823,,2,2
117,Government Model Primary School Rodial (P),PATTAN SEEN,178051511,,,,100,70,170,,,
"",,RODYAL,178051512,,,,542,393,935,,,
"",,SAGAR PUR,178051513,,,,32,32,64,,,
"",,,TOTAL:-,,,,674,495,1169,1,1,2
118,GovernmentGirls Primary School Chadiala. (P),CHADIALA,178051602,,,,315,217,532,,,
MAHMU JOYA,178051609,,,,259,210,469,,,,,
"",TOTAL:-,,,,574,427,1001,1,1,2,,
CHAK BHARAT,178051603,,,,87,62,149,,,,,
KOTLI BHUTA,178051608,,,,186,133,319,,,,,
MAL CHHAN,178051610,,,,323,238,561,,,,,
MAMARA MALKA,178051611,,,,151,98,249,,,,,
120,GovernmentGirls Primary School Chong Pur. (P),CHONG (CHOGH) PUR,178051604,,,,493,392,885,,,
"",,CHONG (CHOGH) PUR,178051605,,,,172,146,318,,,
"",,,TOTAL:-,,,,665,538,1203,1,1,2
121,GovernmentBoys Primary School Saggar. (P),SAGGAR,178051612,,,,551,395,946,,,
"",,,TOTAL:-,,,,551,395,946,1,1,2
122,Government Girls Primary School Baghal Mahal. (P),BAGHAL MAHAL,178051701,,,,492,370,862,,,
"",,MAHAL BHEELO,178051702,,,,98,85,183,,,
"",,,TOTAL:-,,,,590,455,1045,1,1,2
123,Govt. Girls High School Kharota Syedan(Male) (P),KHAROTA,178051703,,,,816,,816,,,
"",,KHAROTA,178051704,,,,474,,474,,,
"",,KHAROTA,178051705,,,,439,,439,,,
"",,,TOTAL:-,,,,1729,,1729,3,,3
124,Govt Girls High School Kharota Syedan (Female)(P),KHAROTA,178051703,,,,,649,649,,,
"",,KHAROTA,178051704,,,,,410,410,,,
"",,KHAROTA,178051705,,,,,401,401,,,
"",,,TOTAL:-,,,,,1460,1460,,2,2
125,Govt Boys High School Kharota Syedan (Male) (P),JAI RAM PUR,178051706,,,,240,,240,,,
"",,JAI RAM PUR,178051716,,,,182,,182,,,
"",,JAI RAM PUR,178051707,,,,227,,227,,,
"",,JAI RAM PUR,178051717,,,,47,,47,,,
"",,JAI RAM PUR,178051708,,,,410,,410,,,
"",,JAI RAM PUR,178051709,,,,229,,229,,,
"",,,TOTAL:-,,,,1335,,1335,2,,2
126,Govt Boys High School Kharota Syedan (Female) (P),JAI RAM PUR,178051706,,,,,189,189,,,
"",,JAI RAM PUR,178051716,,,,,103,103,,,
"",,JAI RAM PUR,178051707,,,,,165,165,,,
"",,JAI RAM PUR,178051717,,,,,46,46,,,
"",,JAI RAM PUR,178051708,,,,,345,345,,,
"",,JAI RAM PUR,178051709,,,,,201,201,,,
"",,,TOTAL:-,,,,,1049,1049,,2,2
127,Govt Boys High School Kharota Syedan (Male) (P),JAI RAM PUR,178051710,,,,647,,647,,,
"",,JAI RAM PUR,178051711,,,,476,,476,,,
"",,JAI RAM PUR,178051712,,,,265,,265,,,
"",,JAI RAM PUR,178051718,,,,148,,148,,,
"",,,TOTAL:-,,,,1536,,1536,2,,2
128,Govt Boys High School Kharota Syedan (Female) (P),JAI RAM PUR,178051710,,,,,568,568,,,
JAI RAM PUR,178051711,,,,,425,425,,,,,
JAI RAM PUR,178051712,,,,,236,236,,,,,
JAI RAM PUR,178051718,,,,,116,116,,,,,
"",TOTAL:-,,,,,1345,1345,,2,2,,
129,Government Girls High Schooll Marakiwal.(Male),JAI RAM PUR,178051714,,,,415,,415,,,
"",,JAI RAM PUR,178051715,,,,233,,233,,,
"",,,TOTAL:-,,,,961,,961,2,,2
130,Government Girls High Schooll Marakiwal.(Female),JAI RAM PUR,178051713,,,,,205,205,,,
"",,JAI RAM PUR,178051714,,,,,455,455,,,
"",,JAI RAM PUR,178051715,,,,,160,160,,,
"",,,TOTAL:-,,,,,820,820,,2,2
131,Govt. Model  Primary School Sarhali (P),KAHKWAL,178051802,,,,271,201,472,,,
"",,SARHALI,178051803,,,,721,533,1254,,,
"",,,TOTAL:-,,,,992,734,1726,2,2,4
132,Government Girls Elementary School  Hadali.(Male)(P),GARH RUPPA,178051804,,,,251,,251,,,
"",,HADALI,178051807,,,,725,,725,,,
"",,HADALI,178051808,,,,283,,283,,,
"",,,TOTAL:-,,,,1259,,1259,2,,2
133,Government Boys Primery School  Hadali. (Female),GARH RUPPA,178051804,,,,,167,167,,,
"",,HADALI,178051807,,,,,556,556,,,
"",,HADALI,178051808,,,,,202,202,,,
"",,,TOTAL:-,,,,,925,925,,2,2
134,Govt Girls Primary School Rum. (P),RUM,178051805,,,,754,603,1357,,,
"",,,TOTAL:-,,,,754,603,1357,1,1,2
135,Government Girls Primary School Pindi Mandla. (P),PINDI MANDLA,178051806,,,,640,457,1097,,,
"",,,TOTAL:-,,,,640,457,1097,1,1,2
136,"Govt Boys  Higher Secondery SchoolS Kotli Loharan East(Male) (P)",,,Mohllah Ghalian.,178080101,,861,,861,,,
"",,,,Mohllah Ghalian.,178080107,,282,,282,,,
"",,,,,TOTAL:-,,1143,,1143,2,,2
137,"Govt Girls  Elementary School Kotli Loharan East(Female) (P)",,,Mohllah Ghalian.,178080101,,,772,772,,,
"",,,,Mohllah Ghalian.,178080107,,,176,176,,,
"",,,,,TOTAL:-,,,948,948,,2,2
138,"Govt Boys  Higher Secondery SchoolS Kotli Loharan East(P)",,,Mohallah Kashmiri,178080102,,673,554,1227,,,
"",,,,,TOTAL:-,,673,554,1227,1,1,2
139,"Govt Boys  Higher Secondery SchoolS Kotli Loharan East(Male) (P)",,,Mohllah Mashrqi,178080103,,630,,630,,,
"",,,,Mohllah Joharwali,a1s7h8r0iq8i0104,,592,,592,,,
"",,,,,TOTAL:-,,1222,,1222,2,,2
140,"Govt Girls  Elementary School Kotli Loharan East(Female) (P)",,,Mohllah Mashrqi,178080103,,,499,499,,,
"",,,,Mohllah Joharwali,a1s7h8r0iq8i0104,,,467,467,,,
"",,,,,TOTAL:-,,,966,966,,2,2
141,"Govt Boys  Higher Secondery SchoolS Kotli Loharan East(Male) (P)",,,Mohallah Hakiman,1a7sh8r0q8i0105,,604,,604,,,
"",,Mohallah Balowal,178080106,,747,,747,,,,,
"",,,TOTAL:-,,1351,,1351,2,,2,,
142,(P),,,Mohallah Balowal,178080106,,,597,597,,,
"",,,,,TOTAL:-,,,1137,1137,,2,2
143,"GovernmentGirls .Zenab High SchoolS Kotli LoharanLegowal  (P)",,,Mohallah Nakowal,a1i7 A8b0a8d0i201,,525,444,969,,,
"",,,,Mohallah Nakowal,a1i7 A8b0a8d0i205,,354,229,583,,,
"",,,,,TOTAL:-,,879,673,1552,2,1,3
144,"GovernmentGirls .Zenab High SchoolS Kotli LoharanLegowal (Male) (P)",,,Mohallah Nakowal,a1i7 A8b0a8d0i202,,615,,615,,,
"",,,,Marrala Road,178080203,,397,,397,,,
"",,,,Mohallah Nakhowal,178080204,,418,,418,,,
"",,,,,TOTAL:-,,1430,,1430,2,,2
145,"Government Girls Primary School Kotli Loharan Maghrbi.(Female)  (P)",,,Mohallah Nakowal,a1i7 A8b0a8d0i202,,,545,545,,,
"",,,,Marrala Road,178080203,,,314,314,,,
"",,,,Mohallah Nakhowal,178080204,,,295,295,,,
"",,,,,TOTAL:-,,,1154,1154,,2,2
146,"GovernmentGirls Zenab High SchoolS Kotli LoharanLegowal (Male) (P)",,,Magrbi Mohallah N,k1o7w8a0l80301,,759,,759,,,
"",,,,MohallahBalowal M,g1r7b8i080302,,906,,906,,,
"",,,,,TOTAL:-,,1665,,1665,3,,3
147,"Government Boys Primary School Kotli Loharan Maghrbi(Female) (P)",,,Magrbi Mohallah N,k1o7w8a0l80301,,,666,666,,,
"",,,,MohallahBalowal M,g1r7b8i080302,,,757,757,,,
"",,,,,TOTAL:-,,,1423,1423,,3,3
148,"GovernmentGirls Zenab High SchoolS Kotli LoharanLegowal (Male) (P)",,,Mohallah Legwan,178080303,,521,,521,,,
"",,,,Mohallah Legwan,178080304,,447,,447,,,
"",,,,,TOTAL:-,,968,,968,2,,2
149,"Government Boys Primary School Kotli Loharan Maghrbi(Female) (P)",,,Mohallah Legwan,178080303,,,487,487,,,
"",,,,Mohallah Legwan,178080304,,,404,404,,,
"",,,,,TOTAL:-,,,891,891,,2,2
150,Government Model Primary School  Jhang. (P),JHANG,178060101,,,,489,269,758,,,
"",,,TOTAL:-,,,,489,269,758,1,1,2
151,Government Girls Primary School Chak Pondrah. (P),CHAK PONDRAH,178060102,,,,325,204,529,,,
"",,KHAIRI,178060103,,,,112,63,175,,,
"",,,TOTAL:-,,,,437,267,704,1,1,2
152,Government Boys Elementary Schooll Luni. (P),RAHAL,178060104,,,,84,42,126,,,
KANDAL,178060105,,,,97,63,160,,,,,
LOONI,178060201,,,,415,261,676,,,,,
LOONI,178060202,,,,274,158,432,,,,,
"",TOTAL:-,,,,870,524,1394,1,1,2,,
CHHANI DHERU,178060203,,,,62,54,116,,,,,
DERA,178060204,,,,231,143,374,,,,,
CHAK BHARAT,178060205,,,,73,34,107,,,,,
SUKHIAL,178060206,,,,200,145,345,,,,,
BADSER,178060207,,,,270,171,441,,,,,
154,Government Boys Elementary Schooll Kachi Mand. (P),KACHHI MAND,178060301,,,,724,510,1234,,,
"",,BALI PUR,178060302,,,,257,179,436,,,
"",,Chak Chandar,178060303,,,,0,0,0,,,
"",,,TOTAL:-,,,,981,689,1670,2,1,3
155,Government Model Primary School Bhatoli. (P),BHATOLI BARHAMANAN,178060304,,,,177,122,299,,,
"",,SAHOTI,178060305,,,,478,279,757,,,
"",,,TOTAL:-,,,,655,401,1056,1,1,2
156,"Government Girls Community Model School  ChakSanthal. (Male) (P)",BARHIMTIAL,178060401,,,,512,,512,,,
"",,CHAK SANTAL,178060404,,,,634,,634,,,
"",,CHAK SANTAL,178060405,,,,455,,455,,,
"",,,TOTAL:-,,,,1601,,1601,3,,3
157,Government Boys Primery School  Chak Santhal.(Female),BARHIMTIAL,178060401,,,,,405,405,,,
"",,CHAK SANTAL,178060404,,,,,519,519,,,
"",,CHAK SANTAL,178060405,,,,,265,265,,,
"",,,TOTAL:-,,,,,1189,1189,,2,2
158,Government Model Primary School Kahalian (P),KAHALIAN,178060402,,,,374,271,645,,,
"",TOTAL:-,,,,374,271,645,1,1,2,,
SHAH PUR,178060403,,,,441,309,750,,,,,
160,Government Boys Primary School Chak Nao. (P),DHAN KOT,178060501,,,,4,0,4,,,
"",,CHAK NAO,178060502,,,,16,16,32,,,
"",,CHANNOR,178060503,,,,588,399,987,,,
"",,MARHAL,178060504,,,,106,83,189,,,
"",,,TOTAL:-,,,,714,498,1212,1,1,2
161,"GovernmentBoys Elementary Schooll PulBajwan.(Male)(P)",PUL BAJWAN,178060505,,,,572,,572,,,
"",,PUL BAJWAN,178060506,,,,708,,708,,,
"",,PUL BAJWAN,178060507,,,,265,,265,,,
"",,CHHANI HAMTO,178060509,,,,0,,0,,,
"",,,TOTAL:-,,,,1545,,1545,2,,2
162,"Government Community Model Schooll PulBajwan.(Female)(P)",PUL BAJWAN,178060505,,,,,447,447,,,
"",,PUL BAJWAN,178060506,,,,,571,571,,,
"",,PUL BAJWAN,178060507,,,,,200,200,,,
"",,CHHANI HAMTO,178060509,,,,,0,0,,,
"",,,TOTAL:-,,,,,1218,1218,,2,2
163,Government Girls Primary School Pindi Bajwan. (P),PINDI BAJWAN,178060508,,,,438,329,767,,,
"",,,TOTAL:-,,,,438,329,767,1,1,2
164,Government Boys Primary School Chak Khoja. (P),CHAK KHOJA,178060601,,,,664,473,1137,,,
"",,SAPWAL,178060604,,,,56,47,103,,,
"",,,TOTAL:-,,,,720,520,1240,1,1,2
165,Government Girls Primary School Gid Pur. (P),GID PUR,178060602,,,,618,458,1076,,,
"",,,TOTAL:-,,,,618,458,1076,1,1,2
166,Government Girls Primary School Seerh. (P),KOTLI MANALIAN,178060603,,,,323,214,537,,,
"",,SIRH,178060605,,,,512,332,844,,,
"",,,TOTAL:-,,,,835,546,1381,1,1,2
167,Government Girls Primary School Kotli Dilpatian. (P),BADI-UZAMAN,178060701,,,,1,0,1,,,
"",,GADIAL,178060702,,,,95,62,157,,,
"",,JANGLORA,178060703,,,,223,140,363,,,
"",,KOTLI DILPATIAN,178060705,,,,205,154,359,,,
"",,,TOTAL:-,,,,524,356,880,1,1,2
168,Government Girls Primary School Kakran. (P),KAKRAN,178060704,,,,612,465,1077,,,
"",,,TOTAL:-,,,,612,465,1077,1,1,2
169,Government Boys High School Phuklian. (P),PHOKALIAN,178060706,,,,614,442,1056,,,
"",,PHOKALIAN,178060707,,,,397,312,709,,,
"",,,TOTAL:-,,,,1011,754,1765,2,2,4
170,Government Girls Primary School Marwal. (P),AJWAL,178060801,,,,57,38,95,,,
EMIN PUR,178060802,,,,25,18,43,,,,,
KEHKWAL,178060804,,,,104,51,155,,,,,
MARWAL,178060805,,,,419,309,728,,,,,
"",TOTAL:-,,,,605,416,1021,1,1,2,,
171,Government Girls Primary School Hail Bajwan. (P),HAIL BAJWAN,178060806,,,,608,424,1032,,,
"",,HAIL BAJWAN,178060807,,,,202,131,333,,,
"",,,TOTAL:-,,,,839,576,1415,1,1,2
172,Government Girls Elementary School Bhains (P),BHAINS,178060901,,,,401,270,671,,,
"",,BELI,178061001,,,,244,162,406,,,
"",,,TOTAL:-,,,,645,432,1077,1,1,2
173,Government Model Primary School Bajwal  (P),BHAJWAL,178060902,,,,260,167,427,,,
"",,DIAWRA,178060903,,,,299,213,512,,,
"",,,TOTAL:-,,,,559,380,939,1,1,2
174,Government Boys Primary School Joog. (P),JOOG,178060904,,,,209,114,323,,,
"",,KULIAL,178060905,,,,114,70,184,,,
"",,,TOTAL:-,,,,323,184,507,1,1,2
175,Government Girls Primary School Gangwal. (P),PAPIN,178060906,,,,57,40,97,,,
"",,GANGWAL,178061201,,,,190,118,308,,,
"",,SIKA,178061202,,,,179,116,295,,,
"",,,TOTAL:-,,,,426,274,700,1,1,2
176,Government Boys Elementary School Wadgram. (P),CHHANI KHIZAR PUR,178061002,,,,0,0,0,,,
"",,GHAZI PUR,178061003,,,,108,76,184,,,
"",,GURO KHAIR,178061004,,,,0,0,0,,,
"",,WADGRAN,178061005,,,,317,236,553,,,
"",,WADGRAN,178061006,,,,199,126,325,,,
"",,,TOTAL:-,,,,624,438,1062,1,1,2
177,Government Girls Primary School Mahal (Maisyal) (P),BELA BECHIRAGH,178061101,,,,45,19,64,,,
"",,FEROZ PUR,178061102,,,,0,0,0,,,
"",,JHOMIAN BAJWAN,178061103,,,,72,53,125,,,
"",,KANDO CHAK,178061104,,,,11,9,20,,,
"",,MAHAL (MISYAL),178061105,,,,533,420,953,,,
"",,PIND BHILO,178061106,,,,37,17,54,,,
"",,PANJGARIAN,178061107,,,,0,0,0,,,
"",,,TOTAL:-,,,,698,518,1216,1,1,2
178,Government Boys Primary School Zinda. (P),ZINDA,178061203,,,,321,296,617,,,
"",TOTAL:-,,,,321,296,617,1,1,2,,
KHALIL PUR,178061301,,,,529,412,941,,,,,
SAMBLI JATTAN,178061302,,,,0,1,1,,,,,
SAROCH,178061303,,,,0,0,0,,,,,
DARYA,178061304,,,,0,0,0,,,,,
BECHO BHAU,178061305,,,,0,0,0,,,,,
CHAK BHAGWAN,178061306,,,,0,0,0,,,,,
CHAK BADYA,178061401,,,,0,0,0,,,,,
CHAK PANGYAR,178061402,,,,0,0,0,,,,,
DHONGI,178061403,,,,0,0,0,,,,,
"",,HAIL MINHASAN,178061405,,,,48,28,76,,,
"",,KHANO BHAU,178061406,,,,0,0,0,,,
"",,SAMBLI RAI,178061407,,,,0,1,1,,,
"",,BHALIAL,178061501,,,,0,0,0,,,
"",,MARCHOLA,178061502,,,,0,0,0,,,
"",,NADALA,178061503,,,,1,0,1,,,
"",,,TOTAL:-,,,,578,442,1020,1,1,2
180,Government Girls Primary School Matanwala (Male) (P),MATAN WALA,178010101,,,,742,,742,,,
"",,MATAN WALA,178010102,,,,650,,650,,,
"",,,TOTAL:-,,,,1392,,1392,2,,2
181,Government Girls High School Matanwala (Female) (P),MATAN WALA,178010101,,,,,537,537,,,
"",,MATAN WALA,178010102,,,,,455,455,,,
"",,,TOTAL:-,,,,,992,992,,2,2
182,Government Girls High School Matanwala.(P),MATAN WALA,178010103,,,,428,325,753,,,
"",,,TOTAL:-,,,,428,325,753,1,1,2
183,Basic Health Unit Chouni Sulehrian.(Male) (P),CANTT. SULHRIAN,178010104,,,,573,,573,,,
"",,CANTT. SULHRIAN,178010105,,,,708,,708,,,
"",,,TOTAL:-,,,,1281,,1281,2,,2
184,"Governemt Model Elementry School ChouniSulehrian.(Female)",CANTT. SULHRIAN,178010104,,,,,414,414,,,
"",,CANTT. SULHRIAN,178010105,,,,,626,626,,,
"",,,TOTAL:-,,,,,1040,1040,,2,2
185,Government Model Primary School Lakhan Pur.,LAKKAN PUR,178010106,,,,477,327,804,,,
"",,,TOTAL:-,,,,477,327,804,1,1,2
186,Government Model Primary School Sadrana. (P),SANDRANA,178010107,,,,353,262,615,,,
"",,SANDRANA,178010108,,,,607,435,1042,,,
"",,,TOTAL:-,,,,960,697,1657,2,1,3
187,"Government Boys Elementrey School Noor Pura (DheeraSandha) (P)",DHERA SANDHA,178010109,,,,647,449,1096,,,
"",,,TOTAL:-,,,,647,449,1096,1,1,2
188,"Government Boys Elementary School Dhera Sandha.(Male) (P)",DHERA SANDHA,178010110,,,,607,,607,,,
"",,DHERA SANDHA,178010111,,,,509,,509,,,
"",,DHERA SANDHA,178010112,,,,504,,504,,,
"",,,TOTAL:-,,,,1620,,1620,3,,3
189,"Government Boys Elementary School Dhera Sandha.(Female) (P)",DHERA SANDHA,178010110,,,,,495,495,,,
"",,DHERA SANDHA,178010111,,,,,389,389,,,
"",,DHERA SANDHA,178010112,,,,,429,429,,,
"",,,TOTAL:-,,,,,1313,1313,,2,2
190,Government Model Primary School Parag Pur. (P),PARAG PUR,178010201,,,,713,572,1285,,,
"",TOTAL:-,,,,713,572,1285,1,1,2,,
GUJRAN WALA,178010202,,,,698,562,1260,,,,,
192,Government Boys Primary School Kot Mandianwala. (P),KOT MANDIAN WALA,178010203,,,,967,837,1804,,,
"",,,TOTAL:-,,,,967,837,1804,2,2,4
193,Government Girls Primary School Kotli Har Narainan. (P),KOTLI HAR NARAIAN,178010204,,,,454,351,805,,,
"",,KISHAN PURA,178010205,,,,315,265,580,,,
"",,,TOTAL:-,,,,769,616,1385,1,1,2
194,"Government Boys Elementary Schooll Partanwali(Male)(P)",PARTAN WALI,178010301,,,,677,,677,,,
"",,PARTAN WALI,178010302,,,,445,,445,,,
"",,PARTAN WALI,178010303,,,,315,,315,,,
"",,,TOTAL:-,,,,1437,,1437,2,,2
195,Government Girls High School Partanwali(Female) (P),PARTAN WALI,178010301,,,,,515,515,,,
"",,PARTAN WALI,178010302,,,,,330,330,,,
"",,PARTAN WALI,178010303,,,,,240,240,,,
"",,,TOTAL:-,,,,,1085,1085,,2,2
196,Government Model Primary School Rehmat Abad. (P),PARTAN WALI,178010304,,,,465,361,826,,,
PARTAN WALI,178010305,,,,264,213,477,,,,,
"",TOTAL:-,,,,729,574,1303,1,1,2,,
AKEWALI,178010306,,,,463,307,770,,,,,
198,Government Model Primary School Bhaniwali.  (P),BHANE WALI,178010307,,,,900,731,1631,,,
"",,,TOTAL:-,,,,900,731,1631,2,1,3
199,Government Girls Elementry School  Kot Kora. (P),KOT KORA,178010308,,,,567,416,983,,,
"",,,TOTAL:-,,,,567,416,983,1,1,2
200,Government Model Primary School Anjotar. (P),ANJOTAR,178010401,,,,280,195,475,,,
"",,ANJOTAR,178010402,,,,240,170,410,,,
"",,ANJOTAR,178010403,,,,480,370,850,,,
"",,,TOTAL:-,,,,1000,735,1735,2,2,4
201,"Government Model School Chrind. (Male-Portion)(Male) (P)",CHARIND,178010404,,,,777,,777,,,
"",,CHARIND,178010405,,,,393,,393,,,
"",,,TOTAL:-,,,,1170,,1170,2,,2
202,"Government Model School Chrind. (Female-Portion)(Female) (P)",CHARIND,178010404,,,,,626,626,,,
"",,CHARIND,178010405,,,,,305,305,,,
"",,,TOTAL:-,,,,,931,931,,2,2
203,"Government Model Elementry School KotlaAmbanwala.(Male-Portion)(Male)(P)",KOTLA,178010406,,,,240,,240,,,
"",,KOTLA,178010407,,,,234,,234,,,
"",,KOTLA,178010408,,,,696,,696,,,
"",,KOTLA,178010409,,,,278,,278,,,
"",,,TOTAL:-,,,,1448,,1448,2,,2
204,"Government Model Elementry School KotlaAmbanwala.(Female-Portion)(Male)(P)",KOTLA,178010406,,,,,200,200,,,
"",,KOTLA,178010407,,,,,176,176,,,
"",,KOTLA,178010408,,,,,573,573,,,
"",,KOTLA,178010409,,,,,197,197,,,
"",,,TOTAL:-,,,,,1146,1146,,2,2
205,"Government Girls Primary School Bhikho Chour.(Male)(P)",BHIKO CHUR,178010410,,,,883,,883,,,
"",,BHIKO CHUR,178010411,,,,649,,649,,,
"",,BHIKO CHUR,178010412,,,,166,,166,,,
"",,BHIKO CHUR,178010413,,,,0,,0,,,
"",,,TOTAL:-,,,,1698,,1698,3,,3
206,"Government Girls Primary School Bhikho Chour.(Female)(P)",BHIKO CHUR,178010410,,,,,740,740,,,
"",,BHIKO CHUR,178010411,,,,,456,456,,,
"",,BHIKO CHUR,178010412,,,,,141,141,,,
"",,BHIKO CHUR,178010413,,,,,0,0,,,
"",,,TOTAL:-,,,,,1337,1337,,2,2
207,Government Boys High School Channu Moom.(Male) (P),CHANUN MOM,178010414,,,,350,,350,,,
CHANUN MOM,178010415,,,,454,,454,,,,,
CHANUN MOM,178010416,,,,455,,455,,,,,
CHANUN MOM,178010417,,,,485,,485,,,,,
"",TOTAL:-,,,,1744,,1744,3,,3,,
CHANUN MOM,178010414,,,,,311,311,,,,,
208,(P),CHANUN MOM,178010416,,,,,350,350,,,
"",,CHANUN MOM,178010417,,,,,388,388,,,
"",,,TOTAL:-,,,,,1501,1501,,3,3
209,Government Girls Primary School Akbar abad.(Male) (P),AKBAR ABAD,178010418,,,,340,,340,,,
"",,AKBAR ABAD,178010445,,,,354,,354,,,
"",,AKBAR ABAD,178010419,,,,491,,491,,,
"",,AKBAR ABAD,178010422,,,,355,,355,,,
"",,,TOTAL:-,,,,1540,,1540,2,,2
210,"Government Girls Primary School Akbar abad.(Female)(P)",AKBAR ABAD,178010418,,,,,242,242,,,
"",,AKBAR ABAD,178010445,,,,,283,283,,,
"",,AKBAR ABAD,178010419,,,,,374,374,,,
"",,AKBAR ABAD,178010422,,,,,271,271,,,
"",,,TOTAL:-,,,,,1170,1170,,2,2
211,Government Boys Primary School Akbar abad. (Male) (P),AKBAR ABAD,178010420,,,,540,,540,,,
"",,AKBAR ABAD,178010421,,,,525,,525,,,
"",,,TOTAL:-,,,,1065,,1065,2,,2
212,"GovernmentBoys Primary School Akbar abad. (Female)(P)",AKBAR ABAD,178010420,,,,,431,431,,,
AKBAR ABAD,178010421,,,,,425,425,,,,,
"",TOTAL:-,,,,,856,856,,2,2,,
NAWAN PIND,178010423,,,,450,,450,,,,,
NAWAN PIND,178010441,,,,227,,227,,,,,
NAWAN PIND,178010424,,,,421,,421,,,,,
NAWAN PIND,178010442,,,,66,,66,,,,,
NAWAN PIND,178010443,,,,108,,108,,,,,
NAWAN PIND,178010444,,,,11,,11,,,,,
214,"Government Boys Primery School Nawan Pind. (Female)(P)",NAWAN PIND,178010423,,,,,345,345,,,
"",,NAWAN PIND,178010441,,,,,207,207,,,
"",,NAWAN PIND,178010424,,,,,395,395,,,
"",,NAWAN PIND,178010442,,,,,48,48,,,
"",,NAWAN PIND,178010443,,,,,88,88,,,
"",,NAWAN PIND,178010444,,,,,8,8,,,
"",,,TOTAL:-,,,,,1091,1091,,2,2
215,Government Girls High School Nawan Pind. (Male) (P),NAWAN PIND,178010425,,,,330,,330,,,
"",,NAWAN PIND,178010426,,,,265,,265,,,
"",,NAWAN PIND,178010427,,,,446,,446,,,
"",,NAWAN PIND,178010428,,,,287,,287,,,
"",,NAWAN PIND,178010429,,,,335,,335,,,
"",,,TOTAL:-,,,,1663,,1663,3,,3
216,"Government Boys Primary School Nawan Pind. (Female)(P)",NAWAN PIND,178010425,,,,,275,275,,,
"",,NAWAN PIND,178010426,,,,,202,202,,,
"",,NAWAN PIND,178010427,,,,,345,345,,,
"",,NAWAN PIND,178010428,,,,,228,228,,,
"",,NAWAN PIND,178010429,,,,,253,253,,,
"",,,TOTAL:-,,,,,1303,1303,,2,2
217,Basic Health UnitBhadal.(Male) (P),BADHAL,178010430,,,,286,,286,,,
"",,BADHAL,178010431,,,,766,,766,,,
"",,BADHAL,178010432,,,,548,,548,,,
"",,,TOTAL:-,,,,1600,,1600,3,,3
218,Government Girls High School Bhadal. (Female),BADHAL,178010430,,,,,196,196,,,
"",,BADHAL,178010431,,,,,610,610,,,
"",,BADHAL,178010432,,,,,423,423,,,
"",,,TOTAL:-,,,,,1229,1229,,2,2
219,Government Boys High School Pacci Kotli. (Male)  (P),PACCI KOTLI,178010433,,,,280,,280,,,
"",,PACCI KOTLI,178010434,,,,297,,297,,,
"",,PACCI KOTLI,178010435,,,,283,,283,,,
"",,PACCI KOTLI,178010436,,,,375,,375,,,
"",,,TOTAL:-,,,,1235,,1235,2,,2
220,Government Boys High School Pacci Kotli.(Female)  (P),PACCI KOTLI,178010433,,,,,171,171,,,
"",,PACCI KOTLI,178010434,,,,,252,252,,,
"",,PACCI KOTLI,178010435,,,,,207,207,,,
"",,PACCI KOTLI,178010436,,,,,315,315,,,
"",,,TOTAL:-,,,,,945,945,,2,2
221,Government Boys High School Pacci Kotli.  (P),PACCI KOTLI,178010437,,,,819,645,1464,,,
"",TOTAL:-,,,,819,645,1464,1,1,2,,
PACCI KOTLI,178010438,,,,466,,466,,,,,
PACCI KOTLI,178010439,,,,499,,499,,,,,
"",,,TOTAL:-,,,,1249,,1249,2,,2
223,"Government Girls Elementry School Pacci Kotli. (Female)(P)",PACCI KOTLI,178010438,,,,,384,384,,,
"",,PACCI KOTLI,178010439,,,,,378,378,,,
"",,PACCI KOTLI,178010440,,,,,216,216,,,
"",,,TOTAL:-,,,,,978,978,,2,2
224,Government  Boys High School Kotli Amir Ali.(Male)(P),MOGHALANWALI,178010501,,,,387,,387,,,
"",,KOTLI AMIR ALI,178010502,,,,383,,383,,,
"",,SYEDDANWALI,178010508,,,,386,,386,,,
"",,,TOTAL:-,,,,1156,,1156,2,,2
225,Government  Boys High School Kotli Amir Ali.(Female)(P),MOGHALANWALI,178010501,,,,,330,330,,,
"",,KOTLI AMIR ALI,178010502,,,,,334,334,,,
"",,SYEDDANWALI,178010508,,,,,324,324,,,
"",,,TOTAL:-,,,,,988,988,,2,2
226,"Government Model Primary School Sadra Badra.(Male-Portion)(Male) (P)",SADRAH BADRAH,178010503,,,,809,,809,,,
"",,SADRAH BADRAH,178010504,,,,261,,261,,,
"",,,TOTAL:-,,,,1070,,1070,2,,2
227,"Government Model Primary School Sadra Badra.(Female-Portion)(Female) (P)",SADRAH BADRAH,178010503,,,,,692,692,,,
"",,SADRAH BADRAH,178010504,,,,,221,221,,,
"",,,TOTAL:-,,,,,913,913,,2,2
228,Government Girls High School Miani (Male) (P),MIANI,178010505,,,,560,,560,,,
"",,MIANI,178010506,,,,804,,804,,,
"",,,TOTAL:-,,,,1364,,1364,2,,2
229,Government Girls High School Miani (Female) (P),MIANI,178010505,,,,,396,396,,,
"",,MIANI,178010506,,,,,654,654,,,
"",,,TOTAL:-,,,,,1050,1050,,2,2
230,Government Boys Primary School Miani. (P),MIANI,178010507,,,,596,497,1093,,,
"",,,TOTAL:-,,,,596,497,1093,1,1,2
231,Government Boys High School Ladhar  (P),LADHAR,178010601,,,,808,514,1322,,,
"",,,TOTAL:-,,,,808,514,1322,1,1,2
232,Government Boys High School Ladhar (Male) (P),LADHAR,178010602,,,,420,,420,,,
"",,LADHAR,178010603,,,,275,,275,,,
"",,LADHAR,178010604,,,,548,,548,,,
"",,,TOTAL:-,,,,1243,,1243,2,,2
233,Government Girls Primary School Ladhar (Female) (P),LADHAR,178010602,,,,,345,345,,,
LADHAR,178010603,,,,,211,211,,,,,
LADHAR,178010604,,,,,410,410,,,,,
"",TOTAL:-,,,,,966,966,,2,2,,
HUNDAL,178010605,,,,151,88,239,,,,,
HUNDAL,178010606,,,,257,173,430,,,,,
"",,,TOTAL:-,,,,805,543,1348,1,1,2
235,Government Boys Elementary School Hundal (Male) (P),HUNDAL,178010608,,,,390,,390,,,
"",,HUNDAL,178010609,,,,672,,672,,,
"",,HUNDAL,178010610,,,,194,,194,,,
"",,HUNDAL,178010611,,,,384,,384,,,
"",,,TOTAL:-,,,,1640,,1640,3,,3
236,"Government Boys Elementary School Hundal (Female)(P)",HUNDAL,178010608,,,,,250,250,,,
"",,HUNDAL,178010609,,,,,458,458,,,
"",,HUNDAL,178010610,,,,,124,124,,,
"",,HUNDAL,178010611,,,,,304,304,,,
"",,,TOTAL:-,,,,,1136,1136,,2,2
237,Government Girls Primary School Chak Gillan. (P),CHAK GILLAN,178010612,,,,195,145,340,,,
"",,CHAK GILLAN,178010613,,,,400,262,662,,,
"",,KALEWALI,178010616,,,,234,196,430,,,
"",,SIRAJWALI,178010617,,,,178,123,301,,,
"",,,TOTAL:-,,,,1007,726,1733,2,2,4
238,Government Model Primary School Gato Rora. (P),GHATTO RORA,178010614,,,,218,132,350,,,
"",,GHATTO RORA,178010615,,,,672,516,1188,,,
"",,,TOTAL:-,,,,890,648,1538,1,1,2
239,"Government Boys Primary School Chak Malay Purana.(P)",CHAK MULLA PURANA,178030501,,,,641,453,1094,,,
"",,,TOTAL:-,,,,641,453,1094,,,
240,"Government Boys Primary School Chak Malay Nawan.(P)",CHAK MULLANWAN,178030502,,,,337,253,590,,1,1
"",,CHAK MULLANWAN,178030503,,,,267,203,470,,,
"",,,TOTAL:-,,,,604,456,1060,1,1,2
241,"Government Girls Elementary School Bhago Bhattian.(P)",KALU PIARA,178030504,,,,266,221,487,,,
"",,SABU SANDA,178030505,,,,342,293,635,,,
"",,BHAGO BHATTI,178030611,,,,290,208,498,,,
"",,,TOTAL:-,,,,898,722,1620,2,1,3
242,Government Model Primary School  Urra  (P),ORA,178030506,,,,676,547,1223,,,
"",,,TOTAL:-,,,,676,547,1223,1,1,2
243,Government Model Primary School  Urra (Male) (P),ORA,178030507,,,,308,,308,,,
"",,ORA,178030508,,,,472,,472,,,
"",,ORA,178030509,,,,321,,321,,,
"",,,TOTAL:-,,,,1101,,1101,2,,2
244,Government Model Primary School Urra (Female) (P),ORA,178030507,,,,,207,207,,,
ORA,178030508,,,,,424,424,,,,,
ORA,178030509,,,,,233,233,,,,,
"",TOTAL:-,,,,,864,864,,2,2,,
SAHOWALI,178030601,,,,852,,852,,,,,
SAHOWALI,178030602,,,,223,,223,,,,,
246,Government Boys Primery School Sahowali. (Female) (P),SAHOWALI,178030601,,,,,673,673,,,
"",,SAHOWALI,178030602,,,,,188,188,,,
"",,,TOTAL:-,,,,,861,861,,2,2
247,"Government Boys Elementary School Langrialli (Male)(P)",LANGRIALI,178030603,,,,307,,307,,,
"",,LANGRIALI,178030604,,,,944,,944,,,
"",,LANGRIALI,178030607,,,,363,,363,,,
"",,,TOTAL:-,,,,1614,,1614,3,,3
248,"Government Boys Elementary School Langrialli (Female)(P)",LANGRIALI,178030603,,,,,245,245,,,
"",,LANGRIALI,178030604,,,,,758,758,,,
"",,LANGRIALI,178030607,,,,,270,270,,,
"",,,TOTAL:-,,,,,1273,1273,,2,2
249,Government Girls High School Langrialli.,LANGRIALI,178030605,,,,207,86,293,,,
"",,LANGRIALI,178030606,,,,427,417,844,,,
"",,,TOTAL:-,,,,634,503,1137,1,1,2
250,Government Girls  Primary School Bhoj Pur. (P),BHOJ PUR,178030608,,,,465,389,854,,,
"",,,TOTAL:-,,,,465,389,854,1,1,2
251,Government Boys Elementary School Bhate kalan (P),BHATE KALAN,178030609,,,,626,534,1160,,,
"",,BHATE KALAN,178030610,,,,302,242,544,,,
"",,,TOTAL:-,,,,928,776,1704,2,2,4
252,Government Girls Primary School Jajje. (P),DHINGLA,178030612,,,,140,96,236,,,
"",,JAJJE,178030613,,,,473,399,872,,,
"",,,TOTAL:-,,,,613,495,1108,1,1,2
253,Government Boys High School Rasul Pur (P),RASUL PUR,178030701,,,,521,406,927,,,
"",,KHOKHAR MASHMULA K,1A7R8030806,,,,109,87,196,,,
"",,,TOTAL:-,,,,630,493,1123,1,1,2
254,Government Girls Primary School Darganwali (P),RAMZAN GARH,178030702,,,,91,44,135,,,
"",,DURGAN WALI,178031302,,,,513,393,906,,,
"",,,TOTAL:-,,,,604,437,1041,1,1,2
255,Government Girls Primary School  Lalokay. (P),NANDI PUR,178030703,,,,378,309,687,,,
"",,LALU KE,178030704,,,,306,264,570,,,
"",,,TOTAL:-,,,,684,573,1257,1,1,2
256,Government Boys Primary School Bhelola  (P),KHOKHAR MASHMULA B,H17LO8030705,,,,85,54,139,,,
"",,BEHLOLA,178030706,,,,728,488,1216,,,
"",,,TOTAL:-,,,,813,542,1355,1,1,2
257,Government Girls Primary School Kharana. (P),MALIKA,178030801,,,,161,127,288,,,
KHARANA,178030805,,,,393,316,709,,,,,
"",TOTAL:-,,,,554,443,997,1,1,2,,
RAJA HARPAL,178030802,,,,669,624,1293,,,,,
DHESIAN,178030804,,,,177,130,307,,,,,
259,Government Boys Primary School Akal Garh . (P),AKAL GARH,178030803,,,,591,380,971,,,
"",,TAKHAR SAPAL,178030807,,,,214,145,359,,,
"",,,TOTAL:-,,,,805,525,1330,1,1,2
260,Government Girls Primary School Khokhar (P),TONGAR,178030901,,,,200,146,346,,,
"",,SOHNDA,178031005,,,,154,115,269,,,
"",,KHOKHAR,178031008,,,,311,215,526,,,
"",,,TOTAL:-,,,,665,476,1141,1,1,2
261,Government Girls Primary School Gahri Bhora. (P),GARHI BHORA,178030902,,,,212,142,354,,,
"",,KARLOP,178030905,,,,575,366,941,,,
"",,HAIDER PUR,178031007,,,,1,0,1,,,
"",,,TOTAL:-,,,,788,508,1296,1,1,2
262,Government Boys Primary School Wahgran. (P),SADRAH,178030903,,,,416,288,704,,,
"",,WAHGRAN,178030904,,,,579,468,1047,,,
"",,,TOTAL:-,,,,995,756,1751,2,2,4
263,Government Girls Elementary School Joiyan (P),UMRAN WALI,178031001,,,,348,247,595,,,
"",,JOYIAN,178031002,,,,249,161,410,,,
"",,JOYIAN,178031003,,,,0,0,0,,,
"",,JOYIAN,178031004,,,,187,149,336,,,
"",,BHELO WAL,178031006,,,,148,90,238,,,
"",,CHANDAR,178031009,,,,135,78,213,,,
"",,,TOTAL:-,,,,1067,725,1792,2,2,4
264,Government Girls Primary School Hari Pur. (P),HARI PUR,178031101,,,,464,407,871,,,
"",,HARI PUR,178031102,,,,310,235,545,,,
"",,,TOTAL:-,,,,774,642,1416,1,1,2
265,Government Boys Primary School Dhandal (P),DENDAL,178031103,,,,193,129,322,,,
"",,BAL,178031106,,,,514,389,903,,,
"",,,TOTAL:-,,,,707,518,1225,1,1,2
266,"Government Girls Elementary School SaiydanWali.(Male) (P)",SAIDAN WALI,178031104,,,,436,,436,,,
"",,SAIDAN WALI,178031105,,,,774,,774,,,
"",,,TOTAL:-,,,,1210,,1210,2,,2
267,Government Boys Primery School Saiydan Wali.(Female),SAIDAN WALI,178031104,,,,,356,356,,,
"",,SAIDAN WALI,178031105,,,,,649,649,,,
"",,,TOTAL:-,,,,,1005,1005,,2,2
268,"Government Boys Elementary School Mallo Chit (Male).(P)",MALHU CHHAT,178031107,,,,701,,701,,,
"",,MALHU CHHAT,178031108,,,,382,,382,,,
"",,,TOTAL:-,,,,1083,,1083,2,,2
269,"Government Girls Elementary School Mallo Chit(Female). (P)",MALHU CHHAT,178031107,,,,,566,566,,,
MALHU CHHAT,178031108,,,,,295,295,,,,,
"",TOTAL:-,,,,,861,861,,2,2,,
RAI PUR,178031201,,,,99,,99,,,,,
"",,RAI PUR,178031203,,,,162,,162,,,
"",,,TOTAL:-,,,,1048,,1048,2,,2
271,"Government Girls Elementary School Rai Pur. (Female)(P)",RAI PUR,178031201,,,,,81,81,,,
"",,RAI PUR,178031202,,,,,666,666,,,
"",,RAI PUR,178031203,,,,,134,134,,,
"",,,TOTAL:-,,,,,881,881,,2,2
272,Government Girls Primary School Gopal Pur (P),GOPAL PUR,178031204,,,,490,426,916,,,
"",,GOPAL PUR,178031205,,,,452,385,837,,,
"",,,TOTAL:-,,,,942,811,1753,2,2,4
273,Government Girls Primary School Kotli Arian. (P),KOTLI ARAIAN,178031206,,,,621,543,1164,,,
"",,CHAK NAWAN,178031211,,,,0,0,0,,,
"",,,TOTAL:-,,,,621,543,1164,1,1,2
274,Government Model Primary School Chak Sada. (P),CHAK SADA,178031207,,,,206,150,356,,,
"",,CHAK SADA,178031208,,,,452,364,816,,,
"",,,TOTAL:-,,,,658,514,1172,1,1,2
275,Government Model Primary School Kaiss (P),KESS,178031209,,,,455,363,818,,,
"",,KESS,178031210,,,,342,268,610,,,
"",,,TOTAL:-,,,,797,631,1428,1,1,2
276,Government Girls Primary School Dharkalian (P),DHARKALI,178031301,,,,597,440,1037,,,
"",,MAHAL MAGRA,178031305,,,,325,192,517,,,
"",,,TOTAL:-,,,,922,632,1554,2,1,3
277,Government Boys Primary School Kotli Jaspal. (P),JASPAL,178031303,,,,330,240,570,,,
"",,MAHAL KOTLI,178031304,,,,183,124,307,,,
"",,RAGNATH PUR,178031306,,,,216,170,386,,,
"",,,TOTAL:-,,,,729,534,1263,1,1,2
278,"Government Girls Primary School Kala Harawan (Male)(P)",KALA HARAWAN,178031307,,,,841,,841,,,
"",,KALA HARAWAN,178031308,,,,59,,59,,,
"",,KALA HARAWAN,178031309,,,,153,,153,,,
"",,,TOTAL:-,,,,1053,,1053,2,,2
279,"Government Girls Primary School Kala Harawan (Female)(P)",KALA HARAWAN,178031307,,,,,601,601,,,
"",,KALA HARAWAN,178031308,,,,,43,43,,,
"",,KALA HARAWAN,178031309,,,,,125,125,,,
"",,,TOTAL:-,,,,,769,769,,2,2
280,Government Boys High SchoolBhagowal. (Male) (P),BHAGOWAL,178031401,,,,308,,308,,,
BHAGOWAL,178031402,,,,504,,504,,,,,
BHAGOWAL,178031403,,,,476,,476,,,,,
"",TOTAL:-,,,,1288,,1288,2,,2,,
BHAGOWAL,178031401,,,,,221,221,,,,,
BHAGOWAL,178031402,,,,,401,401,,,,,
BHAGOWAL,178031403,,,,,354,354,,,,,
282,Government Boys High SchoolBhagowal.  (P),BHAGOWAL,178031404,,,,266,206,472,,,
"",,BHAGOWAL,178031405,,,,364,289,653,,,
"",,NAWADEY,178031407,,,,151,114,265,,,
"",,,TOTAL:-,,,,781,609,1390,1,1,2
283,Government Boys Primary School Gahoga. (P),GAHOGA,178031406,,,,716,470,1186,,,
"",,MAKABIR,178031408,,,,301,187,488,,,
"",,,TOTAL:-,,,,1017,657,1674,2,1,3
284,Government Girls Primary School Ratta Arian. (P),RATTA,178031501,,,,419,282,701,,,
"",,RATTA,178031502,,,,474,229,703,,,
"",,CHAK LOHARAN,178031503,,,,212,132,344,,,
"",,,TOTAL:-,,,,1105,643,1748,2,1,3
285,Government Girls Elementary SchoolWadianwala. (P),WADIAN WALA,178031504,,,,311,230,541,,,
"",,WADIAN WALA,178031505,,,,478,281,759,,,
"",,DAHONDA,178031506,,,,197,114,311,,,
"",,,TOTAL:-,,,,986,625,1611,2,1,3
286,Government Girls Elementary SchoolBharoke  (P),BHROKE,178031601,,,,453,290,743,,,
"",,BHROKE,178031602,,,,378,316,694,,,
"",,,TOTAL:-,,,,831,606,1437,1,1,2
287,Government Girls Primary School Chandar. (P),CHANDAR,178031603,,,,430,259,689,,,
"",,,TOTAL:-,,,,430,259,689,1,1,2
288,Government Girls Primary School Jajjey Ramdas. (P),JAJJEY RAMDAS,178031604,,,,467,306,773,,,
"",,MAHAL JHAWAR,178031605,,,,151,109,260,,,
"",,,TOTAL:-,,,,618,415,1033,1,1,2
289,Government Girls Primary School Sadharwali. (P),SADHARWALI,178031606,,,,105,74,179,,,
"",,SADHARWALI,178031607,,,,544,339,883,,,
"",,,TOTAL:-,,,,649,413,1062,1,1,2
290,Government Girls Elementary School Nedoke. (P),BHONI,178031701,,,,151,102,253,,,
"",,BHONI,178031702,,,,146,134,280,,,
"",,CHAK BIDYA,178031706,,,,211,159,370,,,
"",,NADOKE,178031707,,,,562,391,953,,,
"",,,TOTAL:-,,,,1070,786,1856,2,2,4
291,Government Model Primary School Vinjal. (P),WINJAL,178031703,,,,224,140,364,,,
"",,WINJAL,178031704,,,,444,351,795,,,
"",,,TOTAL:-,,,,668,491,1159,1,1,2
292,"Government Model Elementary SchoolPathanwali.(Male) (P)",CHAK SADHA,178031705,,,,160,,160,,,
PATHAN WALI,178031708,,,,710,,710,,,,,
PATHAN WALI,178031709,,,,250,,250,,,,,
PATHAN WALI,178031710,,,,129,,129,,,,,
"",TOTAL:-,,,,1249,,1249,2,,2,,
CHAK SADHA,178031705,,,,,112,112,,,,,
293,(Female) (P),PATHAN WALI,178031709,,,,,205,205,,,
"",,PATHAN WALI,178031710,,,,,96,96,,,
"",,,TOTAL:-,,,,,965,965,,2,2
294,Government Girls High SchoolGunna Kalan (Male) (P),GUNNA KALAN,178031801,,,,428,,428,,,
"",,GUNNA KALAN,178031802,,,,638,,638,,,
"",,GUNNA KALAN,178031803,,,,258,,258,,,
"",,GUNNA KALAN,178031804,,,,77,,77,,,
"",,GUNNA KALAN,178031805,,,,197,,197,,,
"",,,TOTAL:-,,,,1598,,1598,3,,3
295,Government Girls High SchoolGunna Kalan (Female) (P),GUNNA KALAN,178031801,,,,,309,309,,,
"",,GUNNA KALAN,178031802,,,,,509,509,,,
"",,GUNNA KALAN,178031803,,,,,173,173,,,
"",,GUNNA KALAN,178031804,,,,,63,63,,,
"",,GUNNA KALAN,178031805,,,,,137,137,,,
"",,,TOTAL:-,,,,,1191,1191,,2,2
296,Government Model Primery School Kot Rajkor.,JANDEKA MEERA,178031806,,,,53,44,97,,,
"",,KOT RAJKOR,178031807,,,,352,231,583,,,
"",,KOTLI RAJKOR,178031808,,,,5,3,8,,,
"",,MAHAL GUCHE,178031809,,,,395,328,723,,,
"",,,TOTAL:-,,,,805,606,1411,1,1,2
297,Government Boys Primary School Guna Khurd.  (P),GUNNA KHURD,178031901,,,,358,193,551,,,
"",,GUNNA KHURD,178031902,,,,609,465,1074,,,
"",,TUNDGARH,178031906,,,,9,8,17,,,
"",,,TOTAL:-,,,,976,666,1642,2,1,3
298,Government Girls Primary School Garbla Sydan. (P),BAKHARPUR,178031903,,,,156,97,253,,,
"",,ATHWAL,178031904,,,,31,17,48,,,
"",,GALBALA,178031905,,,,340,279,619,,,
"",,,TOTAL:-,,,,527,393,920,1,1,2
299,Government Model Primary School Sattowali. (P),SATTOWALI,178032001,,,,260,196,456,,,
"",,SATTOWALI,178032002,,,,361,246,607,,,
"",,,TOTAL:-,,,,621,442,1063,1,1,2
300,Government Girls Primary School Dhudian Wali. (P),DHUDIAN WALI,178032003,,,,341,217,558,,,
"",,DHUDIAN WALI,178032004,,,,557,382,939,,,
"",,,TOTAL:-,,,,898,599,1497,2,1,3
301,Government Girls High School Varyo. (Male) (P),VARYO,178032005,,,,485,,485,,,
CHICHERRIALI,178032011,,,,441,,441,,,,,
MAHAL CHHANAWAN,178032006,,,,262,,262,,,,,
"",TOTAL:-,,,,1188,,1188,2,,2,,
VARYO,178032005,,,,,385,385,,,,,
CHICHERRIALI,178032011,,,,,340,340,,,,,
"",,,TOTAL:-,,,,,904,904,,2,2
303,Government Boys Elementary SchoolMandianwala. (P),MANDIAN WALA,178032007,,,,624,463,1087,,,
"",,MANDIAN WALA,178032008,,,,254,169,423,,,
"",,,TOTAL:-,,,,878,632,1510,1,1,2
304,Government Girls Primary School Walana. (P),WALANA,178032009,,,,527,326,853,,,
"",,WALANA,178032010,,,,216,134,350,,,
"",,,TOTAL:-,,,,743,460,1203,1,1,2
305,Government Boys Primary School Dhillam Ghazi. (P),DHILLAM GHAZI,178032012,,,,605,380,985,,,
"",,,TOTAL:-,,,,605,380,985,1,1,2
3069,Government Boys High School Sahu Wali.(Male) (P),SAHU WALI,178032013,,,,500,,500,,,
"",,SAHU WALI,178032014,,,,452,,452,,,
"",,SAHU WALI,178032015,,,,78,,78,,,
"",,SAHU WALI,178032016,,,,322,,322,,,
"",,,TOTAL:-,,,,1352,,1352,2,,2
307,Government Girls Primery School Sahu Wali. (Female),SAHU WALI,178032013,,,,,430,430,,,
"",,SAHU WALI,178032014,,,,,366,366,,,
"",,SAHU WALI,178032015,,,,,66,66,,,
"",,SAHU WALI,178032016,,,,,219,219,,,
"",,,TOTAL:-,,,,,1081,1081,,2,2
308,Government Boys Primary School Gurdan Pur. (P),BADIPUR,178032101,,,,278,162,440,,,
"",,GURDAN PUR,178032103,,,,314,234,548,,,
"",,SAHU CHAK,178032109,,,,379,271,650,,,
"",,,TOTAL:-,,,,971,667,1638,2,1,3
309,Government Girls Primary School Tong. (P),CHHAAL,178032102,,,,340,192,532,,,
"",,TONG,178032110,,,,427,300,727,,,
"",,,TOTAL:-,,,,767,492,1259,1,1,2
310,Government Boys Primary School Ghurri. (P),GURHI,178032104,,,,620,423,1043,,,
"",,,TOTAL:-,,,,620,423,1043,1,1,2
311,Government Girls Primary School Kohar. (P),KOHAR,178032105,,,,672,402,1074,,,
"",,,TOTAL:-,,,,672,402,1074,1,1,2
312,Government Girls Primary School Nanowali  (P),MAHAL MENEWALI,178032106,,,,201,137,338,,,
"",,NANOWALI,178032107,,,,532,373,905,,,
"",,,TOTAL:-,,,,733,510,1243,1,1,2
313,Government Boys Primary School  Rajwan. (P),RAJO,178032108,,,,513,415,928,,,
"",,,TOTAL:-,,,,513,415,928,1,1,2
314,Government Girls Primary School Patesar (Male). (P),CHAK BARAHAM,178040301,,,,392,,392,,,
PATESAR,178040402,,,,510,,510,,,,,
PATESAR,178040403,,,,697,,697,,,,,
"",Total:,,,,1599,,1599,3,,3,,
315,Government Boys Primary School Patesar (Female). (P),PATESAR,178040402,,,,,350,350,,,
"",,PATESAR,178040403,,,,,595,595,,,
"",,,Total:,,,,,1271,1271,,2,2
316,Government Model Primary School Malhoper.  (P),MALHOPER,178040302,,,,563,405,968,,,
"",,,Total:,,,,563,405,968,1,1,2
317,Government Model Primary School Sohalia. (P),SOHALI,178040303,,,,520,374,894,,,
"",,,Total:,,,,520,374,894,1,1,2
318,Government Boys High School Dalowali. (P),DALU WALI,178040304,,,,555,390,945,,,
"",,,Total:,,,,555,390,945,1,1,2
319,Government Girls High School Dalowali. (Male),DALU WALI,178040305,,,,448,,448,,,
"",,DALU WALI,178040308,,,,295,,295,,,
"",,DALU WALI,178040309,,,,174,,174,,,
"",,DALU WALI,178040310,,,,222,,222,,,
"",,DALU WALI,178040311,,,,290,,290,,,
"",,,Total:,,,,1429,,1429,2,,2
320,Government Girls High School Dalowali. (Female),DALU WALI,178040305,,,,,341,341,,,
"",,DALU WALI,178040308,,,,,215,215,,,
"",,DALU WALI,178040309,,,,,176,176,,,
"",,DALU WALI,178040310,,,,,104,104,,,
"",,DALU WALI,178040311,,,,,285,285,,,
"",,,Total:,,,,,1121,1121,,2,2
321,Government Boys High School Dalowali. (Male) (P),DALU WALI,178040306,,,,700,,700,,,
"",,DALU WALI,178040307,,,,560,,560,,,
"",,,Total:,,,,1260,,1260,2,,2
322,Government Boys High School Dalowali. (Female) (P),DALU WALI,178040306,,,,,540,540,,,
"",,DALU WALI,178040307,,,,,444,444,,,
"",,,Total:,,,,,984,984,,2,2
323,Government Girls Primary School Tajar Tarokana.,TAROKANA,178040401,,,,271,194,465,,,
"",,ATAL GARH (HANNI),178040404,,,,147,84,231,,,
"",,KOT BAGRIAN,178040407,,,,201,115,316,,,
"",,,Total:,,,,619,393,1012,1,1,2
324,Government Center Primary School Heer.  (P),HEER,178040405,,,,735,601,1336,,,
"",,HEER,178040406,,,,157,84,241,,,
"",,CHAK HAZARI,178040408,,,,13,12,25,,,
"",,,Total:,,,,905,697,1602,2,1,3
325,Govt Model Primary School Chak Khana (Male) (P),CHAK KHANAN,178040601,,,,408,,408,,,
CHHANGA,178040602,,,,380,,380,,,,,
JHAN,178040603,,,,331,,331,,,,,
"",TOTAL:-,,,,1119,,1119,2,,2,,
CHAK KHANAN,178040601,,,,,332,332,,,,,
"",,JHAN,178040603,,,,,215,215,,,
"",,,TOTAL:-,,,,,800,800,,2,2
327,Govt Girls Primary School Vains Uncha.(Male) (P),KAJLIAL,178040604,,,,291,,291,,,
"",,VENUS NEWAN,178040607,,,,387,,387,,,
"",,VENUS UCHA,178040608,,,,373,,373,,,
"",,ARAZI GULAB GARH,178040609,,,,0,,0,,,
"",,,TOTAL:-,,,,1051,,1051,2,,2
328,Govt Girls Primary School Vains Uncha.(Female) (P),KAJLIAL,178040604,,,,,208,208,,,
VENUS NEWAN,178040607,,,,,279,279,,,,,
VENUS UCHA,178040608,,,,,231,231,,,,,
ARAZI GULAB GARH,178040609,,,,,0,0,,,,,
"",TOTAL:-,,,,,718,718,,2,2,,
KANDAN PUR,178040605,,,,371,284,655,,,,,
KANDAN PUR,178040606,,,,580,465,1045,,,,,
330,Government Girls Primary School Asso Mehta. (P),KORAR,178041101,,,,173,110,283,,,
"",,MAHAL TAIJER,178041102,,,,136,93,229,,,
"",,MEHTA ASSO,178041104,,,,260,167,427,,,
"",,,TOTAL:-,,,,569,370,939,1,1,2
331,"Government Boys Elementary School Mainderwal.(Male) (P)",MAINDER WAL,178041103,,,,535,,535,,,
"",,TAHO,178041105,,,,346,,346,,,
"",,THATHI KALAN,178041106,,,,391,,391,,,
"",,THATHI KHURD,178041107,,,,214,,214,,,
"",,MAHAL KHAND,178041108,,,,0,,0,,,
"",,,TOTAL:-,,,,1486,,1486,2,,2
332,"Government Girls Elementary School Mainderwal.(Female) (P)",MAINDER WAL,178041103,,,,,379,379,,,
"",,TAHO,178041105,,,,,231,231,,,
"",,THATHI KALAN,178041106,,,,,231,231,,,
"",,THATHI KHURD,178041107,,,,,133,133,,,
"",,MAHAL KHAND,178041108,,,,,0,0,,,
"",,,TOTAL:-,,,,,974,974,,2,2
333,Government Girls Primary School Jalab wali. (P),JALAP WALI,178041501,,,,518,371,889,,,
"",,,TOTAL:-,,,,518,371,889,1,1,2
334,Government Girls Elementary School Jhulki. (P),KADIR ABAD,178041502,,,,207,156,363,,,
"",,DHELE,178041503,,,,522,411,933,,,
"",,,TOTAL:-,,,,729,567,1296,1,1,2
335,GovernmentBoys Primary School Jhulki. (P),JHULKI,178041504,,,,535,428,963,,,
"",,JHULKI,178041505,,,,397,299,696,,,
"",,,TOTAL:-,,,,932,727,1659,2,1,3
336,"Government Girls Primary School Gul BaharKhurd.(Male)(P)",GUL BAHAR KHURD,178041506,,,,523,,523,,,
"",,GUL BAHAR KHURD,178041507,,,,825,,825,,,
"",,,TOTAL:-,,,,1348,,1348,2,,2
337,"Government Girls Primary School Gul BaharKhurd.(Female)(P)",GUL BAHAR KHURD,178041506,,,,,368,368,,,
"",,GUL BAHAR KHURD,178041507,,,,,663,663,,,
"",,,TOTAL:-,,,,,1031,1031,,2,2
338,Government Girls High School Kamanwala. (P),KAMAN WALA,178041601,,,,439,531,970,,,
"",,KAMAN WALA,178041602,,,,408,395,803,,,
"",,,TOTAL:-,,,,847,926,1773,2,2,4
339,Government Girls Primary School Sidh.(P),SIDH,178041603,,,,393,281,674,,,
"",,SIDH,178041604,,,,609,546,1155,,,
"",,,TOTAL:-,,,,1002,827,1829,2,2,4
340,"Government Boys Elementary School Gul Bahar Kalan.(P)",JAHAI,178041605,,,,746,589,1335,,,
JAHAI,178041606,,,,154,121,275,,,,,
"",TOTAL:-,,,,900,710,1610,2,1,3,,
BAWARIANA,178041607,,,,744,,744,,,,,
"",,,TOTAL:-,,,,1700,,1700,3,,3
342,GovernmentBoys High School Kamanwala (Female). (P),BAWARIANA,178041607,,,,,559,559,,,
"",,BAWARIANA,178041608,,,,,747,747,,,
"",,,TOTAL:-,,,,,1306,1306,,2,2
343,GovernmentBoys High School Kamanwala. (Male)(P),BAWARIANA,178041609,,,,248,,248,,,
"",,BAWARIANA,178041610,,,,817,,817,,,
"",,,TOTAL:-,,,,1065,,1065,2,,2
344,Government Boys High School Kamanwala. (Female)(P),BAWARIANA,178041609,,,,,244,244,,,
"",,BAWARIANA,178041610,,,,,645,645,,,
"",,,TOTAL:-,,,,,889,889,,2,2
345,Union Council Office Headmarala.,NAND PUR,178050301,,,,615,452,1067,,,
"",,RANJAN MAHAL,178050312,,,,103,44,147,,,
"",,KOTLI RANJAN,178050313,,,,318,250,568,,,
"",,MAHAL HANJIAN,178050315,,,,0,0,0,,,
"",,,TOTAL:-,,,,1036,746,1782,2,2,4
346,GovernmentGirls Primary School Machrala.(Male)(P),MACHRALA,178050302,,,,758,,758,,,
"",,MACHRALA,178050303,,,,493,,493,,,
"",,CHAK BHOKAIAN,178050314,,,,183,,183,,,
"",,,TOTAL:-,,,,1434,,1434,2,,2
347,GovernmentGirls Primary School Machrala.(Female)(P),MACHRALA,178050302,,,,,507,507,,,
"",,MACHRALA,178050303,,,,,308,308,,,
"",,CHAK BHOKAIAN,178050314,,,,,120,120,,,
"",,,TOTAL:-,,,,,935,935,,2,2
348,Office Union Council Pindi Khokhran at Machrala. (P),MACHRALA,178050304,,,,580,426,1006,,,
"",,MACHRALA,178050305,,,,241,186,427,,,
"",,MACHRALA,178050306,,,,95,75,170,,,
"",,,TOTAL:-,,,,916,687,1603,2,1,3
349,Government Boys Primary School Chakrala.(Male)(P),CHAK RALA,178050307,,,,507,,507,,,
"",,CHAK RALA,178050308,,,,764,,764,,,
"",,,TOTAL:-,,,,1271,,1271,2,,2
350,Government Girls Elementry School Chakrala. (Female),CHAK RALA,178050307,,,,,367,367,,,
"",,CHAK RALA,178050308,,,,,558,558,,,
"",,,TOTAL:-,,,,,925,925,,2,2
351,Government Girls Primary School Bhahdar Pur. (P),KOTLI BAHADAR PUR,178050309,,,,319,222,541,,,
KOTLI BAHADAR PUR,178050310,,,,563,445,1008,,,,,
BAHADAR PUR (KOTLI M,P1A7L8050311,,,,94,90,184,,,,,
"",TOTAL:-,,,,976,757,1733,2,2,4,,
CHIBBER WALE,178050701,,,,96,68,164,,,,,
MUAZZAM ABAD,178050702,,,,195,149,344,,,,,
FAUJDAR GARH,178050704,,,,197,134,331,,,,,
"",,CHAK BAGA,178050706,,,,187,99,286,,,
"",,WADHAL,178050708,,,,208,142,350,,,
"",,,TOTAL:-,,,,961,646,1607,2,1,3
353,Government Girls High School Khannah. (P),KHANNA,178050703,,,,581,459,1040,,,
"",,KOT BAWA,178050707,,,,203,137,340,,,
"",,,TOTAL:-,,,,784,596,1380,1,1,2
354,Government Girls Primary School  Gagay wali.,GAGGE WALI,178050709,,,,472,366,838,,,
"",,,TOTAL:-,,,,472,366,838,1,1,2
355,GovernmentBoys Primary School Rahang.  (Male)(P),RAHANG,178050901,,,,844,,844,,,
"",,MAHUTA,178050903,,,,120,,120,,,
"",,JASTAR WAL,178050906,,,,54,,54,,,
"",,MAHAL CHAMBER,178050908,,,,17,,17,,,
"",,,TOTAL:-,,,,1035,,1035,2,,2
356,GovernmentBoys Primary School Rahang. (Female) (P),RAHANG,178050901,,,,,648,648,,,
"",,MAHUTA,178050903,,,,,74,74,,,
"",,JASTAR WAL,178050906,,,,,29,29,,,
"",,MAHAL CHAMBER,178050908,,,,,10,10,,,
"",,,TOTAL:-,,,,,761,761,,2,2
357,Govt Boys Primary School Kothay Pathanan (P),KHARANA,178050902,,,,117,82,199,,,
"",,KOTLI PATHANAN,178050904,,,,236,182,418,,,
"",,GHOGHAIT,178050907,,,,245,199,444,,,
"",,,TOTAL:-,,,,598,463,1061,1,1,2
358,Gvot. Model Primary School Lalian. (P),LALLI,178050905,,,,556,452,1008,,,
"",,,TOTAL:-,,,,556,452,1008,1,1,2
359,"GovernmentBoys Elementary School Daria Bidhar.(Male) (P)",DHOLU CHAHAN,178051301,,,,196,,196,,,
"",,DARYA BADAR,178051302,,,,462,,462,,,
"",,ACHRAN,178051303,,,,172,,172,,,
"",,CHAK HARU,178051304,,,,142,,142,,,
"",,WAZIRKE,178051307,,,,0,,0,,,
"",,,TOTAL:-,,,,1019,,1019,2,,2
360,"GovernmentBoys Elementary School Daria Bidhar.(Female) (P)",DHOLU CHAHAN,178051301,,,,,143,143,,,
DARYA BADAR,178051302,,,,,358,358,,,,,
ACHRAN,178051303,,,,,111,111,,,,,
CHAK HARU,178051304,,,,,124,124,,,,,
WAZIRKE,178051307,,,,,0,0,,,,,
"",TOTAL:-,,,,,765,765,,2,2,,
KOKAR,178051305,,,,42,34,76,,,,,
KHOKHAR,178051306,,,,0,0,0,,,,,
PIR SUBZ,178051308,,,,47,29,29,,,,,
RAWAAL,178051309,,,,190,162,352,,,,,
