Sr. No.,"No. and name of thePolling Station",In case of Rural Areas,In case of Urban Areas,"Serial No. ofvoters on theElectoral Rolls",Number of Voters,No. of Polling,,,,,,
"",,Name of Electoral Area,"Census BlockCode",Name of Electoral Areas,"Census BlockCode",Male,Female,Total,Male,Female,Total,
1,2,3,4,5,6,7,8,9,10,11,12,13
1,"Govt. B/H/S  Bhulair(Male)",Chak No.119 RB Bhulair,202010301,,,,570,0,570,2,0,2
"",,Chak No.119 RB Bhulair,202010302,,,,265,0,265,,,
"",,Chak No.119 RB Bhulair,202010303,,,,360,0,360,,,
Total,,,,1195,0,1195,2,0,2,,,
2,"Govt. B/H/S  Bhulair(Female)",Chak No.119 RB Bhulair,202010301,,,,0,435,435,0,2,2
"",,Chak No.119 RB Bhulair,202010302,,,,0,272,272,,,
"",,Chak No.119 RB Bhulair,202010303,,,,0,206,206,,,
Total,,,,0,913,913,0,2,2,,,
3,"Office UC Bhulair(Combined)",Chak No.119 RB Bhulair,202010305,,,,403,315,718,2,1,3
"",,Chak No.119 RB Bhulair,202010310,,,,258,151,409,,,
Total,,,,661,466,1127,2,1,3,,,
4,"Govt. G/H/S  Bhulair(Male)",Chak No.119 RB Bhulair,202010304,,,,795,,795,3,0,3
"",,Chak No.119 RB Bhulair,202010306,,,,319,,319,,,
"",,Chak No.119 RB Bhulair,202010311,,,,215,,215,,,
Total,,,,1329,0,1329,3,0,3,,,
5,"Govt. G/H/S  Bhulair(Female)",Chak No.119 RB Bhulair,202010304,,,,0,606,606,0,2,2
"",,Chak No.119 RB Bhulair,202010306,,,,0,239,239,,,
"",,Chak No.119 RB Bhulair,202010311,,,,0,129,129,,,
Total,,,,0,974,974,0,2,2,,,
6,"Govt. P/S Raza AbadChahoor Sikhan(Male)",Chahoor Sikhan 118/RB,202010101,,,,357,0,357,2,0,2
"",,Chahoor Sikhan 118/RB,202010102,,,,178,0,178,,,
"",,Chahoor Sikhan 118/RB,202010103,,,,280,0,280,,,
"",,Chahoor Sikhan 118/RB,202010104,,,,241,0,241,,,
Total,,,,1056,0,1056,2,0,2,,,
7,"Govt. P/S Raza AbadChahoor Sikhan(Female)",Chahoor Sikhan 118/RB,202010101,,,,0,277,277,0,2,2
Chahoor Sikhan 118/RB,202010102,,,,0,137,137,,,,,
Chahoor Sikhan 118/RB,202010103,,,,0,193,193,,,,,
Chahoor Sikhan 118/RB,202010104,,,,0,160,160,,,,,
8,"Govt. girls primaryschool Basti SharifPura.  (Male)",Chahoor Sikhan 118/RB,202010105,,,,101,0,101,2,0,2
"",,Chahoor Sikhan 118/RB,202010106,,,,139,0,139,,,
"",,Chahoor Sikhan 118/RB,202010107,,,,117,0,117,,,
"",,Chahoor Sikhan 118/RB,202010108,,,,117,0,117,,,
"",,Chahoor Sikhan 118/RB,202010120,,,,143,0,143,,,
"",,Chahoor Sikhan 118/RB,202010121,,,,6,0,6,,,
"",,Chahoor Sikhan 118/RB,202010122,,,,108,0,108,,,
"",,Chahoor Sikhan 118/RB,202010123,,,,363,0,363,,,
Total,,,,1094,0,1094,2,0,2,,,
9,"Govt. girls primaryschool Basti SharifPura.  (Female)",Chahoor Sikhan 118/RB,202010105,,,,0,66,66,0,2,2
"",,Chahoor Sikhan 118/RB,202010106,,,,0,85,85,,,
"",,Chahoor Sikhan 118/RB,202010107,,,,0,105,105,,,
"",,Chahoor Sikhan 118/RB,202010108,,,,0,88,88,,,
"",,Chahoor Sikhan 118/RB,202010120,,,,0,106,106,,,
"",,Chahoor Sikhan 118/RB,202010121,,,,0,67,67,,,
"",,Chahoor Sikhan 118/RB,202010122,,,,0,63,63,,,
"",,Chahoor Sikhan 118/RB,202010123,,,,0,157,157,,,
Total,,,,0,737,737,0,2,2,,,
10,"Govt. B/P/S ChahoorMuslim 118 RB(Combined)",Chahoor Muslim 118 RB,202010109,,,,132,121,253,2,1,3
"",,Chahoor Muslim 118 RB,202010110,,,,253,164,417,,,
"",,Chahoor Muslim 118 RB,202010111,,,,252,218,470,,,
Total,,,,637,503,1140,2,1,3,,,
11,"Govt. Girls/P/SChahoor Muslim 118RB  (Combined)",Chahoor Muslim 118 RB,202010112,,,,420,375,795,2,2,4
"",,Chahoor Muslim 118 RB,202010113,,,,200,110,310,,,
"",,Chahoor Muslim 118 RB,202010124,,,,157,55,212,,,
"",,Chahoor Muslim 118 RB,202010125,,,,82,146,228,,,
Total,,,,859,686,1545,2,2,4,,,
12,"Govt. G/P/S MararChak No.45 RB (Male)",Marar Chak No.45 RB,202010114,,,,433,0,433,2,,2
"",,Marar Chak No.45 RB,202010115,,,,244,0,244,,,
"",,Marar Chak No.45 RB,202010117,,,,442,0,442,,,
Total,,,,1119,0,1119,2,0,2,,,
13,"Govt. G/P/S MararChak No.45 RB(Female)",Marar Chak No.45 RB,202010114,,,,0,331,331,,2,2
"",,Marar Chak No.45 RB,202010115,,,,0,172,172,,,
"",,Marar Chak No.45 RB,202010117,,,,0,328,328,,,
Total,,,,0,831,831,0,2,2,,,
14,"Govt. B/P/S ChakNo.45RB  (Male)",Chak No.45RB,202010116,,,,59,0,59,2,,2
"",,Chak No.45RB,202010126,,,,139,0,139,,,
"",,Chak No.45RB,202010118,,,,488,0,488,,,
"",,Chak No.45RB,202010119,,,,482,0,482,,,
Total,,,,1168,0,1168,2,0,2,,,
15,"Govt. B/P/S ChakNo.45RB  (Female)",Chak No.45RB,202010116,,,,0,69,69,0,2,2
Chak No.45RB,202010126,,,,0,71,71,,,,,
Chak No.45RB,202010118,,,,0,455,455,,,,,
Chak No.45RB,202010119,,,,0,326,326,,,,,
16,"Govt. G/P/S KotlaKhurd Chak No.43/RB(Male)",Kotla Khurd Chak No. 43/RB,202010201,,,,638,0,638,3,0,3
"",,Kotla Khurd Chak No. 43/RB,202010202,,,,179,0,179,,,
"",,Kotla Khurd Chak No. 43/RB,202010203,,,,557,0,557,,,
"",,Kotla Khurd Chak No. 43/RB,202010204,,,,61,0,61,,,
"",,Kotla Khurd Chak No. 43/RB,202010213,,,,248,0,248,,,
Total,,,,1683,0,1683,3,0,3,,,
17,"Govt. G/P/S KotlaKhurd Chak No.43/RB(Female)",Kotla Khurd Chak No. 43/RB,202010201,,,,0,349,349,0,3,3
"",,Kotla Khurd Chak No. 43/RB,202010202,,,,0,342,342,,,
"",,Kotla Khurd Chak No. 43/RB,202010203,,,,0,443,443,,,
"",,Kotla Khurd Chak No. 43/RB,202010204,,,,0,27,27,,,
"",,Kotla Khurd Chak No. 43/RB,202010213,,,,0,214,214,,,
Total,,,,0,1375,1375,0,3,3,,,
18,"Govt. B/E/S KotlaKalan Chak No. 43/RB(Male)",Kotla Kalan Chak No. 43/RB,202010205,,,,82,0,82,3,0,3
"",,Kotla Kalan Chak No. 43/RB,202010214,,,,173,0,173,,,
"",,Kotla Kalan Chak No. 43/RB,202010206,,,,599,0,599,,,
"",,Kotla Kalan Chak No. 43/RB,202010207,,,,374,0,374,,,
"",,Kotla Kalan Chak No. 43/RB,202010208,,,,193,0,193,,,
Total,,,,1421,0,1421,3,0,,,,
19,"Govt. B/E/S KotlaKalan Chak No. 43/RB(Female)",Kotla Kalan Chak No. 43/RB,202010205,,,,0,176,176,0,2,2
"",,Kotla Kalan Chak No. 43/RB,202010214,,,,0,35,35,,,
"",,Kotla Kalan Chak No. 43/RB,202010206,,,,0,388,388,,,
"",,Kotla Kalan Chak No. 43/RB,202010207,,,,0,264,264,,,
"",,Kotla Kalan Chak No. 43/RB,202010208,,,,0,135,135,,,
Total,,,,0,998,998,0,2,2,,,
20,"Govt. B/P/S Chak No.46 Chak Chatha(Male)",Chatha Chak No.46 Chak Chatha,202010209,,,,213,0,213,3,0,3
"",,Chatha Chak No.46 Chak Chatha,202010210,,,,715,0,715,,,
"",,Chatha Chak No.46 Chak Chatha,202010211,,,,555,0,555,,,
"",,Chatha Chak No.46 Chak Chatha,202010212,,,,75,0,75,,,
"",,Chatha Chak No.46 Chak Chatha,202010215,,,,53,0,53,,,
Total,,,,1611,0,1611,3,0,3,,,
21,"Govt. B/P/S Chak No.46 Chak Chatha(Female)",Chatha Chak No.46 Chak Chatha,202010209,,,,0,84,84,0,2,2
"",,Chatha Chak No.46 Chak Chatha,202010210,,,,0,587,587,,,
"",,Chatha Chak No.46 Chak Chatha,202010211,,,,0,431,431,,,
"",,Chatha Chak No.46 Chak Chatha,202010212,,,,0,23,23,,,
"",,Chatha Chak No.46 Chak Chatha,202010215,,,,0,58,58,,,
Total,,,,0,1183,1183,0,2,2,,,
22,"Govt. B/H/S Chak 42Marar  (Combined)",Marar Chak No.42,202010406,,,,521,357,878,2,1,3
"",,Marar Chak No.42,202010407,,,,322,254,576,,,
Total,,,,843,611,1454,2,1,3,,,
23,"Govt. G/H/S 42 Marar(Male)",Marar Chak No.42,202010408,,,,289,0,289,2,0,2
Marar Chak No.42,202010409,,,,452,0,452,,,,,
Marar Chak No.42,202010412,,,,290,0,290,,,,,
24,"Govt. G/H/S 42 Marar(Female)",Marar Chak No.42,202010408,,,,0,277,277,0,2,2
"",,Marar Chak No.42,202010409,,,,0,316,316,,,
"",,Marar Chak No.42,202010412,,,,0,222,222,,,
Total,,,,0,815,815,0,2,2,,,
25,"Govt. G/H/S 42 Marar(Combined)",Marar Chak No.42,202010410,,,,699,575,1274,2,1,3
Total,,,,699,575,1274,2,1,3,,,
26,"Govt. B/H/S ChakPandorian 122 RB",Chak Pandorian 122 RB,202010701,,,,733,587,1320,2,2,4
"",,Chak Pandorian 122 RB,202010704,,,,125,83,208,,,
Total,,,,858,670,1528,2,2,4,,,
27,"Govt. Girls/H/S ChakPandorian 122 RB",Chak Pandorian 122 RB,202010702,,,,528,394,922,2,2,4
"",,Chak Pandorian 122 RB,202010703,,,,449,321,770,,,
Total,,,,977,715,1692,2,2,4,,,
28,"Govt. G/M/S ChakNo.121 RB Hanjli",No.121 RB Hanjli,202010705,,,,611,532,1143,2,2,4
"",,Chak No. 290/RB Ramu Wala,202010707,,,,262,145,407,,,
Total,,,,873,677,1550,2,2,4,,,
29,"Govt. G/E/S Chak No.121 RB Dogri(Combined)",Chak No. 121 RB Dogri,202010706,,,,683,527,1210,2,1,3
Total,,,,683,527,1210,2,1,3,,,
30,"Govt. G/E/S ChakNo.120/RB DeraBegail Singh Wala(Male)",Chak No. 120 Dera Bakhshian Wala,202010601,,,,381,0,381,2,0,2
"",,Begail Singh Wala,202010602,,,,487,0,487,,,
"",,Abadi chaley key,202010603,,,,317,0,317,,,
Total,,,,1185,0,1185,2,0,2,,,
31,"Govt. G/E/S ChakNo.120/RB DeraBegail Singh Wala(Female)",Chak No. 120 Dera Bakhshian Wala,202010601,,,,0,254,254,0,2,2
"",,Begail Singh Wala,202010602,,,,0,376,376,,,
"",,Abadi chaley key,202010603,,,,0,240,240,,,
Total,,,,0,870,870,0,2,2,,,
32,"Govt. B/M/S Chak No.116 RB  (Combined)",Chak No. 116 RB Luther,202010606,,,,657,465,1122,2,1,3
Total,,,,657,465,1122,2,1,3,,,
33,"Govt. B/M/S Chak No.116 RB Gollay Bajwey",Chak No. 116 RB Ghulley Bajwey,202010604,,,,602,198,800,2,1,3
"",,Chak No. 116 RB Ghulley Bajwey,202010605,,,,292,402,694,,,
Total,,,,894,600,1494,2,1,3,,,
34,"Govt. B/M/S SiranWali (Combined)",Siran Wali Chak No.123 RB,202010307,,,,294,208,502,2,2,4
Siran Wali Chak No.123 RB,202010308,,,,163,153,316,,,,,
Siran Wali Chak No.123 RB,202010309,,,,72,71,143,,,,,
Siran Wali Chak No.123 RB,202010312,,,,182,127,309,,,,,
Siran Wali Chak No.123 RB,202010314,,,,134,98,232,,,,,
Siran Wali Chak No.123 RB,202010315,,,,103,89,192,,,,,
35,"Govt. Girls/M/S SiranWali  (Combined)",Siran Wali Chak No.123 RB,202010313,,,,545,449,994,1,1,2
Total,,,,545,449,994,1,1,2,,,
36,"Govt. Girls P/S ChakNo. 29/RB",Deirh Chak No.29/RB,202011101,,,,431,272,703,2,1,3
"",,Deirh Chak No.29/RB,202011102,,,,315,231,546,,,
Total,,,,746,503,1249,2,1,3,,,
37,"Govt. Boys P/S ChakNo. 31/RB  (Male)",Radyala Chak No.31/RB,202011103,,,,196,0,196,3,0,3
"",,Radyala Chak No.31/RB,202011106,,,,196,0,196,,,
"",,Radyala Chak No.31/RB,202011104,,,,482,0,482,,,
"",,Radyala Chak No.31/RB,202011105,,,,356,0,356,,,
"",,Radyala Chak No.31/RB,202011107,,,,169,0,169,,,
Total,,,,1399,0,1399,3,0,3,,,
38,"Govt. Boys P/S ChakNo. 31/RB  (Female)",Radyala Chak No.31/RB,202011103,,,,0,125,125,0,2,2
"",,Radyala Chak No.31/RB,202011106,,,,0,157,157,,,
"",,Radyala Chak No.31/RB,202011104,,,,0,312,312,,,
"",,Radyala Chak No.31/RB,202011105,,,,0,117,117,,,
"",,Radyala Chak No.31/RB,202011107,,,,0,248,248,,,
Total,,,,0,959,959,0,2,2,,,
39,"Govt. B/M/S ChakNo.113/RB Badho",Chak No.113/RB Badho mali,202011005,,,,374,279,653,1,1,2
"",,Chak No.113/RB Badho mali,202011006,,,,177,125,302,,,
Total,,,,551,404,955,1,1,2,,,
40,"Govt. G/M/S Gill ChakNo.114/RB(Combined)",Gill Chak 114 RB,202010507,,,,342,235,577,1,1,2
Total,,,,342,235,577,1,1,2,,,
41,"Govt. G/P/S ChakNo.111/RB Mehmandwali (Charvind)",Mehmand wali ChakNo.111,202011001,,,,33,23,56,3,1,4
"",,Mehmand wali ChakNo.111,202011002,,,,295,251,546,,,
"",,Mehmand wali ChakNo.111,202011007,,,,282,161,443,,,
"",,Mehmand wali ChakNo.111,202011008,,,,786,,786,,,
Total,,,,1396,435,1831,3,1,4,,,
42,"Govt. B/P/S ChuhoorKotli Chak No.117/RB",Chuhoor Kotli Chak No.117/RB,202010501,,,,538,0,538,1,1,2
"",,Chuhoor Kotli Chak No.117/RB,202010502,,,,0,602,602,,,
Total,,,,538,602,1140,1,1,2,,,
43,"Govt. B/P/S ChuhoorKotli Chak No.117/RB",Chuhoor Kotli Chak No.117/RB,202010501,,,,0,402,402,1,2,3
"",,Chuhoor Kotli Chak No.117/RB,202010502,,,,416,340,756,,,
Total,,,,416,742,1158,1,2,3,,,
44,"Govt.Girls/P/SChuhoor MughalanChak No.117/RB",Chuhoor Mughalan Chak No.117/RB,202010504,,,,380,295,675,2,2,4
"",,Chuhoor Mughalan Chak No.117/RB,202010503,,,,570,388,958,,,
Total,,,,950,683,1633,2,2,4,,,
45,"Govt. B/P/S ChakNo.115 RB",Chak No.115 RB Titran Wala,202010505,,,,360,191,551,1,1,2
46,"Govt. Boys P/S NandaChak No. 115/RB",Chak No.115 RB Nanda Chak,202010506,,,,747,476,1223,2,1,3
Total,,,,747,476,1223,2,1,3,,,
47,"Govt. B/M/S Chak No.112 RB Ali Abad(Male)",Chak No112 RB Ali abad,202011003,,,,273,0,273,2,0,2
"",,Chak No112 RB Ali abad,202011009,,,,268,0,268,,,
"",,Chak No112 RB Ali abad,202011004,,,,640,0,640,,,
Total,,,,1181,0,1181,2,0,2,,,
48,"Govt. B/M/S Chak No.112 RB Ali Abad(Female)",Chak No112 RB Ali abad,202011003,,,,0,192,192,0,2,2
"",,Chak No112 RB Ali abad,202011009,,,,0,180,180,,,
"",,Chak No112 RB Ali abad,202011004,,,,0,454,454,,,
Total,,,,0,826,826,0,2,2,,,
49,"Govt.B/H/S MarhBaloachan  (Male)",Marh Baloachan,202010801,,,,530,0,530,3,0,3
"",,Marh Baloachan,202010802,,,,225,0,225,,,
"",,Marh Baloachan,202010803,,,,231,0,231,,,
"",,Marh Baloachan,202010805,,,,385,0,385,,,
Total,,,,1371,0,1371,3,0,3,,,
50,"Govt.B/H/S MarhBaloachan  (Female)",Marh Baloachan,202010801,,,,0,402,402,0,2,2
"",,Marh Baloachan,202010802,,,,0,179,179,,,
"",,Marh Baloachan,202010803,,,,0,180,180,,,
"",,Marh Baloachan,202010805,,,,0,293,293,,,
Total,,,,0,1054,1054,0,2,2,,,
51,"Govt. G/H/S MarhBaloachan  (Male)",Marh Baloachan,202010804,,,,426,0,426,3,0,3
"",,Marh Baloachan,202010810,,,,581,0,581,,,
"",,Marh Baloachan,202010806,,,,348,0,348,,,
Total,,,,1355,0,1355,3,0,3,,,
52,"Govt. G/H/S MarhBaloachan  (Female)",Marh Baloachan,202010804,,,,0,473,473,0,2,2
"",,Marh Baloachan,202010810,,,,0,298,298,,,
"",,Marh Baloachan,202010806,,,,0,243,243,,,
Total,,,,0,1014,1014,0,2,2,,,
53,Govt. P/S Sadkana,sadkana,202010807,,,,226,202,428,1,1,2
Total,,,,226,202,428,1,1,2,,,
54,"Govt. B/P/S Chak No.110 RB  Hameroki",Chak No. 110 RB Habo Ka,202010808,,,,348,259,607,1,1,2
"",,Chak No. 110 RB Habo Ka,202010809,,,,38,30,68,,,
Total,,,,386,289,675,1,1,2,,,
55,"Govt.G/P/S RatianChak No. 5/RB  (Male)",Ratian Chak No. 5/RB,202010902,,,,211,0,211,2,0,2
"",,Ratian Chak No. 5/RB,202010901,,,,497,0,497,,,
"",,Ratian Arainian Chak No. 5/RB,202010904,,,,361,0,361,,,
Total,,,,1069,0,1069,2,0,2,,,
56,"Govt.G/P/S RatianChak No. 5/RB(Female)",Ratian Chak No. 5/RB,202010902,,,,0,156,156,0,2,2
Ratian Chak No. 5/RB,202010901,,,,0,376,376,,,,,
Ratian Arainian Chak No. 5/RB,202010904,,,,0,243,243,,,,,
""
""
""
""
""
""
""
""
""
""
""
""
""
""
""
""
""
""
57,"Govt. G/E/S RatianSikhan Chak No. 5/RB",Ratian Chak No. 5/RB,202010903,,,,325,265,590,2,1,3
"",,Ratian Chak No. 5/RB,202010907,,,,401,336,737,,,
Total,,,,726,601,1327,2,1,3,,,
58,"Govt. G/M/S Ganianwala chak No.21/RB",Ganian wala chak No.21/RB,202010905,,,,306,229,535,2,2,4
"",,Ganian wala chak No.21/RB,202010906,,,,343,198,541,,,
"",,Ganian wala chak No.21/RB,202010908,,,,214,218,432,,,
Total,,,,863,645,1508,2,2,4,,,
59,"Govt. B/P/S ChakNo.40/RB (Male)",Hamraj pura chak No.40/RB,202010401,,,,288,0,288,2,0,2
"",,Hamraj pura chak No.40/RB,202010402,,,,339,0,339,,,
"",,Hamraj pura chak No.40/RB,202010403,,,,362,0,362,,,
"",,Hamraj pura chak No.40/RB,202010411,,,,304,0,304,,,
Total,,,,1293,0,1293,2,0,2,,,
60,"Govt. Girls M/S ChakNo.40/RB HamrajPura (Female)",Hamraj pura chak No.40/RB,202010401,,,,0,207,207,0,2,2
"",,Hamraj pura chak No.40/RB,202010402,,,,0,286,286,,,
"",,Hamraj pura chak No.40/RB,202010403,,,,0,241,241,,,
"",,Hamraj pura chak No.40/RB,202010411,,,,0,257,257,,,
Total,,,,0,991,991,0,2,2,,,
61,"Govt. Girls M/S ChakNo.40/RB Hamraj",Hamraj pura chak No.40/RB,202010404,,,,267,225,492,2,1,3
"",,Hamraj pura chak No.40/RB,202010405,,,,536,373,909,,,
Total,,,,803,598,1401,2,1,3,,,
62,"Govt. B/H/S BaroiaChak No.36/RB (Male)",Broai Chak No.36/RB,202011201,,,,825,0,825,2,0,2
"",,Broai Chak No.36/RB,202011202,,,,344,0,344,,,
Total,,,,1169,0,1169,2,0,2,,,
63,"Govt. B/H/S BaroiaChak No.36/RB",Broai Chak No.36/RB,202011201,,,,0,664,664,0,2,2
"",,Broai Chak No.36/RB,202011202,,,,0,282,282,,,
Total,,,,0,946,946,0,2,2,,,
64,"Govt. G/H/S BaroiaChak No.36/RB",Broai Chak No.36/RB,202011203,,,,254,190,444,2,2,4
"",,Broai Chak No.36/RB,202011204,,,,191,134,325,,,
"",,Broai Chak No.36/RB,202011211,,,,94,74,168,,,
"",,Broai Chak No.36/RB,202011205,,,,245,150,395,,,
"",,Broai Chak No.36/RB,202011212,,,,183,136,319,,,
Total,,,,967,684,1651,2,2,4,,,
65,"Govt.B/P/S ChakNo.28/RB  (Male)",Longowal Chak No.28/RB,202011206,,,,215,0,215,3,0,3
"",,Longowal Chak No.28/RB,202011207,,,,328,0,328,,,
"",,Longowal Chak No.28/RB,202011208,,,,226,0,226,,,
"",,Longowal Chak No.28/RB,202011209,,,,390,0,390,,,
"",,Longowal Chak No.28/RB,202011210,,,,230,0,230,,,
Total,,,,1389,0,1389,3,0,3,,,
66,"Govt.B/P/S ChakNo.28/RB  (Female)",Longowal Chak No.28/RB,202011206,,,,0,196,196,0,2,2
Longowal Chak No.28/RB,202011207,,,,0,208,208,,,,,
Longowal Chak No.28/RB,202011208,,,,0,159,159,,,,,
Longowal Chak No.28/RB,202011209,,,,0,287,287,,,,,
Longowal Chak No.28/RB,202011210,,,,0,150,150,,,,,
67,"Basic Health UnitChak No.22/RB KotRehmat Khan","BHU, Chak No.22/RB Kot RehmatKhan",202011301,,,,515,409,924,1,1,2
Total,,,,515,409,924,1,1,2,,,
68,"Govt. G/P/S DaraShahbaz",Chak No.291 RB,202011302,,,,603,425,1028,1,1,2
Total,,,,603,425,1028,1,1,2,,,
69,"Govt. G/P/S Chak No.286 Mahaish Shmali(Male)",Chak No. 286/RB,202011303,,,,794,0,794,3,0,3
"",,Chak No. 286/RB,202011304,,,,398,0,,,,
"",,Chak No. 286/RB,202011305,,,,379,0,379,,,
Total,,,,1571,0,1173,3,0,3,,,
70,"Govt. G/P/S Chak No.286 Mahaish Shmali(Female)",Chak No. 286/RB,202011303,,,,0,622,622,0,2,2
"",,Chak No. 286/RB,202011304,,,,0,228,228,,,
"",,Chak No. 286/RB,202011305,,,,0,258,258,,,
Total,,,,0,1108,1108,0,2,2,,,
71,"Govt. G/High/S IslamPura",,,Islam Pura,202020101,,805,610,1415,2,1,3
Total,,,,805,610,1415,2,1,3,,,
72,"Govt. G/High/S IslamPura  (Male)",,,Islam Pura,202020102,,1382,0,1382,3,0,3
Total,,,,1382,0,1382,3,0,3,,,
73,"Govt. G/High/S IslamPura (Female)",,,Islam Pura,202020102,,0,1023,1023,0,2,2
Total,,,,0,1023,1023,0,2,2,,,
74,"Govt. Girls/E/S AhmadAbad     Sangla Hill(Male)",,,"Muhallah Ahmad Abad Nai AbadiAhmad Abad",202020103,,753,0,753,3,0,3
"",,,,"Muhallah Ahmad Abad Nai AbadiAhmad Abad",202020107,,423,0,423,,,
"",,,,"Muhallah Ahmad Abad Nai AbadiAhmad Abad",202020104,,360,0,360,,,
Total,,,,1536,0,1536,3,0,3,,,
75,"Govt. Girls/E/S AhmadPura (Female)",,,"Muhallah Ahmad Abad Nai AbadiAhmad Abad",202020103,,0,586,586,0,2,2
"",,,,"Muhallah Ahmad Abad Nai AbadiAhmad Abad",202020107,,0,350,350,,,
"",,,,"Muhallah Ahmad Abad Nai AbadiAhmad Abad",202020104,,0,293,293,,,
Total,,,,0,1229,1229,0,2,2,,,
76,"Govt. B/P/S Ahmadabad  (Male)",,,Faiz abad Ahmad abad,202020105,,610,0,610,2,0,2
"",,,,Faiz abad Ahmad abad,202020106,,393,0,393,,,
Total,,,,1003,0,1003,2,0,2,,,
77,"Govt. B/P/S Ahmadabad  (Female)",,,Faiz abad Ahmad abad,202020105,,0,524,524,0,2,2
"",,Faiz abad Ahmad abad,202020106,,0,272,272,,,,,
78,"Govt. H/S No. 1 BBlock Near HussainTrust Hospital",,,"Galla Mandi Sabzi Mandi RailwayRoad Municipal Committee",202020201,,56,40,96,1,1,2
"",,,,"Galla Mandi Sabzi Mandi RailwayRoad Municipal Committee",202020202,,157,138,295,,,
"",,,,"Galla Mandi Sabzi Mandi RailwayRoad Municipal Committee",202020203,,205,173,378,,,
"",,,,"Galla Mandi Sabzi Mandi RailwayRoad Municipal Committee",202020204,,65,46,111,,,
Total,,,,483,397,880,1,1,2,,,
79,"Govt. Boys E/SChuhoor Sikhan(Male)",,,Muhallah Sheikhan,202020301,,372,0,372,3,0,3
"",,,,Muhallah Sheikhan,202020302,,487,0,487,,,
"",,,,"Muhallah Chuhoor Shikhan GliMPA wali No.3",202020303,,194,0,194,,,
"",,,,Sangla Hill MC,202020304,,207,0,207,,,
"",,,,Sangla Hill MC,202020305,,163,0,163,,,
Total,,,,1423,0,1423,3,0,3,,,
80,"Govt. Boys E/SChuhoor Sikhan(Female)",,,Muhallah Sheikhan,202020301,,0,307,307,0,2,2
"",,,,Muhallah Sheikhan,202020302,,0,434,434,,,
"",,,,"Muhallah Chuhoor Shikhan GliMPA wali No.3",202020303,,0,154,154,,,
"",,,,Sangla Hill MC,202020304,,0,167,167,,,
"",,,,Sangla Hill MC,202020305,,0,137,137,,,
Total,,,,0,1199,1199,0,2,2,,,
81,"Civil Hospital SanglaHill (Male)",,,Model town Purana Chuhoor,2  0  2  0  2  0  4  0  1,,175,0,175,2,0,2
"",,,,Model town Purana Chuhoor,2  0  2  0  2  0  4  0  2,,452,0,452,,,
"",,,,Model town Purana Chuhoor,2  0  2  0  2  0  4  0  3,,587,0,587,,,
Total,,,,1214,0,1214,2,0,2,,,
82,"Govt. Vet HospitalSangla Hill (Female)",,,Model town Purana Chuhoor,2  0  2  0  2  0  4  0  1,,0,159,159,0,2,2
"",,,,Model town Purana Chuhoor,2  0  2  0  2  0  4  0  2,,0,387,387,,,
"",,,,Model town Purana Chuhoor,2  0  2  0  2  0  4  0  3,,0,532,532,,,
Total,,,,0,1078,1078,0,2,2,,,
83,"Govt. Vet HospitalSangla Hill",,,Model town Purana Chuhoor,2  0  2  0  2  0  4  0  4,,788,632,1420,2,1,3
Total,,,,788,632,1420,2,1,3,,,
84,"Dy. D.E.O WomanOffice Model TownSangla Hill (Male)",,,Purana Chuhoor  Model town,2  0  2  0  2  0  4  0  5,,795,0,795,3,0,3
"",,Purana Chuhoor  Model town,2  0  2  0  2  0  5  0  1,,359,0,359,,,,,
"",,Purana Chuhoor  Model town,2  0  2  0  2  0  5  0  2,,406,0,406,,,,,
85,"Govt. Girls E/S SanglaHill (Female)",,,Purana Chuhoor  Model town,2  0  2  0  2  0  4  0  5,,0,638,638,0,2,2
"",,,,Purana Chuhoor  Model town,2  0  2  0  2  0  5  0  1,,0,295,295,,,
"",,,,Purana Chuhoor  Model town,2  0  2  0  2  0  5  0  2,,0,310,310,,,
Total,,,,0,1243,1243,0,2,2,,,
86,"Govt. P/S PuranaChuhoor",,,Purana Chuhoor,202020503,,503,383,886,2,2,4
"",,,,Purana Chuhoor,202020504,,479,358,837,,,
Total,,,,982,741,1723,2,2,4,,,
87,"Basic Health UnitMuhallah Ahmad abad(Male)",,,Mahallah Ahmad abad,202030101,,578,0,578,3,0,3
"",,,,Mahallah Ahmad abad,202030105,,370,0,370,,,
"",,,,Mahallah Ahmad abad,202030109,,716,0,716,,,
Total,,,,1664,0,1664,3,0,3,,,
88,"Basic Health UnitMuhallah Ahmad abad(Female)",,,Mahallah Ahmad abad,202030101,,0,392,392,0,2,2
"",,,,Mahallah Ahmad abad,202030105,,0,429,429,,,
"",,,,Mahallah Ahmad abad,202030109,,0,344,344,,,
Total,,,,0,1165,1165,0,2,2,,,
89,"Basic Health UnitMuhallah Ahmad abad",,,Mahallah Ahmad abad,202030102,,421,327,748,1,1,2
"",,,,Mahallah Ahmad abad,202030106,,204,163,367,,,
Total,,,,625,490,1115,1,1,2,,,
90,"Govt. Girls P/S AhmadAbad (Male)",,,Ahmad abad,202030103,,760,0,760,2,0,2
"",,,,Ahmad abad,202030107,,358,0,358,,,
Total,,,,1118,0,1118,2,0,2,,,
91,"Office AgricultureSangla Hill (Female)",,,Ahmad abad,202030103,,0,826,826,0,2,2
"",,,,Ahmad abad,202030107,,0,282,282,,,
Total,,,,0,1108,1108,0,2,2,,,
92,"Office AgricultureSangla Hill",,,Ahmad abad,202030104,,466,273,739,2,1,3
"",,,,Ahmad abad,202030108,,469,422,891,,,
Total,,,,935,695,1630,2,1,3,,,
93,"Govt. Boys HighSchool Sangla Hill(Male)",,,Iqbal Pura,202030201,,388,0,388,3,0,3
"",,,,Iqbal Pura,202030207,,442,0,442,,,
"",,,,Iqbal Pura,202030202,,638,0,638,,,
Total,,,,1468,0,1468,3,0,3,,,
94,"Govt. Boys HighSchool Sangla Hill(Female)",,,Iqbal Pura,202030201,,0,366,366,0,2,2
"",,,,Iqbal Pura,202030207,,0,294,294,,,
"",,,,,202030202,,0,504,504,,,
Total,,,,0,1164,1164,0,2,2,,,
95,"Govt. H/S No1 SanglaHill A Block (Male)",,,Mahlla Iqbal Pura,202030203,,517,0,517,3,0,3
"",,,,Mahlla Iqbal Pura,202030208,,345,0,345,,,
"",,,,Mahlla Iqbal Pura,202030204,,630,0,630,,,
Total,,,,1492,0,1492,3,0,3,,,
96,"Govt. H/S No1 SanglaHill A Block (Female)",,,Mahlla Iqbal Pura,202030203,,0,461,461,0,2,2
"",,Mahlla Iqbal Pura,202030208,,0,249,249,,,,,
"",,Mahlla Iqbal Pura,202030204,,0,491,491,,,,,
97,"Govt. H/S No1 SanglaHill A Block",,,Ghaos Pura,202030205,,438,326,764,2,1,3
"",,,,Ghaos Pura,202030206,,310,259,569,,,
Total,,,,748,585,1333,2,1,3,,,
98,"Govt.Girls High SchoolSangla Hill (Male)",,,Madni Colony Sharif Pura,202030301,,400,0,400,3,0,3
"",,,,Madni Colony Sharif Pura,202030302,,305,0,305,,,
"",,,,Madni Colony Sharif Pura,202030303,,310,0,310,,,
"",,,,Madni Colony Sharif Pura,202030307,,547,0,547,,,
Total,,,,1562,0,1562,3,0,3,,,
99,"Govt.Girls High SchoolSangla Hill (Female)",,,Madni Colony Sharif Pura,202030301,,0,320,320,0,2,2
"",,,,Madni Colony Sharif Pura,202030302,,0,244,244,,,
"",,,,Madni Colony Sharif Pura,202030303,,0,234,234,,,
"",,,,Madni Colony Sharif Pura,202030307,,0,450,450,,,
Total,,,,0,1248,1248,0,2,2,,,
100,"Govt. Islamia CollegeSangla Hill (Male)",,,Shah Kot Road,202030304,,38,0,38,3,0,3
"",,,,Shah Kot Road,202030305,,370,0,370,,,
"",,,,Shah Kot Road,202030309,,148,0,148,,,
"",,,,Shah Kot Road,202030306,,408,0,408,,,
"",,,,Shah Kot Road,202030308,,371,0,371,,,
Total,,,,1335,0,1335,3,0,3,,,
101,"Govt. Islamia CollegeSangla Hill (Female)",,,Shah Kot Road,202030304,,0,35,35,0,2,2
"",,,,Shah Kot Road,202030305,,0,246,246,,,
"",,,,Shah Kot Road,202030309,,0,148,148,,,
"",,,,Shah Kot Road,202030306,,0,182,182,,,
"",,,,Shah Kot Road,202030308,,0,401,401,,,
Total,,,,0,1012,1012,0,2,2,,,
102,"Govt.G/M/S MararChak NO.41 RB",Marar Chak No.41  RB,202011401,,,,427,281,708,1,1,2
"",,,202011402,,,,204,143,347,,,
Total,,,,631,424,1055,1,1,2,,,
103,"Govt.G/M/S MararChak NO.41 RB",Marar Chak No.41  RB,202011403,,,,440,307,747,2,1,3
"",,,202011405,,,,446,287,733,,,
Total,,,,886,594,1480,2,1,3,,,
104,"BHU Marar ChakNo.41 RB",Marar Chak No.41  RB,202011404,,,,769,542,1311,2,1,3
Total,,,,769,542,1311,2,1,3,,,
105,"Govt. P.S ChakNo.292 RB Jhugian",Chak No.292 RB Jhugian,202011408,,,,350,263,613,1,1,2
Total,,,,350,263,613,1,1,2,,,
106,"Govt. G/E/S PundatWala Chak No.37 RB",Pundat Wala Chak No.37 RB,202011406,,,,586,440,1026,2,1,3
"",,Pundat Wala Chak No.37 RB,202011407,,,,443,280,723,,,
Total,,,,1029,720,1749,2,1,3,,,
107,"Govt. G/P/S ChakNo.32 RB Pakhri Wala",Chak No. 32 Pakhre Wala,202011501,,,,478,337,815,2,1,3
Chak No. 32 Pakhre Wala,202011502,,,,468,344,812,,,,,
"",108,"Govt. B/H/S Chak No.18Bhahoro",Chak No.18 Bhahoro,202011601,,,,591,351,942,2,1,3
"",,,Chak No.18 Bhahoro,202011602,,,,208,129,337,,,
"",Total,,,,799,480,1279,2,1,3,,,
"",109,"Govt. B/M/S Bhahoro(Male)",Chak No.18 Bhahoro,202011603,,,,434,0,434,2,0,2
"",,,Chak No.18 Bhahoro,202011608,,,,281,0,281,,,
"",,,Chak No.18 Bhahoro,202011604,,,,491,0,491,,,
"",Total,,,,1206,0,1206,2,0,2,,,
"",110,"Govt. B/M/S Bhahoro(Female)",Chak No.18 Bhahoro,202011603,,,,0,368,368,0,2,2
"",,,Chak No.18 Bhahoro,202011608,,,,0,152,152,,,
"",,,Chak No.18 Bhahoro,202011604,,,,0,375,375,,,
"",Total,,,,0,895,895,0,2,2,,,
"",111,"Govt.B/H/S SithialiKalan",Chak No.25 Sithiali Kalan,202011605,,,,428,328,756,2,1,3
"",,,Chak No.25 Sithiali Kalan,202011607,,,,394,291,685,,,
"",Total,,,,822,619,1441,2,1,3,,,
"",112,Govt. B/M/S Sithiali Kalan,Chak No.25 Sithiali Kalan,202011606,,,,457,367,824,1,1,2
"",Total,,,,457,367,824,1,1,2,,,
"",113,"Govt. B/E/S Mali Burgi(Male)",Chak No.17 Mali Burgi,202011701,,,,377,0,377,2,0,2
"",,,Chak No.17 Mali Burgi,202011702,,,,527,0,527,,,
"",,,Chak No.17 Mali Burgi,202011703,,,,287,0,287,,,
"",Total,,,,1191,0,1191,2,0,2,,,
"",114,"Govt. B/E/S Mali Burgi(Female)",Chak No.17 Mali Burgi,202011701,,,,0,263,263,0,2,2
"",,,Chak No.17 Mali Burgi,202011702,,,,0,320,320,,,
"",,,Chak No.17 Mali Burgi,202011703,,,,0,240,240,,,
"",Total,,,,0,823,823,0,2,2,,,
"",115,"Govt. G/E/S ThothianKalan",Chak No. 10 RB Thotian Kalan,202011704,,,,639,401,1040,2,1,3
"",,,Chak No. 10 RB Thotian Kalan,202011705,,,,463,290,753,,,
"",Total,,,,1102,691,1793,2,1,3,,,
"",116,Govt. B/M/S Thothian Khurd,Chak No. 10 RB Thotian Khurd,202011706,,,,726,482,1208,2,1,3
"",Total,,,,726,482,1208,2,1,3,,,
"",117,"Govt. G.E.S Chak No.49RBKarian wala",Chak No. 49RB Karian wala,203010201,,,,471,429,900,2,2,4
"",,,Chak No. 49RB Karian wala,203010202,,,,319,272,591,,,
"",Total,,,,790,701,1491,2,2,4,,,
"",118,"Govt. Boys M/S ChakNo.50 RB Umar Pura(Male)",Chak No.50 RB Umar Pura Tawona,203010203,,,,130,0,130,2,0,2
"",,,Chak No.50 RB Umar Pura Tawona,203010215,,,,131,0,131,,,
"",,,Chak No.50 RB Umar Pura Tawona,203010204,,,,264,0,264,,,
"",,,Chak No.50 RB Umar Pura Tawona,203010205,,,,368,0,368,,,
"",,,Chak No.50 RB Umar Pura Tawona,203010216,,,,216,0,216,,,
"",Total,,,,1109,0,1109,2,0,2,,,
"",119,"Govt. Boys M/S ChakNo.50 RB Umar Pura(Female)",Chak No.50 RB Umar Pura Tawona,203010203,,,,0,96,96,0,2,2
Chak No.50 RB Umar Pura Tawona,203010215,,,,0,91,91,,,,,,
Chak No.50 RB Umar Pura Tawona,203010204,,,,0,218,218,,,,,,
Chak No.50 RB Umar Pura Tawona,203010205,,,,0,327,327,,,,,,
Chak No.50 RB Umar Pura Tawona,203010216,,,,0,145,145,,,,,,
120,"Govt. G/H/S ChakNo.50 RB Umar Pura",Chak No.50 RB Umar Pura Tawona,203010206,,,,421,373,794,2,1,3
"",,Chak No.50 RB Umar Pura Tawona,203010207,,,,315,224,539,,,
Total,,,,736,597,1333,2,1,3,,,
121,"Govt. G/P/S ChakNo.50 RB Umar Pura",Chak No.50 RB Gulistan Colony,203010208,,,,219,172,391,2,2,4
"",,Chak No.50 RB Gulistan Colony,203010209,,,,205,201,406,,,
"",,Chak No.50 RB Gulistan Colony,203010217,,,,400,307,707,,,
"",,Chak No.50 RB Gulistan Colony,203010218,,,,194,126,320,,,
Total,,,,1018,806,1824,2,2,4,,,
122,"Govt. G/H/S KartarPura Chak No.51  RB(Male)",Chukery Chak No.51,203010210,,,,161,0,161,2,0,2
"",,Chukery Chak No.51,203010219,,,,94,0,94,,,
"",,Chukery Chak No.51,203010220,,,,43,0,43,,,
"",,Seri Ram Singh,203010211,,,,367,0,367,,,
"",,Seri Ram Singh,203010221,,,,15,0,15,,,
"",,Anud Pura,203010212,,,,433,0,433,,,
Total,,,,1113,0,1113,2,0,2,,,
123,"Govt. G/H/S KartarPura Chak No.51  RB(Female)",Chukery Chak No.51,203010210,,,,0,101,101,0,2,2
"",,Chukery Chak No.51,203010219,,,,0,99,99,,,
"",,Chukery Chak No.51,203010220,,,,0,29,29,,,
"",,Seri Ram Singh,203010211,,,,0,288,288,,,
"",,Seri Ram Singh,203010221,,,,0,25,25,,,
"",,Anud Pura,203010212,,,,0,361,361,,,
Total,,,,0,903,903,0,2,2,,,
124,"Govt. Girls P/S ChakNo.51RB Pathan Wala",Chak No.51RB Pattan Wala,203010213,,,,332,238,570,2,1,3
"",,Chak No.51RB Pursaram,203010214,,,,368,252,620,,,
Total,,,,700,490,1190,2,1,3,,,
125,"Govt. G/M/S KotlaKalwan",Kotla Kalan Chak No.44,203010501,,,,470,351,821,2,1,3
"",,Kotla Kalan Chak No.44,203010502,,,,195,137,332,,,
"",,Kotla Kalan Chak No.44,203010503,,,,70,45,115,,,
"",,Kotla Kalan Chak No.44,203010504,,,,149,96,245,,,
Total,,,,884,629,1513,2,1,3,,,
126,"Govt. G/P/S KotlaKalwan",Kotla Kalan Chak No.44,203010505,,,,491,406,897,2,2,4
"",,Kotla Kalan Chak No.44,203010507,,,,445,316,761,,,
Total,,,,936,722,1658,2,2,4,,,
127,"Govt. G/P/S NewBuilding",Kotla Kalan Chak No.44,203010506,,,,694,533,1227,2,1,3
Total,,,,694,533,1227,2,1,3,,,
128,"Govt. Boys/E/SWanotian wal ChakNo. 39",Wanotian wali Chak No.39,203010508,,,,293,212,505,2,2,4
Wanotian wali Chak No.39,203010511,,,,118,98,216,,,,,
Wanotian wali Chak No.39,203010510,,,,357,261,618,,,,,
Wanotian wali Chak No.39,203010514,,,,170,124,294,,,,,
"",129,"Govt. G/M/S Wanotianwali Chak No.39",Wanotian wali Chak No.39,203010509,,,,188,123,311,1,1,2
"",,,Wanotian wali Chak No.39,203010512,,,,309,205,514,,,
"",,,Wanotian wali Chak No.39,203010513,,,,155,139,294,,,
"",Total,,,,652,467,1119,1,1,2,,,
"",130,"Govt. B/H/S Wali PurBoora  (Male)",Chak No.175 RB Wali Pur Boora,203010801,,,,731,0,731,2,0,2
"",,,Chak No.175 RB Wali Pur Boora,203010802,,,,468,0,468,,,
"",Total,,,,1199,0,1199,2,0,2,,,
"",131,"Govt. B/H/S Wali PurBoora  (Female)",Chak No.175 RB Wali Pur Boora,203010801,,,,0,583,583,0,2,2
"",,,Chak No.175 RB Wali Pur Boora,203010802,,,,0,406,406,,,
"",Total,,,,0,989,989,0,2,2,,,
"",132,"Govt. Girls H/S WaliPur Boora (Male)",Chak No.175 RB Wali Pur Boota,203010803,,,,276,0,276,3,0,3
"",,,Chak No.175 RB Wali Pur Boota,203010804,,,,762,0,762,,,
"",,,Chak No.175 RB Wali Pur Boota,203010805,,,,450,0,450,,,
"",Total,,,,1488,0,1488,3,0,3,,,
"",133,"Govt. Girls H/S WaliPur Boora  (Female)",Chak No.175 RB Wali Pur Boota,203010803,,,,0,322,322,0,2,2
"",,,Chak No.175 RB Wali Pur Boota,203010804,,,,0,543,543,,,
"",,,Chak No.175 RB Wali Pur Boota,203010805,,,,0,265,265,,,
"",Total,,,,0,1130,1130,0,2,2,,,
"",134,"Govt.Boys P/S NewMadha Chak No.175/RB   (Male)","Matvala Chak No. 175 RB Wali PurBoora",203010806,,,,593,0,593,3,0,3
"",,,"Matvala Chak No. 175 RB Wali PurBoora",203010807,,,,470,0,470,,,
"",,,"Matvala Chak No. 175 RB Wali PurBoora",203010808,,,,421,0,421,,,
"",Total,,,,1484,0,1484,3,0,3,,,
"",135,"Govt.Boys P/S NewMadha Chak No.175/RB   (Female)",Matvala Chak No. 175 RB Wali Pur Boora,203010806,,,,0,503,503,0,2,2
"",,,Matvala Chak No. 175 RB Wali Pur Boora,203010807,,,,0,358,358,,,
"",,,Matvala Chak No. 175 RB Wali Pur Boora,203010808,,,,0,292,292,,,
"",Total,,,,0,1153,1153,0,2,2,,,
"",136,"Govt. B/H/S Chak No.167/RB Pattar wali(Male)",Chak No.167 Pattar wali,203010809,,,,406,0,406,2,0,2
"",,,Chak No.167 Pattar wali,203010810,,,,323,0,323,,,
"",,,Chak No.167 Pattar wali,203010811,,,,300,0,300,,,
"",Total,,,,1029,0,1029,2,0,2,,,
"",137,"Govt. B/H/S Chak No.167/RB Pattar wali(Female)",Chak No.167 Pattar wali,203010809,,,,0,317,317,0,2,2
"",,,Chak No.167 Pattar wali,203010810,,,,0,239,239,,,
"",,,Chak No.167 Pattar wali,203010811,,,,0,239,239,,,
"",Total,,,,0,795,795,0,2,2,,,
"",138,"Govt. G/P/S Katainwala Chak No.167 RB(Male)",Chak No.167 Katain wala,203010812,,,,545,0,545,3,0,3
Chak No.167 Katain wala,203010813,,,,366,0,366,,,,,,
Chak No.167 Katain wala,203010814,,,,317,0,317,,,,,,
Chak No.167 Katain wala,203010815,,,,220,0,220,,,,,,
139,"Govt. G/P/S Katainwala Chak No.167 RB(Female)",Chak No.167 Katain wala,203010812,,,,0,512,512,0,2,2
"",,Chak No.167 Katain wala,203010813,,,,0,273,273,,,
"",,Chak No.167 Katain wala,203010814,,,,0,226,226,,,
"",,Chak No.167 Katain wala,203010815,,,,0,148,148,,,
Total,,,,0,1159,1159,0,2,2,,,
140,"Govt.Girls M/SPanwan Chak No. 176",Punva Chak No.176 RB,203010816,,,,486,0,486,2,0,2
"",,Punva Chak No.176 RB,203010817,,,,636,0,636,,,
Total,,,,1122,0,1122,2,0,2,,,
141,"Govt.Girls M/SPanwan Chak No. 176",Punva Chak No.176 RB,203010816,,,,0,387,387,0,2,2
"",,Punva Chak No.176 RB,203010817,,,,0,508,508,,,
Total,,,,0,895,895,0,2,2,,,
142,"B.H.U Panwan ChakNo. 176 RB   (Male)",Punva Chak No.176 RB,203010818,,,,378,0,378,2,0,2
"",,Punva Chak No.176 RB,203010819,,,,423,0,423,,,
"",,Punva Chak No.176 RB,203010820,,,,312,0,312,,,
Total,,,,1113,0,1113,2,0,2,,,
143,"B.H.U Panwan ChakNo. 176 RB   (Female)",Punva Chak No.176 RB,203010818,,,,0,310,310,0,2,2
"",,Punva Chak No.176 RB,203010819,,,,0,363,363,,,
"",,Punva Chak No.176 RB,203010820,,,,0,247,247,,,
Total,,,,0,920,920,0,2,2,,,
144,"Govt. Girls H/S ChakNo. 174/RB",CHAK NO 174/R B,203010901,,,,406,323,729,2,2,4
"",,CHAK NO 174/R B,203010902,,,,432,382,814,,,
Total,,,,838,705,1543,2,2,4,,,
145,"Govt. Boys H/S ChakNo. 174/RB",CHAK NO 174/R B,203010903,,,,488,418,906,1,1,2
"",,CHAK NO 174/R B,203010904,,,,183,150,333,,,
Total,,,,671,568,1239,1,1,2,,,
146,"Govt. Boys H/S ChakNo. 168/RB Karkan(Male)",CHAK NO 168/R B,203010905,,,,578,0,578,2,0,2
"",,CHAK NO 168/R B,203010914,,,,261,0,261,,,
"",,CHAK NO 168/R B,203010906,,,,282,0,282,,,
Total,,,,1121,0,1121,2,0,2,,,
147,"Govt. Boys H/S ChakNo. 168/RB Karkan(Female)",CHAK NO 168/R B,203010905,,,,0,450,450,0,2,2
"",,CHAK NO 168/R B,203010914,,,,0,155,155,,,
"",,CHAK NO 168/R B,203010906,,,,0,199,199,,,
Total,,,,0,804,804,0,2,2,,,
148,"Govt. Boys P/S ChakNo. 168/RB MacharWala",CHAK NO 168/R B,203010907,,,,395,294,689,2,2,4
"",,CHAK NO 168/R B,203010908,,,,249,177,426,,,
"",,CHAK NO 168/R B,203010909,,,,292,219,511,,,
Total,,,,936,690,1626,2,2,4,,,
149,"Govt. Girls P/S ChakNo. 35/RB JawalaSinghwala  (Male)",CHAK NO.035/R.B,203010910,,,,391,0,391,2,0,2
CHAK NO.035/R.B,203010911,,,,249,0,249,,,,,
CHAK NO.035/R.B,203010912,,,,399,0,399,,,,,
CHAK NO.035/R.B,203010913,,,,169,0,169,,,,,
150,"Govt. Girls P/S ChakNo. 35/RB JawalaSinghwala  (Female)",CHAK NO.035/R.B,203010910,,,,0,291,291,0,2,2
"",,CHAK NO.035/R.B,203010911,,,,0,166,166,,,
"",,CHAK NO.035/R.B,203010912,,,,0,323,323,,,
"",,CHAK NO.035/R.B,203010913,,,,0,97,97,,,
Total,,,,0,877,877,0,2,2,,,
151,"Govt. Girls P/S ChakNo. 26/RB Paca Dalla",CHAK NO 026/R B,203011001,,,,590,0,590,2,0,2
"",,CHAK NO 026/R B,203011002,,,,495,0,495,,,
Total,,,,1085,0,1085,2,0,2,,,
152,"Govt. Girls P/S ChakNo. 26/RB Paca Dalla",CHAK NO 026/R B,203011001,,,,0,478,478,0,2,2
"",,CHAK NO 026/R B,203011002,,,,0,364,364,,,
Total,,,,0,842,842,0,2,2,,,
153,"Govt. Boys P/S ChakNo. 34/RB Bair wala(Male)",CHAK NO 034/R B,203011003,,,,518,0,518,3,0,3
"",,CHAK NO 034/R B,203011004,,,,383,0,383,,,
"",,CHAK NO 034/R B,203011005,,,,507,0,507,,,
Total,,,,1408,0,1408,3,0,3,,,
154,"Govt. Boys P/S ChakNo. 34/RB Bair wala(Female)",CHAK NO 034/R B,203011003,,,,0,340,340,0,2,2
"",,CHAK NO 034/R B,203011004,,,,0,273,273,,,
"",,CHAK NO 034/R B,203011005,,,,0,385,385,,,
Total,,,,0,998,998,0,2,2,,,
155,"Govt. Boys M/S ChakNo. 48/RB Moor",CHAK NO 048/R B,203011101,,,,480,362,842,2,1,3
"",,CHAK NO 048/R B,203011102,,,,232,171,403,,,
Total,,,,712,533,1245,2,1,3,,,
156,"Govt. B/H/S ChakNo.33RB Daro wali(Male)",Chak No.33RB Daro wali,203011103,,,,487,0,487,3,0,3
"",,Chak No.33RB Daro wali,203011104,,,,406,0,406,,,
"",,Chak No.33RB Daro wali,203011105,,,,436,0,436,,,
"",,Chak No.33RB Daro wali,203011106,,,,183,0,183,,,
Total,,,,1512,0,1512,3,0,3,,,
157,"Govt. B/H/S ChakNo.33RB Daro wali(Female)",Chak No.33RB Daro wali,203011103,,,,0,311,311,0,2,2
"",,Chak No.33RB Daro wali,203011104,,,,0,289,289,,,
"",,Chak No.33RB Daro wali,203011105,,,,0,322,322,,,
"",,Chak No.33RB Daro wali,203011106,,,,0,96,96,,,
Total,,,,0,1018,1018,0,2,2,,,
158,"Govt. G/M/S ChakNo.82/RB",Rasool Pur Arainian,203011201,,,,461,321,782,2,2,4
"",,Rasool Pur Arainian,203011202,,,,485,422,907,,,
Total,,,,946,743,1689,2,2,4,,,
159,"Govt. B/P/S ChakNo.82/RB",Rasool Pur Arainian,203011203,,,,449,404,853,1,1,2
"",,Rasool Pur Arainian,203011204,,,,96,76,172,,,
Total,,,,545,480,1025,1,1,2,,,
160,"Govt. B/H/S/P ChakNo.38","Chak No.38 Nazam Pura Chaliyawala",203011205,,,,485,400,885,1,1,2
161,"Govt.G/P/S ChakNo.38","Chak No.38 Nazam Pura Chaliyawala",203011206,,,,541,455,996,2,1,3
"",,"Chak No.38 Nazam Pura Chaliyawala",203011207,,,,355,238,593,,,
Total,,,,896,693,1589,2,1,3,,,
162,"Govt. G/E/S ChakNo.38 Dewa singhNizam Pura","Chak No.38 Dewa singh NazamPura",203011208,,,,314,236,550,2,1,3
"",,"Chak No.38 Dewa singh NazamPura",203011209,,,,439,350,789,,,
Total,,,,753,586,1339,2,1,3,,,
163,"Govt. B/P/S chakNo.38 Dewa singhNizam Pura","Chak No.38 Dewa singh NazamPura",203011210,,,,317,248,565,2,1,3
"",,"Chak No.38 Dewa singh NazamPura",203011211,,,,457,274,731,,,
Total,,,,774,522,1296,2,1,3,,,
164,"Govt. G/H/S chakNo.80 Nazam pura",Nazam pura Mola Singh,203011212,,,,700,495,1195,2,1,3
"",,Nazam pura Mola Singh,203011213,,,,273,175,448,,,
Total,,,,973,670,1643,2,1,3,,,
165,"Govt. G/P/S chakNo.80 Nazam puraMola Singh",Nazam pura Mola Singh,203011214,,,,309,211,520,2,2,4
"",,Nazam pura Mola Singh,203011215,,,,386,276,662,,,
"",,Nazam pura Mola Singh,203011216,,,,295,234,529,,,
Total,,,,990,721,1711,2,2,4,,,
166,"Govt. B/P/S Chak No.81",Islam Nagar Chak No.81,203011217,,,,549,410,959,2,1,3
"",,Islam Nagar Chak No.81,203011219,,,,368,249,617,,,
Total,,,,917,659,1576,2,1,3,,,
167,"Govt. BHU IslamNagar",Islam Nagar Chak No.81,203011218,,,,700,502,1202,2,2,4
"",,Islam Nagar Chak No.81,203011220,,,,105,58,163,,,
"",,Islam Nagar Chak No.81,203011221,,,,115,64,179,,,
Total,,,,920,624,1544,2,2,4,,,
168,"Govt. Girls P/S ChakNo. 371/GB Youngsan",Chak No. 371/GB Youngsan Abad,201010501,,,,468,428,896,2,2,4
"",,Chak No. 371/GB Youngsan Abad,201010505,,,,234,219,453,,,
Total,,,,702,647,1349,2,2,4,,,
169,"Govt. Boys P/S ChakNo. 371/GB YoungsanAbad (Male)",Chak No. 371/GB Youngsan Abad,201010502,,,,237,0,237,2,0,2
"",,Chak No. 371/GB Youngsan Abad,201010503,,,,255,0,255,,,
"",,Chak No. 371/GB Youngsan Abad,201010504,,,,746,0,746,,,
Total,,,,1238,0,1238,2,0,2,,,
170,"Govt. Boys P/S ChakNo. 371/GB YoungsanAbad (Female)",Chak No. 371/GB Youngsan Abad,201010502,,,,0,258,258,0,2,2
"",,,201010503,,,,0,239,239,,,
"",,,201010504,,,,0,602,602,,,
Total,,,,0,1099,1099,0,2,2,,,
171,"Govt. Girls H/S ChakNo. 371/GB Marton",Chak No. 371/GB Marton Pur,201010506,,,,299,248,547,2,2,4
Chak No. 371/GB Marton Pur,201010507,,,,496,444,940,,,,,
172,"Govt. Girls H/S ChakNo. 371/GB Marton",Chak No. 371/GB Marton Pur,201010508,,,,534,429,963,2,2,4
"",,Chak No. 371/GB Marton Pur,201010509,,,,313,262,575,,,
Total,,,,847,691,1538,2,2,4,,,
173,"Govt. Boys P/S ChakNo. 370/GB Sahib",Chak No. 370/GB Sahib Wala,201010510,,,,229,180,409,2,1,3
"",,Chak No. 370/GB Sahib Wala,201010511,,,,608,469,1077,,,
Total,,,,837,649,1486,2,1,3,,,
174,"Govt. Girls P/S ChakNo. 370/GB SardarWala (P)",Chak No. 370/GB Sardar Wala,201010512,,,,402,301,703,1,1,2
Total,,,,402,301,703,1,1,2,,,
175,"Govt. Community M/SDolat Pura (P)",Chak No.573/GB Dolat Pura,201010601,,,,342,220,562,1,1,2
"",,Chak No.573/GB Dolat Pura,201010602,,,,177,118,295,,,
Total,,,,519,338,857,1,1,2,,,
176,"Govt. Girls E/S ChakNo.572/GB (Male)",Chak No.572/GB Baghor,201010603,,,,634,0,634,3,0,3
"",,Chak No.572/GB Baghor,201010604,,,,365,0,365,,,
"",,Chak No.572/GB Baghor,201010606,,,,35,0,35,,,
Total,,,,1034,0,1034,3,0,3,,,
177,"Govt. Girls E/S ChakNo.572/GB (Female)",Chak No.572/GB Baghor,201010603,,,,0,558,558,0,2,2
"",,Chak No.572/GB Baghor,201010604,,,,0,226,226,,,
"",,Chak No.572/GB Baghor,201010606,,,,0,79,79,,,
Total,,,,0,863,863,0,2,2,,,
178,"Govt. Girls P/S ChakNo. 572 Hussain Abad(P)",Chak No. 572 Hussain Abad,201010605,,,,394,251,645,1,1,2
Total,,,,394,251,645,1,1,2,,,
179,"Govt. Boys M/S ChakNo.574/GB WakeelWala",Chak No.574/GB Wakeel Wala,201010701,,,,468,377,845,1,1,2
Total,,,,468,377,845,1,1,2,,,
180,"Govt. Boys P/SSangian Wala",Chak No.574/GB Sangian Wala,201010702,,,,472,307,779,1,1,2
Total,,,,472,307,779,1,1,2,,,
181,"Govt. P/S Chak No.589/GB Adam Pura",Chak No. 589/GB Adam Pura,201010703,,,,588,485,1073,2,1,3
Total,,,,588,485,1073,2,1,3,,,
182,"Govt. Boys PrimarySchool  Machhrala",Machhrala,201030101,,,,239,198,437,2,2,4
"",,Machhrala,201030102,,,,487,430,917,,,
Total,,,,726,628,1354,2,2,4,,,
183,"Govt. H/S BahawalKot",Alawal Kot Machhrala,201030103,,,,230,194,424,2,1,3
"",,Bahawal Kot Machhrala,201030105,,,,407,348,755,,,
Total,,,,637,542,1179,2,1,3,,,
184,"Govt. Boys P/S ChahMuhammad Yousif",Kot Nazir Muhammad,201030106,,,,294,292,586,1,1,2
Kot Nazir Muhammad,201030109,,,,244,175,419,,,,,
185,"Govt. Boys E/SWalgan Sohail  (Male)",Walgan Sohail,201030107,,,,312,0,312,3,0,3
"",,Walgan Sohail,201030108,,,,653,0,653,,,
Total,,,,965,0,965,3,0,3,,,
186,"Govt. Boys E/SWalgan Sohail",Walgan Sohail,201030107,,,,0,277,277,0,2,2
"",,Walgan Sohail,201030108,,,,0,571,571,,,
Total,,,,0,848,848,0,2,2,,,
187,"Govt. Boys H/SChandar Nagar (P)",Chak No. 2/GB Chandar Nagar,201030201,,,,499,310,809,3,2,5
"",,,201030212,,,,317,350,667,,,
"",,Abadi Juttan/ Abadi Sultan Singh,201030203,,,,201,157,358,,,
"",,Abadi Juttan/ Abadi Sultan Singh,201030204,,,,135,96,231,,,
Total,,,,1152,913,2065,3,2,5,,,
188,"Govt. Boys P/SChandar Naghar (P)",Chak No. 2/GB Chandar Naghar,201030202,,,,514,393,907,1,1,2
Total,,,,514,393,907,1,1,2,,,
189,"Govt. Boys E/S ChakNo. 2/GB Bagga Chak(P)",Chak No. 2/GB Bagga Chak,201030205,,,,763,615,1378,2,1,3
Total,,,,763,615,1378,2,1,3,,,
190,"Govt. Boys P/S ChakNo. 3/GB Kot Suleman(P)",Chak No. 3/GB Kot Sultan,201030206,,,,228,166,394,2,1,3
"",,Chak No. 3/GB Kot Sultan,201030213,,,,94,82,176,,,
"",,Chak No. 3/GB Kot Sultan,201030214,,,,99,61,160,,,
"",,Chak No. 3/GB Kot Bibi,201030209,,,,263,189,452,,,
Total,,,,684,498,1182,2,1,3,,,
191,"Govt. Boys P/S ChakNo. 3/GB Ittan Wali",Chak No. 3/GB Ittan Wali,201030207,,,,438,300,738,1,1,2
"",,Chak No. 3/GB Ittan Wali,201030208,,,,137,101,238,,,
Total,,,,575,401,976,1,1,2,,,
192,"Govt. Boys P/SMehmood Pura (Male)",Chak No.1 Mehmood Pura,201030210,,,,372,0,372,2,0,2
"",,Chak No.1 Mehmood Pura,201030211,,,,599,0,599,,,
Total,,,,971,0,971,2,0,2,,,
193,"Govt. Boys P/SMehmood Pura",Chak No.1 Mehmood Pura,201030210,,,,0,315,315,0,2,2
"",,Chak No.1 Mehmood Pura,201030211,,,,0,426,426,,,
Total,,,,0,741,741,0,2,2,,,
194,"Govt. Girls M/S ChakNo. 4/GB Bhagwan",Chak No.4/GB Bhagwan Pura,201030301,,,,613,458,1071,2,2,4
"",,Chak No.4/GB Bhagwan Pura,201030302,,,,300,236,536,,,
Total,,,,913,694,1607,2,2,4,,,
195,"Govt. P/S Chak No.4Bhagwan Pura (P)",Chak No.4 Bhagwan Pura,201030303,,,,206,192,398,2,1,3
"",,Chak No.4 Bhagwan Pura,201030310,,,,139,83,222,,,
"",,Chak No.4 Bhagwan Pura,201030304,,,,108,85,193,,,
"",,Chak No.4 Bhagwan Pura,201030311,,,,122,116,238,,,
Total,,,,575,476,1051,2,1,3,,,
196,"Govt. H/S ChakWattowan (Male)",Chak No.638/GB Chak Wattowan,201030305,,,,667,0,667,3,0,3
Chak No.638/GB Chak Wattowan,201030306,,,,489,0,489,,,,,
197,"Govt. H/S ChakWattowan (Female)",Chak No.638/GB Chak Wattowan,201030305,,,,0,547,547,0,2,2
"",,Chak No.638/GB Chak Wattowan,201030306,,,,0,374,374,,,
Total,,,,0,921,921,0,2,2,,,
198,"Govt. H/S ChakWattowan (P)",Chak No.638/GB Chak Wattowan,201030307,,,,265,244,509,2,2,4
"",,Chak No.638/GB Chak Wattowan,201030308,,,,349,316,665,,,
"",,Chak No.638/GB Chak Wattowan,201030309,,,,270,243,513,,,
Total,,,,884,803,1687,2,2,4,,,
199,"Govt. Boys P/S ChakNo. 5/ GB Khurd (P)",Chak No.5/ GB Khurd,201030401,,,,389,358,747,2,1,3
"",,Chak No.5/ GB Khurd,201030408,,,,249,188,437,,,
Total,,,,638,546,1184,2,1,3,,,
200,"Govt. Girls CommunityM/S Chak No. 5/GBKalan (Male)",Chak No.5/GB Kalan,201030402,,,,433,0,433,3,0,3
"",,Chak No.5/GB Kalan,201030403,,,,464,0,464,,,
"",,Chak No.5/GB Kalan,201030404,,,,367,0,367,,,
Total,,,,1264,0,1264,3,0,3,,,
201,"Govt. Girls CommunityM/S Chak No. 5/GBKalan (Female)",Chak No.5/GB Kalan,201030402,,,,0,259,259,0,2,2
"",,Chak No.5/GB Kalan,201030403,,,,0,301,301,,,
"",,Chak No.5/GB Kalan,201030404,,,,0,406,406,,,
Total,,,,0,966,966,0,2,2,,,
202,"Govt. Boys P/S ChakNo. 5/GB Kalan (P)",Chak No.5/GB Kalan,201030405,,,,362,265,627,2,1,3
"",,Chak No.5/GB Kalan,201030406,,,,240,183,423,,,
Total,,,,602,448,1050,2,1,3,,,
203,"Govt. Boys E/S ChakNo. 369/GB Raisan",Chak No. 369/GB Raisan Wala,201030407,,,,386,0,386,2,0,2
"",,Chak No. 369/GB Raisan Wala,201030409,,,,678,0,678,,,
Total,,,,1064,0,1064,2,0,2,,,
204,"Govt. Boys E/S ChakNo. 369/GB Raisan",Chak No. 369/GB Raisan Wala,201030407,,,,0,263,263,0,2,2
"",,Chak No. 369/GB Raisan Wala,201030409,,,,0,614,614,,,
Total,,,,0,877,877,0,2,2,,,
205,"Govt. Boys E/S ChakNo. 6/GB Ram Nagar",Chak No. 6/GB Ram Nagar,201030501,,,,368,311,679,2,1,3
"",,Chak No. 6/GB Ram Nagar,201030502,,,,285,226,511,,,
Total,,,,653,537,1190,2,1,3,,,
206,"Govt. Girls H/S ChakNo.  6/GB Ram Nagar(P)",Chak No. 6/GB Ram Nagar,201030503,,,,610,503,1113,2,2,4
"",,Chak No. 6/GB Ram Nagar,201030504,,,,225,176,401,,,
"",,Chak No. 6/GB Ram Nagar,201030511,,,,11,2,13,,,
Total,,,,846,681,1527,2,2,4,,,
207,"Govt. Girls CommunityM/S Chak No. 7/GBSaini Bar (P)",Chak No.7/GB Saini Bar,201030505,,,,776,640,1416,2,1,3
Total,,,,776,640,1416,2,1,3,,,
208,"Govt. Boys H/S ChakNo. 7/GB Saini Bar (P)",Chak No.7/GB Saini Bar,201030506,,,,490,405,895,2,2,4
Chak No.7/GB Saini Bar,201030507,,,,242,180,422,,,,,
209,"Govt. Boys P/S ChakNo.8/GB Anand Gar",Chak No.8/GB Anand Gar,201030508,,,,327,230,557,2,1,3
"",,Chak No.8/GB Anand Gar,201030512,,,,272,225,497,,,
Total,,,,599,455,1054,2,1,3,,,
210,"Govt. Girls E/S ChakNo. 8/GB Anand Gar",Chak No.8/GB Anand Gar,201030509,,,,407,537,944,2,1,3
"",,Chak No.8/GB Anand Gar,201030510,,,,401,78,479,,,
Total,,,,808,615,1423,2,1,3,,,
211,"Govt. Boys P/S ChakNo. 9/GB Jabbar (P)",Chak No.9/GB Jabbar,201030601,,,,427,372,799,2,2,4
"",,Chak No.9/GB Jabbar,201030602,,,,453,328,781,,,
Total,,,,880,700,1580,2,2,4,,,
212,"Govt. Boys P/S ChakNo. 10/GB Noshaira(P)",Chak No. 10/GB Noshaira,201030603,,,,285,261,546,1,1,2
"",,Chak No. 10/GB Noshaira,201030609,,,,103,73,176,,,
"",,Chak No. 10/GB Noshaira,201030604,,,,263,217,480,,,
Total,,,,651,551,1202,1,1,2,,,
213,"Govt. Girls P/S ChakNo. 10/GB Noshaira(P)",Chak No. 10/GB Noshaira,201030605,,,,696,527,1223,2,1,3
Total,,,,696,527,1223,2,1,3,,,
214,"Govt. Girls P/S ChakNo. 11/GB (P)",Chak No. 11/GB,201030606,,,,444,293,737,2,1,3
"",,Chak No. 11/GB,201030607,,,,305,213,518,,,
Total,,,,749,506,1255,2,1,3,,,
215,"Govt. Boys P/S ChakNo. 14/GB (P)",Chak No. 14/GB,201030608,,,,544,400,944,1,1,2
Total,,,,544,400,944,1,1,2,,,
216,"Govt. Boys E/S ChakNo. 12/GB Garmoola",Chak No. 12/GB Garmoola,201030701,,,,657,0,657,2,0,2
"",,Chak No. 12/GB Garmoola,201030702,,,,440,0,440,,,
Total,,,,1097,0,1097,2,0,2,,,
217,"Govt. Boys E/S ChakNo. 12/GB Garmoola",Chak No. 12/GB Garmoola,201030701,,,,0,510,510,0,2,2
"",,Chak No. 12/GB Garmoola,201030702,,,,0,314,314,,,
Total,,,,0,824,824,0,2,2,,,
218,"Govt. Boys H/S ChakNo. 17/GB Karyal(Male)",Chak No. 17/GB Karyal,201030703,,,,508,0,508,4,0,4
"",,Chak No. 17/GB Karyal,201030707,,,,98,0,98,,,
"",,Chak No. 17/GB Karyal,201030704,,,,305,0,305,,,
"",,Chak No. 17/GB Karyal,201030708,,,,473,0,473,,,
Total,,,,1384,0,1384,4,0,4,,,
219,"Govt. Boys H/S ChakNo. 17/GB Karyal(Female)",Chak No. 17/GB Karyal,201030703,,,,0,440,440,0,3,3
"",,Chak No. 17/GB Karyal,201030707,,,,0,48,48,,,
"",,Chak No. 17/GB Karyal,201030704,,,,0,387,387,,,
"",,Chak No. 17/GB Karyal,201030708,,,,0,269,269,,,
Total,,,,0,1144,1144,0,3,3,,,
220,"Govt. Boys P/S ChakNo. 18/GB (Male)",Chak No. 18/GB,201030705,,,,571,0,571,3,0,3
Chak No. 18/GB,201030706,,,,647,0,647,,,,,
221,"Govt. Boys P/S ChakNo. 18/GB (Female)",Chak No. 18/GB,201030705,,,,0,455,455,0,2,2
"",,Chak No. 18/GB,201030706,,,,0,511,511,,,
Total,,,,0,966,966,0,2,2,,,
222,"Govt. Boys H/S ChakNo. 13/GB Randair",Chak No. 13/GB Randair,201030801,,,,495,0,495,2,0,2
"",,Chak No. 13/GB Randair,201030802,,,,475,0,475,,,
Total,,,,970,0,970,2,0,2,,,
223,"Govt. Boys H/S ChakNo. 13/GB Randair",Chak No. 13/GB Randair,201030801,,,,0,458,458,0,2,2
"",,Chak No. 13/GB Randair,201030802,,,,0,393,393,,,
Total,,,,0,851,851,0,2,2,,,
224,"Govt. Girls E/S ChakNo. 15/GB Samsha",Chak No. 15/GB Samsha,201030803,,,,301,211,512,2,1,3
"",,Chak No. 15/GB Samsha,201030804,,,,344,242,586,,,
Total,,,,645,453,1098,2,1,3,,,
225,"Govt. Boys P/S ChakNo. 16/GB Bado Matta",Chak No. 16/GB Bado Matta,201030805,,,,568,397,965,2,2,4
"",,Chak No. 16/GB Bado Matta,201030806,,,,308,233,541,,,
Total,,,,876,630,1506,2,2,4,,,
226,"Govt. Boys E/S ChakNo. 19/GB (Male)",Chak No. 19/GB,201030901,,,,720,0,720,3,0,3
"",,Chak No. 19/GB,201030902,,,,452,0,452,,,
Total,,,,1172,0,1172,3,0,3,,,
227,"Govt. Boys E/S ChakNo. 19/GB (Female)",Chak No. 19/GB,201030901,,,,0,533,533,0,2,2
"",,Chak No. 19/GB,201030902,,,,0,292,292,,,
Total,,,,0,825,825,0,2,2,,,
228,"Govt. Boys P/S ChakNo. 20/GB (P)",Chak No. 20/GB,201030903,,,,378,295,673,2,2,4
"",,Chak No. 20/GB,201030904,,,,496,343,839,,,
Total,,,,874,638,1512,2,2,4,,,
229,"Govt. Boys E/S ChakNo. 576/GB Panj",Chak No. 576/GB,201070101,,,,387,286,673,2,2,4
"",,Chak No. 576/GB,201070102,,,,588,388,976,,,
Total,,,,975,674,1649,2,2,4,,,
230,"Govt. Boys P/S ChakNo. 576/GB Bhagtaira",Chak No. 576/GB,201070103,,,,488,0,488,2,0,2
"",,Chak No. 576/GB,201070104,,,,535,0,535,,,
Total,,,,1023,0,1023,2,0,2,,,
231,"Govt. Boys P/S ChakNo. 576/GB Bhagtaira",Chak No. 576/GB,201070103,,,,0,373,373,0,2,2
"",,Chak No. 576/GB,201070104,,,,0,389,389,,,
Total,,,,0,762,762,0,2,2,,,
232,"Govt. Boys H/S ChakNo. 575/GBWarburton Ghaon",Chak No. 575/GB Warburton Ghaon,201070105,,,,536,369,905,2,2,4
"",,Chak No. 575/GB Warburton Ghaon,201070106,,,,369,243,612,,,
Total,,,,905,612,1517,2,2,4,,,
233,575/GB Warburton,Chak No. 575/GB Warburton Ghaon,201070108,,,,780,0,780,4,0,4
Chak No. 575/GB Warburton Ghaon,201070109,,,,978,0,978,,,,,
234,"Office Union CouncelChak No.575/GB(Female)",Chak No. 575/GB Warburton Ghaon,201070108,,,,0,592,592,0,3,3
"",,Chak No. 575/GB Warburton Ghaon,201070109,,,,0,660,660,,,
Total,,,,0,1252,1252,0,3,3,,,
235,"Govt. Girls M/S ChakNo. 575/GB",Chak No. 575/GB Warburton Ghaon,201070107,,,,12,8,20,1,1,2
"",,Chak No. 575/GB Warburton Ghaon,201070110,,,,263,169,432,,,
"",,Chak No. 575/GB Warburton Ghaon,201070111,,,,53,38,91,,,
"",,Chak No. 575/GB Warburton Ghaon,201070112,,,,156,129,285,,,
Total,,,,484,344,828,1,1,2,,,
236,"Govt. Boys P/SMustafa Abad",Mustafa Abad,201070201,,,,359,286,645,2,2,4
"",,,201070202,,,,193,148,341,,,
"",,Mustafa Abad,201070203,,,,345,262,607,,,
Total,,,,897,696,1593,2,2,4,,,
237,"Govt. Girls P/SMustafa Abad",Mustafa Abad,201070204,,,,430,334,764,2,1,3
"",,Mustafa Abad,201070205,,,,387,262,649,,,
Total,,,,817,596,1413,2,1,3,,,
238,"Govt. Boys E/SChandi Kot/Kot Shah",Kot Shah Muhammad,201070206,,,,104,131,235,2,2,4
"",,,201070207,,,,793,558,1351,,,
Total,,,,897,689,1586,2,2,4,,,
239,"Govt. Boys P/S KotHussain Pur Chatha",Kot Hussain Pur Chatha,201070208,,,,381,346,727,1,1,2
Total,,,,381,346,727,1,1,2,,,
240,"Govt. Boys P/S TashPur",Tash Pur,201070504,,,,292,222,514,2,1,3
"",,Tibbi Karyali,201070301,,,,250,172,422,,,
Total,,,,542,394,936,2,1,3,,,
241,"Govt. Boys P/S ChakNo. 590/GB AhataKhushi Ram","Chak No. 590/GB Ahata KhushiRam",201070302,,,,494,395,889,1,1,2
Total,,,,494,395,889,1,1,2,,,
242,"Govt. Girls E/S ChakNo.577/GB Doctor",Chak No.577/GB Doctor Wala,201070303,,,,388,249,637,2,1,3
"",,,201070310,,,,314,207,521,,,
Total,,,,702,456,1158,2,1,3,,,
243,"Govt. Boys P/SJaslani  (Male)",Jaslani,201070304,,,,785,0,785,2,0,2
"",,,201070305,,,,153,0,153,,,
Total,,,,938,0,938,2,0,2,,,
244,"Govt. Boys P/SJaslani  (Female)",Jaslani,201070304,,,,0,664,664,0,2,2
"",201070305,,,,0,201,201,,,,,
245,"Govt. Boys P/SJaslani  (Male)",Jaslani,201070306,,,,293,0,293,3,0,3
"",,Jaslani,201070307,,,,220,0,220,,,
"",,Jaslani,201070308,,,,417,0,417,,,
"",,Jaslani,201070309,,,,331,0,331,,,
Total,,,,1261,0,1261,3,0,3,,,
246,"Govt. Boys P/SJaslani  (Female)",Jaslani,201070306,,,,0,225,225,0,2,2
"",,Jaslani,201070307,,,,0,161,161,,,
"",,Jaslani,201070308,,,,0,280,280,,,
"",,Jaslani,201070309,,,,0,252,252,,,
Total,,,,0,918,918,0,2,2,,,
247,Govt. Boys P/S Jaisal,Marhi,201070401,,,,69,56,125,1,1,2
"",,Jaisal,201070402,,,,334,254,588,,,
Total,,,,403,310,713,1,1,2,,,
248,Govt. Boys M/S Harya,Khyare Khurd,201070404,,,,33,20,53,1,1,2
"",,Harya,201070405,,,,292,218,510,,,
"",,Mahle Wala,201070605,,,,104,78,182,,,
"",,Shah Pur,201070406,,,,0,0,0,,,
Total,,,,429,316,745,1,1,2,,,
249,"Govt. Boys P/STakhtoo Wala",Takhtoo Wala,201070501,,,,305,248,553,1,1,2
"",,Mat Kalyan,201070503,,,,130,122,252,,,
Total,,,,435,370,805,1,1,2,,,
250,"Govt. Boys P/SAzeem Wala",Azeem Wala,201070502,,,,235,164,399,1,1,2
"",,Bhgoti,201070603,,,,58,27,85,,,
Total,,,,293,191,484,1,1,2,,,
251,"Govt. Boys M/S FatehDarya",Fateh Darya,201070601,,,,457,333,790,2,2,4
"",,Alian Wala,201070604,,,,128,100,228,,,
"",,Admal,201070403,,,,20,9,29,,,
"",,Suror,201070602,,,,338,208,546,,,
Total,,,,943,650,1593,2,2,4,,,
252,Govt. Boys P/S Mundi,Mundi,201070701,,,,155,125,280,2,2,4
"",,Mundi,201070702,,,,291,183,474,,,
"",,Mundi,201070703,,,,322,209,531,,,
Total,,,,768,517,1285,2,2,4,,,
253,Govt. Boys P/S Dafar,Dafar,201070704,,,,204,148,352,1,1,2
"",,Dafar,201070705,,,,119,69,188,,,
Total,,,,323,217,540,1,1,2,,,
254,"Govt. Boys P/S ChahWaris",Ali Pur Khokharan,201070801,,,,366,251,617,1,1,2
Total,,,,366,251,617,1,1,2,,,
255,"Govt. Boys P/SJohadke",Johadke,201070804,,,,465,283,748,2,1,3
Johadke,201070805,,,,159,69,228,,,,,
"",256,"Govt. Boys P/SChaura Diwan",Chaura Singh,201070802,,,,151,76,227,2,1,3
"",,,Chaura Diwan,201070803,,,,451,263,714,,,
"",Total,,,,602,339,941,2,1,3,,,
"",257,"Govt. Boys H/S MiranPur",Miran Pur,201070901,,,,505,396,901,2,1,3
"",,,Miran Pur,201070902,,,,235,177,412,,,
"",Total,,,,740,573,1313,2,1,3,,,
"",258,Govt. P/S Jungar Lal Wala,Jungar Lal Wala,201070903,,,,319,243,562,1,1,2
"",Total,,,,319,243,562,1,1,2,,,
"",259,"Govt. Boys P/SGhohna Tibba",Malook,201070904,,,,219,153,372,2,1,3
"",,,Mughal Kot,201070905,,,,209,121,330,,,
"",,,Ghohna Tibba,201070906,,,,241,126,367,,,
"",Total,,,,669,400,1069,2,1,3,,,
"",260,"Govt. Boys H/SWarburton City (Male)",,,Muslim Gunge Warburton,201120101,,424,0,424,3,0,3
"",,,,,Aqsa Colony,201120102,,609,0,609,,,
"",,,,,Aqsa Colony,201120103,,373,0,373,,,
"",Total,,,,1406,0,1406,3,0,3,,,
"",261,"Govt. Girls M/SWarburton (Female)",,,Muslim Gunge Warburton,201120101,,0,342,342,0,2,2
"",,,,,Aqsa Colony,201120102,,0,456,456,,,
"",,,,,Aqsa Colony,201120103,,0,291,291,,,
"",Total,,,,0,1089,1089,0,2,2,,,
"",262,"Office Food GreenWarburton (Male)",,,Muhallah Madina Colony,201120104,,373,0,373,2,0,2
"",,,,,Muhallah Madina Colony,201120105,,399,0,399,,,
"",Total,,,,772,0,772,2,0,2,,,
"",263,"Office Food GreenWarburton (Female)",,,Muhallah Madina Colony,201120104,,0,304,304,0,2,2
"",,,,,Muhallah Madina Colony,201120105,,0,345,345,,,
"",Total,,,,0,649,649,0,2,2,,,
"",264,"Town CommitteeNone H.Q T.M.A(Male)",,,Muhallah Makka Colony,201120201,,722,0,722,4,0,4
"",,,,,Gallah Mandi,201120202,,259,0,259,,,
"",,,,,Muhallah Thana Bazar,201120203,,618,0,618,,,
"",Total,,,,1599,0,1599,4,0,4,,,
"",265,"Govt. Boys P/S No. 1Warburton (Female)",,,Muhallah Makka Colony,201120201,,0,670,670,0,4,4
"",,,,,Gallah Mandi,201120202,,0,191,191,,,
"",,,,,Muhallah Thana Bazar,201120203,,0,544,544,,,
"",Total,,,,0,1405,1405,0,4,4,,,
"",266,"Govt. Boys H/S CityWarburton (Male)",,,Muhallah Eid Gah,201120204,,767,0,767,3,0,3
"",,,,,Muhallah Eid Gah,201120206,,333,0,333,,,
"",,,,,Muhallah Eid Gah,201120205,,404,0,404,,,
"",Total,,,,1504,0,1504,3,0,3,,,
"",267,"Govt. Girls M/SWarburton (Female)",,,Muhallah Eid Gah,201120204,,0,561,561,0,3,3
"",,Muhallah Eid Gah,201120206,,0,214,214,,,,,,
"",,Muhallah Eid Gah,201120205,,0,389,389,,,,,,
268,"Govt. Boys P/S No. 2Warburton (Male)",,,Muhallah Gurdwara Sheikhan,201120301,,462,0,462,3,0,3
"",,,,Usmania Chok,201120302,,307,0,307,,,
"",,,,Usmania Chok,201120305,,471,0,471,,,
Total,,,,1240,0,1240,3,0,3,,,
269,"Govt. Girls Binatul-U-IslamH/S Warburton (Female)",,,Muhallah Gurdwara Sheikhan,201120301,,0,406,406,0,3,3
"",,,,Usmania Chok,201120302,,0,282,282,,,
"",,,,Usmania Chok,201120305,,0,370,370,,,
Total,,,,0,1058,1058,0,3,3,,,
270,"Town CommitteeWarburton (Male)",,,Muhallah Changar Arey Wala,201120303,,0,367,367,0,3,3
"",,,,Basti Isaian Arey Wala,201120304,,0,358,358,,,
"",,,,Muhallah Eid Gah,201120401,,0,475,475,,,
Total,,,,0,1200,1200,0,3,3,,,
271,"Govt. Girls Binatul-U-Islam P/S TownCommittee Road",,,Muhallah Changar Arey Wala,201120303,,421,0,421,4,0,4
"",,,,Basti Isaian Arey Wala,201120304,,466,0,466,,,
"",,,,Muhallah Eid Gah,201120401,,611,0,611,,,
Total,,,,1498,0,1498,4,0,4,,,
272,"Govt. P/S No. 2Warburton (Male)",,,Muhallah Eid Gah,201120402,,0,357,357,0,3,3
"",,,,Muhallah Eid Gah,201120405,,0,271,271,,,
"",,,,Muhallah Sandrana,201120403,,0,142,142,,,
"",,,,Muhallah Sandrana,201120404,,0,415,415,,,
Total,,,,0,1185,1185,0,3,3,,,
273,"Govt. Girls Binatul-U-Islam P/S TownCommittee RoadWarburton (Female)",,,Muhallah Eid Gah,201120402,,421,0,421,4,0,4
"",,,,Muhallah Eid Gah,201120405,,321,0,321,,,
"",,,,Muhallah Sandrana,201120403,,174,0,174,,,
"",,,,Muhallah Sandrana,201120404,,562,0,562,,,
Total,,,,1478,0,1478,4,0,4,,,
274,"Govt. Girls M/S ChakNo. 89/RB  (Male)",CHAK NO 089/R B,203010101,,,,480,0,480,3,0,3
"",,CHAK NO 089/R B,203010104,,,,406,0,406,,,
"",,CHAK NO 089/R B,203010102,,,,232,0,232,,,
"",,CHAK NO 089/R B,203010103,,,,487,0,487,,,
Total,,,,1605,0,1605,3,0,3,,,
275,"Govt. Girls M/S ChakNo. 89/RB  (Female)",CHAK NO 089/R B,203010101,,,,0,362,362,0,3,3
"",,CHAK NO 089/R B,203010104,,,,0,289,289,,,
"",,CHAK NO 089/R B,203010102,,,,0,171,171,,,
"",,CHAK NO 089/R B,203010103,,,,0,311,311,,,
Total,,,,0,1133,1133,0,3,3,,,
276,"Govt. B/P/S DalahChanda Singh (Male)",Dalah Chanda Singh,203010301,,,,529,0,956,2,0,2
"",,Dalah Chanda Singh,203010302,,,,105,0,221,,,
"",,Dalah Chanda Singh,203010312,,,,254,0,445,,,
"",,Dalah Chanda Singh,203010303,,,,253,0,423,,,
Total,,,,1141,0,2045,2,0,2,,,
277,"Govt. B/P/S DalahChanda Singh(Female)",Dalah Chanda Singh,203010301,,,,0,427,427,0,2,2
Dalah Chanda Singh,203010302,,,,0,116,116,,,,,
Dalah Chanda Singh,203010312,,,,0,191,191,,,,,
Dalah Chanda Singh,203010303,,,,0,170,170,,,,,
278,"Govt. G/M/S 85 RB(Male)",Dalah Chanda Singh,203010304,,,,804,0,804,3,0,3
"",,Dalah Chanda Singh,203010305,,,,238,0,238,,,
"",,Dalah Chanda Singh,203010306,,,,140,0,140,,,
"",,Dalah Chanda Singh,203010313,,,,152,0,152,,,
"",,Dalah Chanda Singh,203010314,,,,159,0,159,,,
Total,,,,1493,0,1493,3,0,3,,,
279,"Govt. G/M/S 85 RB(Female)",Dalah Chanda Singh,203010304,,,,0,635,635,0,3,3
"",,,203010305,,,,0,176,176,,,
"",,,203010306,,,,0,101,101,,,
"",,,203010313,,,,0,74,74,,,
"",,,203010314,,,,0,104,104,,,
Total,,,,0,1090,1090,0,3,3,,,
280,"Govt. G/P/S Chak No.83/RB Dalla",Chak No. 83/RB Dalla Jurmanian,203010307,,,,417,336,753,2,2,4
"",,,203010308,,,,400,297,697,,,
Total,,,,817,633,1450,2,2,4,,,
281,"Govt. B/H/S Chak No.83/RB Dalla Nangal(Male)",Chak No. 83/RB Dalla Nangal,203010309,,,,515,0,515,2,0,2
"",,Chak No. 83/RB Dalla Nangal,203010310,,,,388,0,388,,,
"",,Chak No. 83/RB Dalla Nangal,203010311,,,,309,0,309,,,
Total,,,,1212,0,1212,2,0,2,,,
282,"Govt. B/H/S Chak No.83/RB Dalla Nangal(Female)",Chak No. 83/RB Dalla Nangal,203010309,,,,0,404,404,0,2,2
"",,Chak No. 83/RB Dalla Nangal,203010310,,,,0,302,302,,,
"",,Chak No. 83/RB Dalla Nangal,203010311,,,,0,235,235,,,
Total,,,,0,941,941,0,2,2,,,
283,"Govt. Boys H/S ChakNo. 177 Kartar Pur (P)",Kartar Pur Shamali,203010401,,,,500,364,864,2,2,4
"",,,203010402,,,,412,312,724,,,
Total,,,,912,676,1588,2,2,4,,,
284,"Govt. Boys H/S ChakNo. 177 Kartar Pur (P)",Kartar Pur Janoobi,203010403,,,,399,290,689,2,2,4
"",,,203010404,,,,420,303,723,,,
Total,,,,819,593,1412,2,2,4,,,
285,"Govt. Boys E/S ChakNo. 178 Bola Chak",Bola Chak,203010405,,,,809,0,809,3,0,3
"",,Bola Chak,203010406,,,,426,0,426,,,
Total,,,,1235,0,1235,3,0,3,,,
286,"Govt. Boys E/S ChakNo. 178 Bola Chak",Bola Chak,203010405,,,,0,607,607,0,2,2
"",,Bola Chak,203010406,,,,0,306,306,,,
Total,,,,0,913,913,0,2,2,,,
287,"Govt. Girls E/S ChakNo. 179 Nodah (Male)",Chak No. 179 Nodah,203010407,,,,482,0,482,3,0,3
"",,,203010408,,,,393,0,393,,,
"",,Chak No. 179 Nodah,203010409,,,,269,0,269,,,
"",,,203010410,,,,262,0,262,,,
Total,,,,1406,0,1406,3,0,3,,,
288,"Govt. Girls E/S ChakNo. 179 Nodah(Female)",Chak No. 179 Nodah,203010407,,,,0,376,376,0,3,3
"",203010408,,,,0,286,286,,,,,
Chak No. 179 Nodah,203010409,,,,0,210,210,,,,,
"",203010410,,,,0,197,197,,,,,
289,"Govt. Girls E/S ChakNo. 87/RB (NewBlock)",Chak No. 87/RB,203010601,,,,443,316,759,2,2,4
"",,,203010602,,,,245,189,434,,,
"",,,203010614,,,,107,72,179,,,
Total,,,,795,577,1372,2,2,4,,,
290,"Govt. Boys P/S ChakNo. 87/RB  (OldBlock)",Chak No. 87/RB,203010603,,,,324,282,606,2,2,4
"",,Chak No. 87/RB,203010604,,,,218,238,456,,,
"",,Chak No. 87/RB,203010615,,,,301,280,581,,,
Total,,,,843,800,1643,2,2,4,,,
291,"Govt. Boys P/S ChakNo. 86/RB  (Male)",Chak No. 86/RB,203010605,,,,502,0,502,2,0,2
"",,Chak No. 86/RB,203010606,,,,332,0,332,,,
"",,Chak No. 86/RB,203010616,,,,147,0,147,,,
Total,,,,981,0,981,2,0,2,,,
292,"Govt. Boys P/S ChakNo. 86/RB  (Female)",Chak No. 86/RB,203010605,,,,0,461,461,0,2,2
"",,Chak No. 86/RB,203010606,,,,0,277,277,,,
"",,Chak No. 86/RB,203010616,,,,0,123,123,,,
Total,,,,0,861,861,0,2,2,,,
293,"Govt. Boys E/S ChakNo. 182/RB (Male)",Chak No. 182 /RB,203010607,,,,211,0,211,2,0,2
"",,Chak No. 182 /RB,203010608,,,,591,0,591,,,
"",,Chak No. 182 /RB,203010609,,,,451,0,451,,,
Total,,,,1253,0,1253,2,0,2,,,
294,"Govt. Boys E/S ChakNo. 182/RB (Female)",Chak No. 182 /RB,203010607,,,,0,181,181,0,2,2
"",,Chak No. 182 /RB,203010608,,,,0,506,506,,,
"",,Chak No. 182 /RB,203010609,,,,0,385,385,,,
Total,,,,0,1072,1072,0,2,2,,,
295,"Govt. B/ H/S Chak No.184/RB  (Male)",Chak No. 184 /RB,203010610,,,,516,0,516,3,0,3
"",,Chak No. 184 /RB,203010611,,,,208,0,208,,,
"",,Chak No. 184 /RB,203010612,,,,268,0,268,,,
"",,Chak No. 184 /RB,203010613,,,,401,0,401,,,
Total,,,,1393,0,1393,3,0,3,,,
296,"Govt. B/ H/S Chak No.184/RB  (Female)",Chak No. 184 /RB,203010610,,,,0,425,425,0,3,3
"",,Chak No. 184 /RB,203010611,,,,0,74,74,,,
"",,Chak No. 184 /RB,203010612,,,,0,232,232,,,
"",,Chak No. 184 /RB,203010613,,,,0,342,342,,,
Total,,,,0,1073,1073,0,3,3,,,
297,"Govt. Girls M/S ChakNo. 166/RB Kawan",Chak No. 166/RB,203010701,,,,804,0,804,3,0,3
"",,Chak No. 166/RB,203010702,,,,514,0,514,,,
Total,,,,1318,0,1318,3,0,3,,,
298,"Govt. Girls M/S ChakNo. 166/RB Kawan",Chak No. 166/RB,203010701,,,,0,689,689,0,3,3
"",,Chak No. 166/RB,203010702,,,,0,453,453,,,
Total,,,,0,1142,1142,0,3,3,,,
299,"Govt. Boys H/S ChakNo. 180/RB Nathu",Chak No. 180/RB,203010703,,,,547,481,1028,2,2,4
Chak No. 180/RB,203010704,,,,266,258,524,,,,,
300,"Govt. Boys H/S ChakNo. 180/RB Nathu",Chak No. 180/RB,203010705,,,,409,0,409,3,0,3
"",,,203010706,,,,584,0,584,,,
Total,,,,993,0,993,3,0,3,,,
301,"Govt. Boys H/S ChakNo. 180/RB Nathu",Chak No. 180/RB,203010705,,,,0,369,369,0,2,2
"",,Chak No. 180/RB,203010706,,,,0,502,502,,,
Total,,,,0,871,871,0,2,2,,,
302,"Govt. Boys H/S ChakNo. 181/RB Keri Bheit(Male)",Chak No. 181/RB Keri Bhet,203010707,,,,416,0,416,2,0,2
"",,Chak No. 181/RB Keri Bhet,203010708,,,,439,0,439,,,
"",,Chak No. 181/RB Keri Bhet,203010709,,,,81,0,81,,,
Total,,,,936,0,936,2,0,2,,,
303,"Govt. Boys H/S ChakNo. 181/RB Keri Bheit(Female)",Chak No. 181/RB Keri Bhet,203010707,,,,0,396,396,0,2,2
"",,Chak No. 181/RB Keri Bhet,203010708,,,,0,433,433,,,
"",,Chak No. 181/RB Keri Bhet,203010709,,,,0,56,56,,,
Total,,,,0,885,885,0,2,2,,,
304,"Govt. Girls M/S ChakNo. 183/RB (Male)",Chak No. 183/RB,203010710,,,,359,0,359,2,0,2
"",,,203010711,,,,416,0,416,,,
"",,,203010712,,,,274,0,274,,,
Total,,,,1049,0,1049,2,0,2,,,
305,"Govt. Girls M/S ChakNo. 183/RB (Female)",Chak No. 183/RB,203010710,,,,0,291,291,0,2,2
"",,,203010711,,,,0,320,320,,,
"",,,203010712,,,,0,180,180,,,
Total,,,,0,791,791,0,2,2,,,
306,"Govt. Boys HighSchool Abu-ul-Khair(Male)",,,Atthad Colony.,203020101,,367,0,367,3,0,3
"",,,,Atthad Colony.,203020102,,228,0,228,,,
"",,,,Raja Colony.,203030101,,337,0,337,,,
"",,,,Wapda Cololny,203030104,,101,0,101,,,
"",,,,Bismalla Ghulshan Colony.,203030103,,282,0,282,,,
Total,,,,1315,0,1315,3,0,3,,,
307,"Govt. Boys HighSchool Abu-ul-Khair(Female)",,,Atthad Colony.,203020101,,0,307,307,0,2,2
"",,,,Atthad Colony.,203020102,,0,191,191,,,
"",,,,Raja Colony.,203030101,,0,295,295,,,
"",,,,Wapda Cololny,203030104,,0,63,63,,,
"",,,,Bismalla Ghulshan Colony.,203030103,,0,178,178,,,
Total,,,,0,1034,1034,0,2,2,,,
308,"Govt. Boys E SchoolNew College roadShah Kot  (Male)",,,Ghusa Sadgar Colony.,203020103,,545,0,545,4,0,4
"",,,,Mohallah Ghusia.,203020104,,311,0,311,,,
"",,,,Mohallah Ghusia.,203020105,,559,0,559,,,
"",,,,Abadi Arrian.,203020301,,244,0,244,,,
Total,,,,1659,0,1659,4,0,4,,,
309,"Govt. Boys E/M/HSchool New Collegeroad Shah Kot(Female)",,,Ghusa Sadgar Colony.,203020103,,0,489,489,0,3,3
"",,Mohallah Ghusia.,203020104,,0,277,277,,,,,
"",,Mohallah Ghusia.,203020105,,0,454,454,,,,,
"",,Abadi Arrian.,203020301,,0,210,210,,,,,
310,"Govt. Boys HighSchool No.-1 ShahKot   (Male)",,,Iftekhar Colony.,203020201,,260,0,260,2,0,2
"",,,,Iftekhar Colony.,203020202,,545,0,545,,,
"",,,,Iftekhar Colony.,203020203,,376,0,376,,,
Total,,,,1181,0,1181,2,0,2,,,
311,"Govt. Boys HighSchool No.-1 ShahKot   (Female)",,,Iftekhar Colony.,203020201,,0,191,191,0,2,2
"",,,,Iftekhar Colony.,203020202,,0,438,438,,,
"",,,,Iftekhar Colony.,203020203,,0,251,251,,,
Total,,,,0,880,880,0,2,2,,,
312,"Govt. Boys HighSchool No.-1 Shah",,,Purana Ward No. 2,203020302,,500,0,500,3,0,3
"",,,,Purana Ward No. 1,203020303,,721,0,721,,,
Total,,,,1221,0,1221,3,0,3,,,
313,"Govt. Boys HighSchool No.-1 Shah",,,Purana Ward No. 2,203020302,,0,410,410,0,2,2
"",,,,Purana Ward No. 1,203020303,,0,615,615,,,
Total,,,,0,1025,1025,0,2,2,,,
314,"Govt. Boys HighSchool No.-1 Shah",,,Purana Ward No. 4,203020304,,463,0,463,3,0,3
"",,,,Purana Ward No. 3,203020305,,576,0,576,,,
Total,,,,1039,0,1039,3,0,3,,,
315,"Govt. Boys HighSchool No.-1 Shah",,,Purana Ward No. 4,203020304,,0,388,388,0,2,2
"",,,,Purana Ward No. 3,203020305,,0,468,468,,,
Total,,,,0,856,856,0,2,2,,,
316,"Govt. G/E/S No.2 nearAgri Office Shah Kot.(Male)",,,Alam Chowk.,203030301,,344,0,344,3,0,3
"",,,,Sheikh Aslam Gali.,203030302,,376,0,376,,,
"",,,,Dera Sheikh Mehmood.,203030303,,437,0,437,,,
Total,,,,1157,0,1157,3,0,3,,,
317,"Govt. Boys P/S No.4Shah Kot. (Female)",,,Alam Chowk.,203030301,,0,276,276,0,2,2
"",,,,Sheikh Aslam Gali.,203030302,,0,310,310,,,
"",,,,Dera Sheikh Mehmood.,203030303,,0,344,344,,,
Total,,,,0,930,930,0,2,2,,,
318,"Govt. G/E/S No.2 nearAgri Office Shah Kot.",,,Sangla Bazar.,203030304,,407,339,746,2,2,4
"",,,,Hakim Khrait Ali.,203030306,,327,261,588,,,
Total,,,,734,600,1334,2,2,4,,,
319,"Govt. Boys P/S No. 4(Mohallah Bilal Pura)",,,Bilal Pura.,203020401,,494,415,909,2,2,4
"",,,,Bilal Pura.,203020402,,186,156,342,,,
"",,,,Sayed Hassan Jalil Gali.,203030305,,176,126,302,,,
Total,,,,856,697,1553,2,2,4,,,
320,"Govt. G/M/S ChakNo.88 RB (Male)",,,Madina Colony.,203030501,,857,0,857,4,0,4
"",,,,Jaranwala Road.,203030504,,359,0,359,,,
"",,,,,203030507,,446,0,446,,,
Total,,,,1662,0,1662,4,0,4,,,
321,"Govt. G/M/S ChakNo.88 RB (Female)",,,Madina Colony.,203030501,,0,619,619,0,3,3
"",,Jaranwala Road.,203030504,,0,291,291,,,,,
"",,,203030507,,0,353,353,,,,,
322,"Govt. G/M/S ChakNo.88 RB (Male)",,,Momon Pura.,203020505,,183,0,183,3,0,3
"",,,,,203020506,,301,0,301,,,
"",,,,Purana Ward No. 5,203020403,,376,0,376,,,
"",,,,Ghulshan Colony.,203020404,,446,0,446,,,
Total,,,,1306,0,1306,3,0,3,,,
323,"Govt. G/M/S ChakNo.88 RB (Female)",,,Momon Pura.,203020505,,0,152,152,0,2,2
"",,,,,203020506,,0,144,144,,,
"",,,,Purana Ward No. 5,203020403,,0,324,324,,,
"",,,,Ghulshan Colony.,203020404,,0,395,395,,,
Total,,,,0,1015,1015,0,2,2,,,
324,"Govt. Girls P/S AbadiDoltan Shah Kot(Male)",,,Mohalah Islamabad.,203030201,,277,0,277,3,0,3
"",,,,Mohalah Islamabad.,203030202,,209,0,209,,,
"",,,,Abadi doltan.,203030203,,313,0,313,,,
"",,,,Abadi doltan.,203030204,,331,0,331,,,
Total,,,,1130,0,1130,3,0,3,,,
325,"Govt. Girls P/S AbadiDoltan Shah Kot(Female)",,,Mohalah Islamabad.,203030201,,0,259,259,0,2,2
"",,,,Mohalah Islamabad.,203030202,,0,180,180,,,
"",,,,Abadi doltan.,203030203,,0,229,229,,,
"",,,,Abadi doltan.,203030204,,0,257,257,,,
Total,,,,0,925,925,0,2,2,,,
326,"Govt. Girls P/S AbadiDoltan Shah Kot",,,Abadi doltan.,203030205,,536,447,983,4,0,4
"",,,,Abadi doltan.,203030206,,486,400,886,,,
Total,,,,1022,847,1869,4,0,4,,,
327,"Govt. Boys P/S No.2Shah Kot (Male)",,,Purani Chungi,203030401,,335,0,335,3,0,3
"",,,,Abadi darbar wali,203030402,,377,0,377,,,
"",,,,Mohalah Darbar,203030403,,544,0,544,,,
Total,,,,1256,0,1256,3,0,3,,,
328,"Govt. Boys P/S No.2Shah Kot (Female)",,,Purani Chungi,203030401,,0,281,281,0,2,2
"",,,,Abadi darbar wali,203030402,,0,333,333,,,
"",,,,Mohalah Darbar,203030403,,0,532,532,,,
Total,,,,0,1146,1146,0,2,2,,,
329,"Govt. Boys P/S No.2Shah Kot",,,Hussaini Bhag.,203030307,,415,215,630,,,
"",,,,,203030308,,171,438,609,,,
"",,,,,203030309,,298,13,311,,,
Total,,,,884,666,1550,0,0,0,,,
330,"Govt. B/P/S Tara kotShah Kot (Male)",,,Shadman Colony.,203030404,,201,0,201,3,0,3
"",,,203030405,,361,0,361,,,,,
"",,Mohallah Tibi.,203030502,,124,0,124,,,,,
"",,,203030505,,162,0,162,,,,,
"",,,203030506,,386,0,386,,,,,
331,"Govt. B/P/S Tara kotShah Kot (Female)",,,Shadman Colony.,203030404,,0,132,132,0,2,2
"",,,203030405,,0,307,307,,,,,
"",,Mohallah Tibi.,203030502,,0,219,219,,,,,
"",,,203030505,,0,42,42,,,,,
"",,,203030506,,0,261,261,,,,,
""
""
""
""
""
332,"Govt. B/P/S Tara kotShah Kot",,,Dera Mian Father.,203030503,,496,438,934,1,1,2
Total,,,,496,438,934,1,1,2,,,
333,"Govt. Girls HigherSecondary SchoolShah Kot. (Male)",,,Abadi Sialkotian.,203020501,,364,0,364,3,0,3
"",,,,Abadi Arrian.,203020502,,286,0,286,,,
"",,,,Faiz Colony.,203020503,,275,0,275,,,
"",,,,Faiz Colony.,203020504,,315,0,315,,,
Total,,,,1240,0,1240,3,0,3,,,
334,"Govt. Girls HigherSecondary SchoolShah Kot. (Female)",,,Abadi Sialkotian.,203020501,,0,340,340,0,3,3
"",,Abadi Arrian.,203020502,,0,242,242,,,,,
"",,Faiz Colony.,203020503,,0,227,227,,,,,
"",,Faiz Colony.,203020504,,0,293,293,,,,,
Total,,,,0,1102,1102,0,3,3,,,
