Sr. No,No. and Name of Polling Station,In case of rural areas,In Case of Urban Area,"S. No. of Voterson the Electoralroll in caseelectoral area isbifurcated","Number of Voters assigned topolling Station",Number of Polling Booths,,,,,,
"",,Name of electoral area,"Census BlockCode",Name of Electoral Area,"Census BlockCode",Male,Female,Total,Male,Female,Total,
1,2,3,4,5,6,7,8,9,10,11,12,13
1,"1. Government.Boys High SchoolFerozeabad Narang(Male) (P)*",,,Mohallah Pir Bhukhari,1  9  9  0   6  0  1  0  1,,402,0,402,4,0,4
"",,,,Mohallah Sharif Pura,199060102,,566,0,566,,,
"",,,,Mohallah Muzafrabad,199060103,,343,0,343,,,
"",,,,Sadar Bazar No.1,199060104,,338,0,338,,,
2,"2. Government.Boys High SchoolFerozeabad Narang (Male) (P)*",,,Sadar Bazar No.2,1   9  9  0  6  0   1  0 5,,462,0,462,3,0,3
"",,,,Sadar Bazar  No.3,199060201,,491,0,491,,,
"",,,,Sadar Bazar No.4,199060202,,452,0,452,,,
3,"3. Government.Boys High SchoolFerozeabad Narang (Male) (P)*",,,Sadar Bazar No.5,1   9  9  0  6  0   2  03,,372,0,372,2,0,2
"",,,,Mohallah Muzafrabad,199060204,,413,0,413,,,
"",,,,Sadar Bazar No.6,199060205,,486,0,486,,,
4,"4. Government.Boys High SchoolMandarwala Sadar Bazar Narang.(Female) (P)*",,,Mohallah Pir Bhukhari,1  9  9  0   6  0  1  0  1,,0,317,317,0,2,2
"",,,,Mohallah Sharif Pura,199060102,,0,412,412,,,
"",,,,Mohallah Muzafrabad,199060103,,0,280,280,,,
"",,,,Sadar Bazar No.1,199060104,,0,303,303,,,
5,"5. Government.Boys High SchoolMandarwala Sadar Bazar Narang.(Female) (P)*",,,Sadar Bazar No.2,1   9  9  0  6  0   1  0 5,,0,377,377,0,2,2
"",,,,Sadar Bazar  No.3,199060201,,0,368,368,,,
"",,,,Sadar Bazar No.4,199060202,,0,398,398,,,
6,"6.  Government.Girls PrimarySchool Akram StreetNarang(Female) (P)*",,,Sadar Bazar No.5,1   9  9  0  6  0   2  03,,0,319,319,0,2,2
"",,Mohallah Muzafrabad,199060204,,0,306,306,,,,,
"",,Sadar Bazar No.6,199060205,,0,395,395,,,,,
"",,Mohallah Thana Abadi No.1,1  9  9   0  6  0  3  0   1,,5  1  3,0,513,,,,,
"",,Mohallah Thana Abadi No.1,1  9  9   0  6  0  3  0   6,,2  3  6,0,236,,,,,
"",,Mohallah Amanit Pura,199060302,,261,0,261,,,,,
8,"8. Government.Girls HigherSecondary School Naring (Female)(P)*",,,Mohallah Amanit Pura,199060302,,0,272,272,0,3,3
"",,,,Mohallah Amanit Pura,199060307,,0,141,141,,,
"",,,,"Mohallah Muhammad Pura(South) No.1",199060304,,0,456,456,,,
"",,,,"Mohallah Muhammad Pura(South) No.3",199060305,,0,207,207,,,
9,"9. Government  Primary SchoolMuhammad Pura, Narang. (8)",,,Mohallah Thana Abadi No.1,1  9  9   0  6  0  3  0   1,,0,3  5   3,3  5  3,0,4,4
"",,,,Mohallah Thana Abadi No.1,1  9  9   0  6  0  3  0   6,,0,2  1   5,2  1  5,,,
"",,,,Mohallah Thana Abadi No.2,199060303,,0,1021,1021,,,
10,"10. Government Degree CollegeNarang Mandi (10)",,,"Mohallah Muhammad Pura(South) No.1",199060304,,606,0,606,4,0,4
"",,,,Mohallah Farooqia,1  9   9  0  6  0  4  0   1,,5  2  1,0,521,,,
"",,,,"Mohallah Muhammad PuraCollage Road",199060402,,302,0,302,,,
11,"11. Government.Degree CollegeNarang Mandi (Male) (P)*",,,Mohallah Thana Abadi No.2,1  9  9   0  6  0  3  0   3,,1284,0,1284,4,0,4
"",,,,"Mohallah Muhammad Pura(South) No.2",199060305,,308,0,308,,,
12,"12. Government.Degree CollegeNarang Mandi (Male) (P)*",,,"Mohallah Muhammad Pura(Narth)",199060403,,599,0,599,4,0,4
"",,,,"Mohallah Muhammad PuraNo.2",199060404,,402,0,402,,,
"",,,,Mohallah FGA Colony,199060405,,329,0,329,,,
13,"13. Government. Degree CollegeNarang Mandi (Male) (P)*",,,"Mohallah Kot AbdurRehman",199060502,,284,0,284,3,0,3
"",,"Mohallah Rafique AbadNo.1",199060503,,466,0,466,,,,,
"",,"Mohallah Rafique AbadNo.2",199060504,,220,0,220,,,,,
"",,"Mohallah Rafique AbadNo.2",199060505,,3,0,3,,,,,
"",,Muslim Park No.1,199060601,,468,0,468,,,,,
"",,Muslim Park No.2,1  9  9   0  6  0  6  0   2,,512,0,512,,,,,
"",,Muslim Park No.3,199060603,,505,0,505,,,,,
"",,Muslim Park No.4,199060604,,460,0,460,,,,,
15,"15. Government.Boys PrimarySchool Muhammad Pura. Narang(Female) (P)*",,,Mohallah Farooqia,1  9   9  0  6  0  4  0   1,,0,4   0  1,401,0,2,2
"",,,,"Mohallah Muhammad PuraCollage Road",199060402,,0,209,209,,,
"",,,,"Mohallah Muhammad Pura(Narth)",199060403,,0,333,333,,,
"",,,,"Mohallah Muhammad PuraNo.2",199060404,,0,299,299,,,
"",,,,Mohallah FGA Colony,199060405,,0,217,217,,,
16,"16. Government.Boys PrimerySchool Narang More Kot Abdulah",,,Mohallah Kot Abdullah,1  9  9  0  6   0  5  0  1,,6  8  9,4  6  6,1  1   5  5,1,1,2
17,"17. Government.Boys High SchoolRafiqabad Narang(Female) (P)*",,,"Mohallah Kot AbdurRehman",199060502,,0,194,194,0,2,2
"",,,,"Mohallah Rafique AbadNo.1",199060503,,0,311,311,,,
"",,,,"Mohallah Rafique AbadNo.2",199060504,,0,156,156,,,
"",,,,"Mohallah Rafique AbadNo.2",199060505,,0,1,1,,,
"",,,,Muslim Park No.1,199060601,,0,348,348,,,
18,"18. Government.Boys High SchoolRafiqabad Narang(Female) (P)*",,,Muslim Park No.2,1  9  9   0  6  0  6  0   2,,0,379,379,0,2,2
"",,,,Muslim Park No.3,199060603,,0,362,362,,,
"",,,,Muslim Park No.4,199060604,,0,312,312,,,
"",,,,Muslim Park No.5,199060605,,0,209,209,,,
19,"19. Government.Girls PrimarySchool Ratta Gujran (P)*",Rata Gujran,1  9  9  0   2  0  6  0  1,,,,644,355,999,2,1,3
"",,Kot M.Zaman,199020802,,,,12,6,18,,,
"",,Sharif Pur (B.C),199020803,,,,1,2,3,,,
20,"20. Government  Primary SchoolRattian Khursheed. (17)",Ratian Khurshed,199020602,,,,395,221,616,2,1,3
"",,Phata Wadh,199020603,,,,374,254,628,,,
21,"21. Government.Boys PrimarySchool Mandiali (P)*",Longwala,199020801,,,,185,105,290,2,1,3
"",,Wazirpur (BC),199020901,,,,0,0,0,,,
"",,Mindiali,199020902,,,,768,551,1319,,,
22,"22.  Government.Girls High SchoolJandial Kalsan. (P)*",Chak Talian,199020804,,,,471,341,812,1,1,2
Jandial Kalsan,199021101,,,,232,153,385,,,,,
Chak Taja,1  9  9  0   2  1  1  0  2,,,,71,42,113,,,,,
Amra (BC),199021103,,,,0,0,0,,,,,
Addumata (BC),199021104,,,,0,0,0,,,,,
"Kot Abdul Rehman(KotliMana)",199021105,,,,11,7,18,,,,,
Badin pur (BC),199021106,,,,0,0,0,,,,,
Chak Dheedo,1   9  9  0  3  0   5  0  1,,,,444,280,724,,,,,
Kotli Kashmiran (BC),199030502,,,,0,0,0,,,,,
Kotli Piran,199030503,,,,2,2,4,,,,,
Akrampura,199030504,,,,8,4,12,,,,,
24,"24. Government.Boys PrimarySchool Chakrali (P)*",Chakrali,199010801,,,,536,335,871,2,1,3
"",,Chakrali,199010802,,,,418,235,653,,,
25,"25. Government.Girls PrimarySchool Khunda (P)*",Khunda,199020701,,,,668,444,1112,1,1,2
26,"26. Government.Boys PrimarySchool Jetogala (P)*",Kot Bhellian,199020702,,,,452,313,765,2,1,3
"",,Jetogala,199020703,,,,436,255,691,,,
27,"27. Government.Girls PrimarySchool Dera Ashrifpura (P)*",Jetogala,199020704,,,,356,211,567,2,1,3
"",,Jetogala,199020705,,,,313,165,478,,,
"",,Jetogala,199020706,,,,227,178,405,,,
28,"28. Government.Boys PrimarySchool Bhondary (P)*",Chak Warich,199040403,,,,196,115,311,1,1,2
"",,Bhondary,199040404,,,,446,287,733,,,
29,"29. Government.Girls MiddleSchool Ghuchli Virk. (P)*",Ghuchli Virkan,1  9  9   0  4  0  4  0  1,,,,448,277,725,2,1,3
"",,Ghuchli,199040402,,,,332,233,565,,,
"",,Jhander,199040405,,,,91,38,129,,,
30,"30. Government.Boys High SchoolKerto (Male) (P)*",Kerto,199040501,,,,593,0,593,3,0,3
"",,Kerto,199040502,,,,445,0,445,,,
"",,Kerto,199040503,,,,413,0,413,,,
31,"31. Government.Boys High SchoolKerto (Female) (P)*",Kerto,199040501,,,,0,477,477,0,2,2
"",,Kerto,199040502,,,,0,331,331,,,
"",,Kerto,199040503,,,,0,275,275,,,
32,"32. Government.Girls MiddleSchool Pandori (P)*",Pandori,199041001,,,,453,268,721,2,1,3
"",,Pandori,199041002,,,,285,250,535,,,
33,"33. Government  ElementarySchool  Dala Wahga. (30)",Dala Wahga,199040701,,,,0,485,485,0,2,2
"",,Dala Wahga,199040702,,,,0,287,287,,,
34,"34. Government.Girls MiddleSchool Dala Wahga (T)**",Dala Wahga,199040701,,,,728,0,728,3,0,3
"",,Dala Wahga,199040702,,,,440,0,440,,,
35,"35. Government.Girls MiddleSchool Hardo Sohil Muslim (T)**",Hardo Sohil Muslim,199040302,,,,384,286,670,1,1,2
"",,Kotli Sohil,199041201,,,,260,182,442,,,
36,"36. Government.Girls MiddleSchool Herdo Sohal Muslim (P)*",Hardo Sohil Muslim,199040301,,,,420,298,718,1,1,2
37,"37. Government.Boys PrimarySchool Thambra (P)*",Saria,199030903,,,,207,151,358,2,2,4
"",,Thambra,1  9   9  0  4  1  2   0  2,,,,211,171,382,,,
"",,Mughal Wala,199041203,,,,342,272,614,,,
38,"38. Government.Boys PrimerySchool Mananwala",Mananwala,1  9  9   0  2  0  403,,,,122,63,185,1,1,2
"",,Mananwala,1  9  9   0  2  0  404,,,,437,256,693,,,
39,"39. Government Primary SchoolKot Rana Talay (Narang)","Kot Talamand (QilaHarnam Singh)",199020401,,,,319,171,490,1,1,2
"",,"Kot Talamand (QilaHarnam Singh)",199020402,,,,367,160,527,,,
40,"40. Government.Boys PrimarySchool Herdo Sohal Hindu (P)*","Hardo Sohil Hindu(Shah Sultan)",199030901,,,,101,109,210,1,1,2
"Hardo Sohil Hindu(Shah Sultan)",199030902,,,,547,343,890,,,,,
Korotana,199041003,,,,262,203,465,,,,,
42,"42. Government.Boys PrimarySchool Bohray Othi (P)*","Bohray OthiDera Mayoan",199020107,,,,498,333,831,2,1,3
"",,"Bohray OthiDera Mayoan",199020108,,,,279,202,481,,,
"",,"Bohray OthiDera Mayoan",199020111,,,,370,211,581,,,
43,"43. Government Girls PrimerySchool, Kotli Virkan",Kotli Virkan,199020106,,,,376,280,656,1,1,2
44,"44. Government Girls PrimarySchool  Narang Village. (40)",Narang,199020101,,,,521,387,908,2,2,4
45,"45. Government.Boys PrimarySchool Narang Deh. (P)*",Narang,199020103,,,,287,147,434,2,1,3
"",,Narang,199020104,,,,426,114,540,,,
"",,Narang,199020110,,,,18,5,23,,,
"",,Narang,199020105,,,,75,224,299,,,
46,"46. Government.Girls ElementarySchool Akbar Pura","Narang(Akbarpura)",199020102,,,,370,264,634,1,1,2
"",,"Narang(Akbarpura)",199020109,,,,154,141,295,,,
47,"47. Government.Girls High SchoolAdhian (P)*",Adhian,199040101,,,,872,0,872,3,0,3
"",,Adhian,199040102,,,,297,0,297,,,
48,"48. Government  ElementarySchool  Ahdian. (42)",Adhian,199040101,,,,0,610,610,0,2,2
"",,Adhian,199040102,,,,0,202,202,,,
49,"49. Government.Boys High School(Left Portation) Kala Khati Station(P)*",Kot Adhian,199040201,,,,613,332,945,1,1,2
50,"50. Government.Boys High School(Right Portation) Kala Khati",Kot Adhian,199040202,,,,568,207,775,1,1,2
"",,Kot Adhian,199040203,,,,57,179,236,,,
51,"51. Government ElementarySchool Lahorainwala (P)*",Lahorianwala,199030703,,,,758,572,1330,2,1,3
52,"52. Government.Girls MiddleSchool Pakhiala (P)*",Pakhiala,199030601,,,,680,439,1119,2,1,3
"",,Pakhiala,199030602,,,,134,70,204,,,
53,"53. Government.Girls MiddleSchool Dhoror Muslim. (P)*",Dhoror Muslim,199040601,,,,616,452,1068,1,1,2
"",,Nat,199041303,,,,195,113,308,,,
54,"54. Government. Girls MiddleSchool Kala Khatti ( Middle Block )Male . (P)*",Kala Khatti,1  9  9  0  3   0  1  0  1,,,,386,0,386,3,0,3
Kala Khatti,199030102,,,,85,0,85,,,,,
Kala Khatti,199030105,,,,78,0,78,,,,,
Kala Khatti,199030103,,,,440,0,440,,,,,
Kala Khatti,199030104,,,,902,0,902,,,,,
Hardo Khokhar (B.C),199030301,,,,244,0,244,,,,,
Olya Pur,199030302,,,,30,0,30,,,,,
Phattan Dhangai (B.C),199030303,,,,4,0,4,,,,,
Pir Kot (B.C),1  9  9  0  3   0  3  0  4,,,,0,0,0,,,,,
Shah Pur (BC,199030305,,,,3,0,3,,,,,
56,"56. Government.Girls MiddleSchool (Primary Block) Kala Khatti(Female) (P)*",Kala Khatti,1  9  9  0  3   0  1  0  1,,,,0,225,225,0,2,2
"",,Kala Khatti,199030102,,,,0,23,23,,,
"",,Kala Khatti,199030105,,,,0,46,46,,,
"",,Kala Khatti,199030103,,,,0,258,258,,,
"",,Kala Khatti,199030104,,,,0,478,478,,,
"",,Hardo Khokhar (B.C),199030301,,,,0,131,131,,,
"",,Olya Pur,199030302,,,,0,25,25,,,
"",,Phattan Dhangai (B.C),1  9  9  0   3  0  3  0 3,,,,0,2,2,,,
"",,Pir Kot (B.C),1  9  9  0  30304,,,,0,0,0,,,
"",,Shah Pur (BC),199030305,,,,0,0,0,,,
"",,Trandi,199030306,,,,0,1,1,,,
57,"57. Government Girls ModelSchool Siddianwali",Siddianwali,1  9  9  0  3  0   2  0  1,,,,494,0,494,3,0,3
"",,Siddianwali,1  9  9  0  3  0   2  0  2,,,,362,0,362,,,
"",,Siddianwali,199030203,,,,31,0,31,,,
"",,Daoday,199030204,,,,378,0,378,,,
"",,Gorian,199030205,,,,317,0,317,,,
58,"58. Government Girls ModelSchool Siddianwali",Siddianwali,1  9  9  0  3  0   2  0  1,,,,0,365,365,0,2,2
"",,Siddianwali,1  9  9  0  3  0   2  0  2,,,,0,276,276,,,
"",,Siddianwali,199030203,,,,0,33,33,,,
"",,Daoday,199030204,,,,0,274,274,,,
"",,Gorian,199030205,,,,0,245,245,,,
59,"59. Government.Boys PrimarySchool Sharif Pur Lubana. (P)*",Sharif Pur Labana,199030401,,,,558,332,890,1,1,2
"",,Sharif Pur Labana,199030402,,,,153,126,279,,,
"",,Kotli Bholan (BC),199030403,,,,0,0,0,,,
"",,Baleem,199030407,,,,12,1,13,,,
60,"60. Basic Health Unit Maqbool PurMiani (P)*",Mast Chak,199030404,,,,40,19,59,2,1,3
Dost Pura,199030405,,,,15,6,21,,,,,
Januia,199030408,,,,175,101,276,,,,,
Maqbool Pur (B.C),199030801,,,,0,0,0,,,,,
Miani,199030802,,,,572,388,960,,,,,
Budha Pind,199030803,,,,12,3,15,,,,,
Chak Bhadru,199030804,,,,6,2,8,,,,,
Bhago Kamboh,199030805,,,,2,1,3,,,,,
Arazi Jia Pur,199030806,,,,8,1,9,,,,,
Chak Nihal Pur (B.C),199030807,,,,0,0,0,,,,,
Alawal Pur,199030808,,,,2,1,3,,,,,
Arazi Tula,199030809,,,,6,4,10,,,,,
Chennan,199030810,,,,4,1,5,,,,,
Arazi Chohan (BC),199030811,,,,0,0,0,,,,,
Arazi Nikian (BC),199030812,,,,0,0,0,,,,,
Chak Maqbool,199030813,,,,1,1,2,,,,,
Bhadru,199030814,,,,23,12,35,,,,,
Awan Muslim,199030701,,,,349,147,496,,,,,
62,"62. Government Primary SchoolMahay",Mahay,1  99041101,,,,230,157,387,2,1,3
"",,Mahay,199041102,,,,408,214,622,,,
"",,Mahay,199041103,,,,93,96,189,,,
63,"63. Government.Boys PrimarySchool Chora (P)*",Chora,199041104,,,,517,435,952,1,1,2
64,"64. Government.Boys PrimarySchool Dharor Hindu (P)*",Rasool Pur,1  9   9  0  3  0  4  0   6,,,,8,4,12,1,1,2
"",,Dhoror Hindu,199040801,,,,603,314,917,,,
"",,Tung,199040802,,,,177,91,268,,,
65,"65. Government ElementarySchool Siri Ram Pura Station (P)*",Mubark Pur,199041301,,,,332,188,520,2,1,3
"",,Mubark Pur,199041304,,,,423,246,669,,,
"",,Siri Ram Pura,199041302,,,,242,118,360,,,
66,"66. Government.Primary SchoolChak No.47(Male) (P)*",Chak No.46/UC,198040701,,,,493,0,493,3,0,3
"",,Chak No.47/UC,199040902,,,,627,0,627,,,
"",,Chak No.48/UC,199040903,,,,442,0,442,,,
67,"67. Civil Dispensary Chak 47(Female) (P)*",Chak No.46/UC,198040701,,,,0,319,319,0,2,2
"",,Chak No.47/UC,199040902,,,,0,394,394,,,
"",,Chak No.48/UC,199040903,,,,0,257,257,,,
68,"68. Government.Boys MiddleSchool Chak No.49 (P)*",Chak No.50/UC,198040704,,,,145,100,245,2,1,3
"",,Chooni,1  9  9  0  4  0901,,,,138,81,219,,,
"",,Chak No.49/UC,199040904,,,,572,360,932,,,
69,"69. Basic Health Unit NangalBhuchar (Male) (P)*",Nangal Bhuchar,1  9  9  0  10701,,,,476,0,476,4,0,4
"",,Nangal Bhuchar,199010702,,,,475,0,475,,,
"",,Nangal Bhuchar,199010703,,,,780,0,780,,,
70,"70. Basic Health Unit NangalBhuchar (Female) (P)*",Nangal Bhuchar,1  9  9  0   1  0701,,,,0,302,302,0,2,2
"",,Nangal Bhuchar,199010702,,,,0,236,236,,,
"",,Nangal Bhuchar,199010703,,,,0,461,461,,,
71,"71. Government Primary SchoolManaj Gagar (P)*",Manaj Gagar,199010704,,,,542,310,852,1,1,2
72,"72. Government.Boys High SchoolHachar (Bhoch) (P)*",Kot Bhoch,1  9  9  0   2  1  0  0  2,,,,199,124,323,2,1,3
"",,Bhoch,199021003,,,,329,193,522,,,
"",,Bhoch,199021004,,,,330,219,549,,,
73,"73. Government.Girls MiddleSchool Hucher (P)*",Bhegekey,199010608,,,,159,105,264,2,1,3
"",,Hucher,199021001,,,,839,611,1450,,,
74,"74. Government Girls PrimarySchool Furkhandabad. (T)**",Furkhandabad,199020201,,,,245,160,405,1,1,2
"",,Joikey,199020202,,,,62,38,100,,,
75,"75. Government.Boys PrimarySchool Dhanga. (T)**",Dhanga,199020203,,,,407,256,663,1,1,2
"",,Murad Pur,199020204,,,,99,66,165,,,
76,"76. Government.Girls MiddleSchool Bagodial (P)*",Bagodial,199020205,,,,443,429,872,1,1,2
Bagodial,199020206,,,,326,117,443,,,,,
Akbrian,199010601,,,,223,165,388,,,,,
Hamid Pur,1   9  9  0  1  0  6  0  2,,,,311,210,521,,,,,
Kot Miani,199010603,,,,353,229,582,,,,,
78,"78. Government.Boys PrimarySchool Gandowala(Male) (P)*",Gandowala,199010605,,,,657,0,657,3,0,3
"",,Gandowala,199010609,,,,36,0,36,,,
"",,Gandowala,199010606,,,,18,0,18,,,
"",,Gandowala,199010610,,,,663,0,663,,,
"",,Gandowala,199010607,,,,256,0,256,,,
79,"79. Government.Girls MiddleSchool Gandowala(Female) (P)*",Gandowala,1  9  9010605,,,,0,93,93,0,2,2
"",,Gandowala,1  9  9010609,,,,0,379,379,,,
"",,Gandowala,199010606,,,,0,36,36,,,
"",,Gandowala,199010610,,,,0,449,449,,,
"",,Gandowala,199010607,,,,0,174,174,,,
80,"80. Basic Health Unit Mehta Soja(Male) (P)*",Mehta Soja,199010101,,,,675,0,675,2,0,2
"",,Mehta Soja,199010102,,,,513,0,513,,,
81,"81. Government.Boys PrimarySchool Mehta Soja (Female) (P)*",Mehta Soja,199010101,,,,0,398,398,0,2,2
"",,Mehta Soja,199010102,,,,0,383,383,,,
82,"82. Government.Girls High SchoolMardarna",Mardana,199010103,,,,411,316,727,1,1,2
"",,Nangal Waris,199010104,,,,219,138,357,,,
83,"83. Government.Boys PrimarySchool Dhangana (P)*",Dhangana,1  9   9  0  1  1  0  0   2,,,,207,126,333,1,1,2
"",,Amin Shah,199011003,,,,134,65,199,,,
"",,Kotli Wahla,199011004,,,,93,46,139,,,
84,"84. Government Girls ElementarySchool Jiwan Goraya",Jiwan Goraya,199011001,,,,342,315,657,2,1,3
"",,Jiwan Goraya,199011006,,,,533,235,768,,,
"",,Habit Pur (B.C),199011005,,,,0,0,0,,,
85,"85. Government.Boys PrimarySchool Mari Kalan (Male) (P)*",Hardo Mari Kalan,1  9  9  0   1  0  9 01,,,,364,0,364,3,0,3
"",,Hardo Mari,199010902,,,,585,0,585,,,
"",,Hardo Mari,199010903,,,,463,0,463,,,
86,"86. Government.Boys PrimarySchool Mari Kalan (Female) (P)*",Hardo Mari Kalan,1  9  9  0   1  0  9 01,,,,0,195,195,0,2,2
"",,Hardo Mari,199010902,,,,0,311,311,,,
"",,Hardo Mari,199010903,,,,0,293,293,,,
87,"87. Government.Boys PrimarySchool Gharyal Khurd (P)*",Saleem Pur,199010402,,,,148,88,236,2,1,3
"",,Gharial Khurd,199010501,,,,766,524,1290,,,
88,"88. Government.Girls High SchoolGharyal Kalan (Male) (P)*",Gharyal Kalan,199011101,,,,439,0,439,3,0,3
"",,Gharyal Kalan,199011102,,,,718,0,718,,,
"",,Bhool Chak,199011103,,,,366,0,366,,,
89,"89. Government.Girls High SchoolGharyal Kalan(Female) (P)*",Gharyal Kalan,199011101,,,,0,432,432,0,2,2
"",,Gharyal Kalan,199011102,,,,0,379,379,,,
"",,Bhool Chak,199011103,,,,0,246,246,,,
90,"90. Government.Boys PrimarySchool Bhagian (P)*",Bhagian,199010502,,,,460,332,792,1,1,2
"",,Kukranwali (BC),199010503,,,,0,0,0,,,
91,"91. Government.Boys MiddleSchool Jatri Kay (P)*",Jatri Kay,199010401,,,,490,328,818,1,1,2
"",,Surmedani,199010403,,,,214,97,311,,,
92,"92. Government.Boys PrimarySchool Dera Meon Pullwala Dera",Ucha Pind,199021201,,,,463,258,721,1,1,2
Ucha Pind,199021204,,,,353,178,531,,,,,
Ucha Pind,199021202,,,,340,233,573,,,,,
94,"94. Government.Boys PrimarySchool Jai Singwala (Rasoolpura)(P)*",Jai Singwala,199021205,,,,511,328,839,1,1,2
95,"95. Basic Health Centre HardoLadeke (P)*",Ladeke,199020501,,,,458,310,768,1,1,2
"",,Ladeke,199020508,,,,284,187,471,,,
96,"96. Government.Boys MiddleSchool Ladeke Sharqi (P)*",Hardo Ladeke,1  9  9  0  2  0   5  0  2,,,,405,182,587,1,1,2
"",,Hardo Ladeke,1  9  9  0  2  0   5  0  3,,,,450,275,725,,,
97,"97. Government Girls PrimarySchool, Ala Pur Sydian",Ala Pur Sydian,199020505,,,,303,240,543,1,1,2
"",,Kotli Gujran,199020506,,,,73,71,144,,,
"",,Jam Gill,199020507,,,,344,218,562,,,
98,"98. Government.Girls MiddleSchool Ladake Sherqi (P)*",Hardo Ladeke,199020504,,,,370,206,576,1,1,2
99,"99. Government.Boys PrimarySchool Hardo Baryar (P)*",Chand,199010303,,,,191,144,335,1,1,2
"",,Ladhar,199020301,,,,1,1,2,,,
"",,Ramdian,1   9  9  0  2  0   3  0  5,,,,7,4,11,,,
"",,Kotli Virk Baryar,199020306,,,,120,52,172,,,
"",,Hardo Baryar,199020307,,,,406,233,639,,,
100,"100. Government.Boys MiddleSchool Mirowal (P)*",Mero Wal,199010301,,,,218,105,323,1,1,2
"",,Jagu Gill,199010302,,,,121,57,178,,,
"",,Shani Wal (B.C),199010304,,,,2,1,3,,,
"",,Shatab Gharh,1  99010305,,,,85,30,115,,,
"",,Chak Ali,1  9  9  0  1   0  3  0  6,,,,131,60,191,,,
101,"101. Government.Girls PrimarySchool Malik Pur (P)*",Malik Pur,1  9  9   0  1  0  2  0  1,,,,257,219,476,1,1,2
"",,Kalu (BC),199010202,,,,0,0,0,,,
"",,Zafar Wal,199010203,,,,33,15,48,,,
"",,Burj,199010204,,,,90,55,145,,,
"",,Karianwali,199010205,,,,310,216,526,,,
"",,Maqeem Pur,199010206,,,,44,41,85,,,
"",,Kot Mirza,199010207,,,,15,14,29,,,
102,"102. Government.Boys PrimarySchool Raj Pura (P)*",Raj Pura,1  9   9  0  2  0  3   0  2,,,,214,131,345,1,1,2
"",,Satrian,199020303,,,,77,48,125,,,
"",,Kajla,199020304,,,,140,82,222,,,
"",,Pasianwala,199020903,,,,248,167,415,,,
"",,Chak Pasianwala   (BC),199020904,,,,0,0,0,,,
103,"103. Government.Boys PrimarySchool Ratan Pura (T)**",Sarai Kham,1  9  8   0  4  0  702,,,,335,226,561,2,2,4
Sarai Pakhta,198040703,,,,137,96,233,,,,,
Rasool Pur,198040705,,,,580,421,1001,,,,,
Kot Blas (BC),1   9  8  0  10601,,,,2,1,3,,,,,
Lubanwala,198010602,,,,471,365,836,,,,,
Lubanwala,198010603,,,,412,230,642,,,,,
Gagu Dogar,198020902,,,,8,7,15,,,,,
105,"105. Government.Boys MiddleSchool Ayya Nagar Kalan (P)*",Fateh Rehan,198010307,,,,750,499,1249,2,2,4
"",Aya Nagar Kalan,1  9  8  0   1  0  4  0  1,,,,493,312,805,,,,
"",Aya Nagar Khurd,198010402,,,,44,36,80,,,,
"",Rekh Danoia (B.C),198010403,,,,0,0,0,,,,
106,"106. Government.Boys PrimarySchool Lathey Pur (P)*",Nahray Pur,1  9  8   0  1  0  3  0   3,,,,28,18,46,2,1,3
"",Lathey Pur,198010304,,,,212,131,343,,,,
"",Lathey Pur,198010305,,,,425,260,685,,,,
"",Lathey Pur,198010306,,,,196,106,302,,,,
107,"107. Government Primary SchoolAwan Par",Rekh Awan,1  9  8   0  2  0  7  0   3,,,,77,54,131,2,2,4
"",Awan Par,198020704,,,,451,334,785,,,,
"",Awan Par,198020705,,,,328,278,606,,,,
"",Talwara Par,198020901,,,,134,60,194,,,,
108,"108. Government GirlsCommunity Model SchoolBhanipar",Maral Par,1  9  8  0  2   0  7  0  1,,,,281,137,418,2,2,4
"",Maral Par,1  9  8  0  2   0  7  0  2,,,,212,146,358,,,,
"",Gujjar Pura,198020706,,,,35,18,53,,,,
"",Bhani Par,198020707,,,,370,202,572,,,,
"",Bhani Par,198020708,,,,183,111,294,,,,
109,"109. Government.Boys PrimarySchool Goil (P)*",Goil,1  9  8   0  1  0  5  0   1,,,,556,278,834,2,1,3
"",Goil,198010502,,,,216,102,318,,,,
"",Goil,198010503,,,,103,51,154,,,,
"",Goil,198010504,,,,303,215,518,,,,
110,"110. Government.Boys PrimarySchool Mekhowali (P)*",Dhoop Sari,1  9  8  0  1  0   2  0  4,,,,176,99,275,1,1,2
"",Dhonia (B.C),198010505,,,,0,0,0,,,,
"",Yar Pura(B.C),198010506,,,,1,1,2,,,,
"",Mekhowali,198010507,,,,448,253,701,,,,
111,"111. Government.Boys PrimarySchool Muhammad Pura (P)*",Muhammad Pur,198010301,,,,534,312,846,1,1,2
"",Grang Wala,198010302,,,,308,156,464,,,,
112,"112. Government.Boys PrimarySchool Ghazi Kaka (P)*",Ghazi Kaka,1  9  8  0  1  0   6  0  4,,,,536,295,831,1,1,2
"",Jamal Pur,198010605,,,,211,133,344,,,,
"",Toti,198020904,,,,8,12,20,,,,
"",Jhangi Sheikhan,198020905,,,,34,23,57,,,,
113,"113. Government.Girls PrimarySchool Chak No.38UCC (Male)(T)**",Chak No.38UCC,198020613,,,,431,0,431,3,0,3
"",Chak No.38UCC,198020614,,,,497,0,497,,,,
"",Chak No.38UCC,198020615,,,,514,0,514,,,,
114,"114. Government.Boys PrimarySchool Chak No.38UCC (Female)(P)*",Chak No.38UCC,198020613,,,,0,424,424,0,2,2
"",Chak No.38UCC,198020614,,,,0,434,434,,,,
"",Chak No.38UCC,198020615,,,,0,345,345,,,,
115,"115. Government.Boys PrimarySchool Chak No.43 (P)*",Chak No.43,198020616,,,,354,240,594,1,1,2
Chak No.43,198020619,,,,299,225,524,,,,,
Bhurth,1  9  8  0   2  0  3  0  1,,,,721,0,721,,,,,
Bhurth,198020302,,,,495,0,495,,,,,
Bhurth,198020303,,,,395,0,395,,,,,
Qadian (BC),198020309,,,,0,0,0,,,,,
Khair Din Pur (BC),198020403,,,,2,0,2,,,,,
117,"117. Government Girls ElementarySchool Bharath",Bhurth,1  9  8  0   2  0  3  0  1,,,,0,532,532,0,2,2
"",,Bhurth,198020302,,,,0,340,340,,,
"",,Bhurth,198020303,,,,0,248,248,,,
"",,Qadian (BC),198020309,,,,0,0,0,,,
"",,Khair Din Pur (BC),198020403,,,,0,0,0,,,
"",,Kot Mool Chand,198020404,,,,0,125,125,,,
118,"118. Government.Boys PrimarySchool Karool (P)*",Bhurth,1  9  8  0   2  0  3  0  4,,,,2  7  5,0,275,3,0,3
"",,Bhurth,1  9  8  0   2  0  3  1  3,,,,2  2  3,0,223,,,
"",,Bhurth,198020305,,,,67,0,67,,,
"",,Bhurth,198020314,,,,230,0,230,,,
"",,Bhurth,198020306,,,,448,0,448,,,
"",,Jadha (BC),198020310,,,,3,0,3,,,
"",,Ali Pur (BC),198020311,,,,2,0,2,,,
"",,Rasool (BC),198020312,,,,0,0,0,,,
119,"119. Government.Boys PrimarySchool Karool. (111)",Bhurth,1  9  8  0   2  0  3  0  4,,,,0,2  2   5,225,0,2,2
"",,Bhurth,1  9  8  0   2  0  3  1  3,,,,0,1  2   9,129,,,
"",,Bhurth,198020305,,,,0,51,51,,,
"",,Bhurth,198020314,,,,0,137,137,,,
"",,Bhurth,198020306,,,,0,255,255,,,
"",,Jadha (BC),198020310,,,,0,1,1,,,
"",,Ali Pur (BC),198020311,,,,0,4,4,,,
"",,Rasool (BC),198020312,,,,0,0,0,,,
120,"120. Government.Boys PrimarySchool Bhulkhy (P)*",Kot Nathu,1  9  8   0  2  0  3 07,,,,218,126,344,2,1,3
"",,Kot Jaspat,198020308,,,,69,28,97,,,
"",,Bhulkay,198020401,,,,219,159,378,,,
"",,Bhulkay,198020402,,,,394,282,676,,,
121,"121. Government.Boys PrimarySchool Bhulkhy (P)*",Daddian,198010205,,,,532,349,881,2,1,3
"",,Kot Hadyat Ali,198010206,,,,461,248,709,,,
122,"122. Government Primary SchoolBukan Wal",Bakanwal,1  9  8  0   2  0  8  0  1,,,,1  9  8,9  0,288,1,1,2
"",,Ratni Wal (BC),198020802,,,,0,0,0,,,
"",,Shedi Wal,198020803,,,,21,17,38,,,
"",,Qazi Marali,198020804,,,,35,10,45,,,
"",,Kotli Kachi,198020805,,,,10,8,18,,,
"",,Chohan,198020806,,,,36,32,68,,,
123,"123. Canal Rest House Babakwal(T)**",Babakwal  (Shahabpura),198010202,,,,574,303,877,2,2,4
"",,Babakwal  (Shahabpura),198010203,,,,312,204,516,,,
124,"124. Canal Rest House Babakwal.(115)",Babakwal  (Shahabpura),1  9  8  0  1   0  2  0  1,,,,601,318,919,2,1,3
Chak No.40UCC,198020504,,,,911,0,911,,,,,
Chak No.40UCC,198020505,,,,467,0,467,,,,,
Chak No.40UCC,198020506,,,,0,0,0,,,,,
Chak No.40UCC,198020507,,,,0,0,0,,,,,
126,"126. Government.Boys PrimarySchool Chak No.40 UCC (Female)(T)**",Chak No.40UCC,198020504,,,,0,588,588,0,2,2
"",,Chak No.40UCC,198020505,,,,0,293,293,,,
"",,Chak No.40UCC,198020506,,,,0,0,0,,,
"",,Chak No.40UCC,198020507,,,,0,0,0,,,
"",,Chak No.40UCC,198020508,,,,0,0,0,,,
127,"127. Government.Boys PrimarySchool Chak No.42 UCC (P)*",Chak No.42UCC,198020501,,,,585,398,983,1,1,2
128,"128. Government Girls ElementarySchool Chak No.41 UCC",Chak No.41UCC,198020502,,,,383,248,631,1,1,2
"",,Chak No.41UCC,198020503,,,,382,219,601,,,
129,"129. Government.Boys PrimarySchool Chak No.39 UCC (Male)(P)*","Chak No.39UCC(Shadman Scheme)",198020601,,,,585,0,585,3,0,3
"",,"Chak No.39UCC(Shadman Scheme)",198020602,,,,507,0,507,,,
130,"130. Government.Boys PrimarySchool Chak No.39 UCC. (120)","Chak No.39UCC (GoldanCity)",198020603,,,,426,0,426,2,0,2
"Chak No.39UCC (GoldanCity)",198020604,,,,0,0,0,,,,,
"(Scheme No.3 RanaTown)",198020605,,,,10,0,10,,,,,
"(Scheme No.3 RanaTown)",198020606,,,,32,0,32,,,,,
"(Scheme No.3 RanaTown)",198020617,,,,394,0,394,,,,,
"Chak No.39UCC(Shadman Scheme)",198020601,,,,0,433,433,,,,,
"Chak No.39UCC(Shadman Scheme)",198020602,,,,0,336,336,,,,,
"Chak No.39UCC (GoldanCity)",198020603,,,,0,248,248,,,,,
"Chak No.39UCC (GoldanCity)",198020604,,,,0,0,0,,,,,
"(Scheme No.3 RanaTown)",198020605,,,,0,7,7,,,,,
"(Scheme No.3 RanaTown)",198020606,,,,0,14,14,,,,,
132,"132. Social welfare Dispansary FBlock Near Gate No.2 ShereBangal Colony Chak No.39UCC(Male) (T)**","Chak No.39UCC(Shere Bangal Colony)",198020607,,,,81,0,81,4,0,4
"",,"Chak No.39UCC(Shere Bangal Colony)",198020618,,,,142,0,142,,,
"",,"Chak No.39UCC(Shere Bangal Colony)",198020608,,,,187,0,187,,,
"",,"Chak No.39UCC(Shere Bangal Colony)",198020609,,,,188,0,188,,,
"",,"Chak No.39UCC(Shere Bangal Colony)",198020610,,,,397,0,397,,,
"",,"Chak No.39UCC(Shere Bangal Colony)",198020611,,,,299,0,299,,,
"",,"Chak No.39UCC(Shere Bangal Colony)",198020612,,,,239,0,239,,,
133,"133. Social welfare Dispansary FBlock Near Gate No.2 ShereBangal Colony Chak No.39UCC(Female) (T)**","Chak No.39UCC(Shere Bangal Colony)",198020607,,,,0,53,53,0,3,3
"Chak No.39UCC(Shere Bangal Colony)",198020618,,,,0,122,122,,,,,
"Chak No.39UCC(Shere Bangal Colony)",198020608,,,,0,153,153,,,,,
"Chak No.39UCC(Shere Bangal Colony)",198020609,,,,0,149,149,,,,,
"Chak No.39UCC(Shere Bangal Colony)",198020610,,,,0,308,308,,,,,
"Chak No.39UCC(Shere Bangal Colony)",198020611,,,,0,240,240,,,,,
"Chak No.39UCC(Shere Bangal Colony)",198020612,,,,0,188,188,,,,,
"",,Mohallah Cheena Street,1  9  9  0  8   0  3  0  1,,5  5  5,0,5  5   5,,,,,
"",,"Gulshan Tahir PuranaNarang Road",199080302,,201,0,201,,,,,
"",,Mohallah Rajpotian,199080303,,402,0,402,,,,,
135,"135. Government.Primary SchoolNo.3 Muridke (Right Wing)(Female) (P)*",,,Mohallah Cheena Street,1  9  9  0  8   0  3  0  1,,0,4  1  9,4  1   9,0,2,2
"",,,"Gulshan Tahir PuranaNarang Road",199080302,,0,178,178,,,,
"",,,Mohallah Rajpotian,199080303,,0,313,313,,,,
"",,,Latif Park,199080304,,0,380,380,,,,
136,"136. Government.Girls HigherSecondary School Muridke (LeftP/S Wing) (Male) (P)*",,,Sultan Park No.1,1  9   9  0  9  0  5  0   1,,7  4  7,0,7  4  7,3,0,3
"",,,Sultan Park No.2,199090502,,370,0,370,,,,
"",,,Sultan Park No.3,199090504,,415,0,415,,,,
137,"137. Government.Girls HigherSecondary School Muridke (RightP/S Wing) ( Male) (P)*",,,Hassan Park,199080401,,480,0,480,2,0,2
"",,,Hassan Park,199080405,,88,0,88,,,,
"",,,Easa Park,199080505,,117,0,117,,,,
"",,,Easa Park,199080508,,510,0,510,,,,
138,"138. Government.Girls HigherSecondary School Muridke (Right",,,Hassan Park,1  9   9  0  9  0  5   0  5,,472,0,472,2,0,2
"",,,Hassan Park,1  9   9  0  9  0  5   0  7,,634,0,634,,,,
139,"139. Government.Girls HigherSecondry School Muridke (MiddleBlock)(Male) (P)*",,,Muhammad Pura,1  9  9  0   8  0  4  0  3,,163,0,163,4,0,4
"",,,Muhammad Pura,1  9  9  0   8  0  4  0  6,,822,0,822,,,,
"",,,Muridke Town,199080501,,267,0,267,,,,
"",,,Sultan Park No.2,199090503,,365,0,365,,,,
"",,,Sultan Park,199090506,,31,0,31,,,,
140,"140. Government.Girls HigherSecondary School Muridke (HigherBlock) (Female) (P)*",,,Sultan Park No.1,1  9   9  0  9  0  5  0   1,,0,5   5  7,5  5  7,0,2,2
"",,,Sultan Park No.1,199090502,,0,271,271,,,,
"",,,Sultan Park No.3,199090504,,0,271,271,,,,
141,"141. Government.Girls HigherSecondary School Muridke StaffRoom Block (Left Wing) (Female)(P)*",,,Hassan Park,199080401,,0,322,322,0,2,2
"",,,Hassan Park,199080405,,0,58,58,,,,
"",,,Easa Park,199080505,,0,94,94,,,,
"",,,Easa Park,199080508,,0,321,321,,,,
"",,,Hassan Park,1  9   9  0  9  0  5   0  5,,0,482,482,,,,
"",,,Hassan Park,1  9   9  0  9  0  5   0  7,,0,304,304,,,,
142,"142. Government.Girls HigherSecondary School Muridke StaffRoom Block (Right Wing) (Female) (P)*",,,Muhammad Pura,1  9  9  0   8  0  4  0  3,,0,100,100,0,2,2
"",,,Muhammad Pura,1  9  9  0   8  0  4  0  6,,0,614,614,,,,
"",,,Muridke Town,199080501,,0,197,197,,,,
"",,,Sultan Park No.2,199090503,,0,257,257,,,,
"",,,Sultan Park,199090506,,0,23,23,,,,
143,"143. Government.Girls HigherSecondary School Muridke ( HighBlock) (Male) (P)*",,,Muridke Town,199080502,,504,0,504,4,0,4
"",,,Iqbal Park,199080504,,469,0,469,,,,
"",,,Iqbal Park,199080509,,235,0,235,,,,
"",,,Iqbal Park,199080510,,229,0,229,,,,
144,"144. Government.Girls HigherSecondary School Muridke (HighBlock) (132)",,,Mohallah Purana Janazgah,1  9  9   0  8  0  4  0   2,,282,0,282,3,0,3
"",,Mohallah M.Pura Latif Park,1  9  9  0   8  0  4  0  4,,140,0,140,,,,,
"",,Mohallah M.Pura Latif Park,1  9  9  0   8  0  4  0  7,,262,0,262,,,,,
"",,Rehman Pura No.1,199090403,,434,0,434,,,,,
"",,Mohallah Ahmad Park,199080503,,396,0,396,,,,,
146,"146. Government.Girls Tamer-e-Millat Primary School BlockMuridke Town (Female) (P)*",,,Mohallah Purana Jhanzgah,199080402,,0,220,220,0,3,3
"",,,,Mohallah Latif Park,1  9  9   0  8  0  4  0   4,,0,9   4,94,,,
"",,,,Mohallah Latif Park,1  9  9   0  8  0  4  0   7,,0,1  9   0,190,,,
"",,,,Muridke Town,199080502,,0,431,431,,,
"",,,,Iqbal Park,199080504,,0,327,327,,,
"",,,,Iqbal Park,199080509,,0,177,177,,,
"",,,,Iqbal Park,199080510,,0,147,147,,,
147,"147. Government.Girls Tamer-e-Millat Primary School MuridkeTown (Female) (P)*",,,Ahmad Park,199080503,,0,343,343,0,2,2
"",,,,Ahmad Park,199080507,,0,347,347,,,
"",,,,Mushtaq Park,199080506,,0,292,292,,,
148,"148. Tehsil MunicipalAdministration Office(Old Block)(Male) (P)*",,,Ahmad Pura No.5,199080105,,609,0,609,4,0,4
"",,,,Ahmad Pura No.4,199080202,,456,0,456,,,
"",,,,Mushtaq Park,199080506,,387,0,387,,,
149,"149. Tehsil MunicipalAdministration Office(Old Block)",,,Ahmad Pura No.1,1   9  9  0  8  0   1  0  3,,863,0,863,4,0,4
"",,,,Ahmad Pura No.3,1   9  9  0  8  0   2  0  1,,515,0,515,,,
150,"150. Vocational Training Institute,Muridke",,,Ahmad Pura No.3,199080105,,0,457,457,0,2,2
"",,,,Ahmad Pura No.4,1   9  9  0  8  0   2  0  1,,0,450,450,,,
"",,,,Ahmad Pura No.5,199080202,,0,340,340,,,
151,"151. Tehsil MunicipalAdministration Office Jinah HallWing(Female) (T)**",,,Ahmad Pura No.1,1   9  9  0  8  0   1  0  3,,0,657,657,0,2,2
"",,,,Ahmad Pura No.2,199080104,,0,266,266,,,
"",,,,Ahmad Pura No.2,199080108,,0,518,518,,,
152,"152. Tehsil MunicipalAdministration Office Nadra Wing",,,Ahmad Pura No.2,199080104,,335,0,335,3,0,3
"",,,,Ahmad Pura No.2,199080108,,671,0,671,,,
153,"153. Government.BoysElementary School No.1Mandranwala Mohallah HabibGanj Muridke (Male) (P)*",,,Rasool Nagar,1   9  9  0 80102,,696,0,696,4,0,4
"",,,,Rasool Nagar,1   9  9  0 80107,,204,0,204,,,
"",,,,Mohallah Sheikhan,199090401,,593,0,593,,,
"",,,,Mohallah Muslim Ganj,199090402,,269,0,269,,,
154,"154. Dastkari School MohalaSheikhan Muridke (Female) (P)*",,,Rasool Nagar,199080102,,0,487,487,0,3,3
"",,,,Rasool Nagar,199080107,,0,190,190,,,
"",,,,Mohallah Sheikhan,199090401,,0,521,521,,,
"",,,,Mohallah Muslim Ganj,199090402,,0,215,215,,,
155,"155. Office Market CommitteeMuridke (Female) (P)*",,,Habib Park/Jinnah Park,1  9  9   0  8  0  1  0   1,,0,241,241,0,2,2
"",,,,Habib Park/Jinnah Park,1  9  9   0  8  0  1  0   6,,0,286,286,,,
156,"156. Government.BoysElementary School No.1",,,Habib Park/Jinnah Park,1  9  9   0  8  0  1  0   1,,196,0,196,2,0,2
"",,,,Habib Park/Jinnah Park,1  9  9   0  8  0  1  0   6,,481,0,481,,,
157,"157. Tehsil HeadquarterHospital,Muridke(Male) (P)*",,,Chahil Gardan,199080203,,447,0,447,3,0,3
"",,Nazam Park,199080204,,620,0,620,,,,,
"",,Hospital Colony,199080205,,249,0,249,,,,,
"",,Hospital Colony,199080206,,171,0,171,,,,,
"",,Chahil Gardan,199080203,,0,328,328,,,,,
"",,Nazam Park,199080204,,0,468,468,,,,,
"",,Hospital Colony,199080205,,0,163,163,,,,,
159,"159. Canal Rest House Muridke(Back side) (Male) (P)**",,,Balal Park No.1,1  9  9  0  7   0  5  0  1,,329,0,329,2,0,2
"",,,,Balal Park No.2,199070502,,244,0,244,,,
"",,,,Balal Park No.3,199070503,,315,0,315,,,
160,"160. Canal Rest House Muridke(Front side)(Female) (P)*",,,Balal Park No.1,1  9  9  0  7   0  5  0  1,,0,286,286,0,2,2
"",,,,Balal Park No.2,199070502,,0,198,198,,,
"",,,,Balal Park No.3,199070503,,0,249,249,,,
161,"161. Government.Girls ElemantaryGulshan Zafar Muridke (Male) (P)*",,,Gulshan Zafar Colony,1  9  9  0   7  0  3  0  3,,794,0,794,3,0,3
"",,,,Gulshan Zafar Colony,1  9  9  0   7  0  3  0  7,,59,0,59,,,
"",,,,Balal Park No.5,199070506,,211,0,211,,,
162,"162. Government Girls HighSchool Canal Park, Gulshan Zafar",,,Balal Park No.4,199070505,,790,0,790,3,0,3
"",,,,Balal Park No.6,199070507,,366,0,366,,,
163,"163. Government.Girls HighSchool, Canal Park Gulshan ZafarMuridke (Female) (P)*",,,Gulshan Zafar Colony,1  9  9  0   7  0  3  0  3,,0,607,607,0,3,3
"",,,,Gulshan Zafar Colony,1  9  9  0   7  0  3  0  7,,0,55,55,,,
"",,,,Balal Park No.4,199070505,,0,599,599,,,
"",,,,Balal Park No.5,199070506,,0,157,157,,,
"",,,,Balal Park No.6,199070507,,0,304,304,,,
164,"164. Sub-Divisional Officer WapdaCanal Park Muridke (Male) (P)*",,,Basra Colony No.1,1  9   9  0  7  0  4   0  3,,1402,0,1402,3,0,3
"",,,,Basra Colony No.1,1  9   9  0  7  0  4   0  7,,0,0,0,,,
165,"165. Sub-Divisional Officer WapdaCanal Park Muridke (Male) (P)*",,,Basra Colony No.2,1  9   9  0  7  0  4   0  4,,374,0,374,3,0,3
"",,,,Basra Colony No.2,1  9   9  0  7  0  4   0  8,,206,0,206,,,
"",,,,Basra Colony No.4,199070405,,513,0,513,,,
"",,,,Basra Colony No.3,199070504,,244,0,244,,,
166,"166. Sub-Divisional Officer WapdaDivision, Canal Park, Muridke",,,Basra Colony No.1,1  9   9  0  7  0  4   0  3,,0,922,922,0,4,4
"",,,,Basra Colony No.1,1  9   9  0  7  0  4   0  7,,0,51,51,,,
"",,,,Basra Colony No.4,199070405,,0,379,379,,,
"",,,,Basra Colony No.4,199070504,,0,169,169,,,
167,"167. Government.Boys PrimarySchool Basra Colony Muridke(Male) (P)*",,,Rahmania Colony,1  9  9  0  7   0  3  0  2,,283,0,283,2,0,2
"",,,,Dhakam Pura,199070401,,503,0,503,,,
"",,,,Dhakam Pura,199070406,,437,0,437,,,
168,"168. Government.Boys PrimarySchool Basra Colony Muridke",,,Rahmania Colony,199070301,,543,0,543,2,0,2
"",,,,Tamber Markeet,199070402,,599,0,599,,,
169,"169. Government.Boys PrimarySchool Firdous Colony NearTimber Markeet Muridke(Female)(P)*",,,Rahmania Colony,1  9  9  0  7   0  3  0  1,,0,3  9  5,3  9   5,0,4,4
"",,,,Rahmania Colony,199070302,,0,200,200,,,
"",,,,Dhakam Pura,199070401,,0,445,445,,,
"",,,,Dhakam Pura,199070406,,0,262,262,,,
170,"170. Government.Boys PrimarySchool Firdous Colony NearTimber Markeet Muridke. (155)",,,Timber Market,199070402,,0,450,450,0,2,2
"",,,,Basra Colony No.2,199070404,,0,258,258,,,
"",,,,Basra Colony No.2,199070408,,0,118,118,,,
171,"171. Government.Jinaz Gah QilaMaseeta,Hadoke (Male) (P)*",,,Hadokey,199070106,,444,0,444,3,0,3
"",,Hadokey,199070109,,330,0,330,,,,,
"",,Mohallah Sultania Hadokey,199070107,,797,0,797,,,,,
"",,Hadokey,199070104,,338,0,338,,,,,
173,"173. Government.Boys PrimarySchool Qila Maseeta Hadoke(Male) (P)*",,,"Qila Maseta HadokeyGhosia Colony",199070103,,825,0,825,3,0,3
"",,,,"Qila Maseta HadokeyGhosia Colony",199070108,,430,0,430,,,
"",,,,Hadokey Muridke,199070203,,218,0,218,,,
174,"174. Government.Girls PrimarySchool Hadoke (Female) (P)*",,,Hadokey Qila Maseta,1  9  9  0  7   0  1  0  5,,0,666,666,0,3,3
"",,,,Hadokey,199070106,,0,332,332,,,
"",,,,Hadokey,199070109,,0,209,209,,,
175,"175. Government Boys PrimarySchool Qila Maseeta, Muridke.(159)",,,Hadokey,199070104,,0,265,265,0,3,3
"",,,,Mohallah Sultani Hadokey,199070107,,0,604,604,,,
176,"176. Government Degree CollegeMuridke",,,"Qila Maseta HadokeyGhosia Colony",199070103,,0,624,624,0,4,4
"",,,,"Qila Maseta HadokeyGhosia Colony",199070108,,0,316,316,,,
"",,,,Hadokey Muridke,199070203,,0,140,140,,,
"",,,,Hadokey,199070304,,0,337,337,,,
177,"177. Government.Boys PrimarySchool No.2 Qazafi Park Muridke(Male) (P)*",,,Hadokey Ghosia Colony,1  9  9  0  7   0  1  0  1,,409,0,409,4,0,4
"",,,,Hadokey Muridke,199070201,,458,0,458,,,
"",,,,Hadokey Muridke,199070207,,460,0,460,,,
178,"178. Government Girls DegreeCollege, Muridke (161)",,,Hadokey Havi Pura,1  9  9   0  7  0  1  0   2,,458,0,458,3,0,3
"",,,,Hadokey Tar Bazar,199070204,,521,0,521,,,
179,"179. Government Degree College,Muridke",,,Hadokey Abbas Pura,199070206,,314,0,314,4,0,4
"",,,,Hadokey,199070304,,382,0,382,,,
"",,,,Mohallah Hadokey,199070305,,650,0,650,,,
180,"180. Government Primary SchoolNo. 2, Behind Thana SadarMuridke (Male) (T)**",,,Hadokey Muridke,1  9  9   0  7  0  2  0   2,,280,0,280,3,0,3
"",,,,Hadokey Qila Maseta,199070205,,630,0,630,,,
"",,,,Hadokey Muridke,199070306,,473,0,473,,,
181,"181. Government.Boys HighSchool Qila Maseeta Hadoke(Female) (P)*",,,Hadokey Havi Pura,1  9  9   0  7  0  1  0   2,,0,341,341,0,3,3
"",,,,Hadokey Qila Maseta,199070205,,0,436,436,,,
"",,,,Hadokey Abbas Pura,199070206,,0,205,205,,,
"",,,,Mohallah Hadokey,199070305,,0,488,488,,,
182,"182. Government.Boys HighSchool Qila Maseta Hadoke(Female) (P)*",,,Hadokey Ghosia Colony,1  9  9  0  7   0  1  0  1,,0,2  9  6,296,0,4,4
"",,,,Hadokey Muridke,199070201,,0,278,278,,,
"",,,,Hadokey Muridke,199070207,,0,344,344,,,
"",,,,Hadokey Muridke,199070202,,0,200,200,,,
"",,,,Hadokey Tar Bazar,199070204,,0,325,325,,,
"",,,,Hadokey Muridke,199070306,,0,319,319,,,
183,"183. Government Ali AbbasShaheed Higher Secondary School,Muridke",,,Quazafi Park,199090106,,675,540,540,1,1,2
"",,Canal Park No.3,199070603,,594,0,594,,,,,
"",,Canal Park No.5,199070605,,466,0,466,,,,,
185,"185. Government Ali AbbasShaheed Higher Secondary School(Sir Syed Block) Muridke",,,Canal Park No.1,1  9  9  0  7  0  6  0  2,,4   9  6,0,4  9  6,3,0,3
"",,,,Canal Park No.3,199070604,,425,0,425,,,
"",,,,Ashrafi Chowk Piran Mandi,199090101,,459,0,459,,,
186,"186. Government Ali AbbasShaheed Higher Secondary School(Chemistry Lab) Muridke",,,Piran Mandi,1  9  9   0  9  0  1  0   3,,0,3   3  4,3  3  4,0,3,3
"",,,,Qazafi Park,199090105,,0,463,463,,,
"",,,,Qazafi Park,199090107,,0,351,351,,,
187,"187. Government Ali AbbasShaheed Higher Secondary School(Jinnah Block-I) Muridke",,,Piran Mandi,1  9  9   0  7  0  6  0   1,,4  8  9,0,4  8  9,4,0,4
"",,,,Piran Mandi,199090102,,937,0,937,,,
"",,,,Piran Mandi,199090103,,440,0,440,,,
188,"188. Government Ali Abbas HigherSecondary School (Jinnah Block-2)Muridke",,,Qazafi Park,1  99090104,,647,519,1166,1,1,2
189,"189. Government Ali Abbas HigherSecondary School (Bio Lab HigherBlock) Muridke",,,Piran Mandi,199070601,,0,397,397,0,4,4
"",,,,Canal Park No.1,199070602,,0,426,426,,,
"",,,,Ashrafi Chowk Piran Mandi,1  9   9  0  9  0  1   0  1,,0,3   6  7,3  6  7,,,
"",,,,Piran Mandi,199090102,,0,709,709,,,
190,"190. Government Ali Abbas HigherSecondary School (Iqbal Block)",,,Qazafi Park,1  99090105,,598,0,598,2,0,2
"",,,,Qazafi Park,199090107,,487,0,487,,,
191,"191. Government.Primary SchoolCanal Park Muridke (Female) (P)*",,,Canal Park No.2,1  9  9  0  7  0  6  0  3,,0,494,494,0,4,4
"",,,,Canal Park No.3,199070604,,0,402,402,,,
"",,,,Canal Park No.4,199070605,,0,181,181,,,
"",,,,Canal Park No.4,199070606,,0,695,695,,,
192,"192. Government.Girls ElementarySchool Daoke (Female) (P)*",,,Old Daokey,1  9   9  0  9  0  3   0  1,,0,430,430,0,3,3
"",,Old Daokey,1  9  9  0  5  2   1  0  8,,,,0,83,83,,,
"",,Old Daokey,1  9  9  0  5  2   1  0  9,,,,0,22,22,,,
"",,Old Daokey,1  9  9  0  5  2   1  1  0,,,,0,97,97,,,
"",,Old Daokey,1  9  9  0  5  2   1  1  1,,,,0,60,60,,,
"",,Old Daokey,1  9  9  0  5  2   1  1  2,,,,0,69,69,,,
"",,Old Daokey,1  9  9  0  5  2   1  1  3,,,,0,43,43,,,
"",,,,Old Daokey,199090302,,0,196,196,,,
"",,,,Old Daokey,199090303,,0,317,317,,,
193,"193. Government.Boys PrimarySchool Dahoke (Male) (P)*",,,Old Daokey,1  9   9  0  9  0  3   0  1,,524,0,524,4,0,4
Old Daokey,1  9  9  0  5  2   1  0  8,,,,120,0,120,,,,,
Old Daokey,1  9  9  0  5  2   1  0  9,,,,28,0,28,,,,,
Old Daokey,1  9  9  0  5  2   1  1  0,,,,157,0,157,,,,,
Old Daokey,1  9  9  0  5  2   1  1  1,,,,89,0,89,,,,,
Old Daokey,1  9  9  0  5  2   1  1  2,,,,115,0,115,,,,,
Old Daokey,1  9  9  0  5  2   1  1  3,,,,97,0,97,,,,,
"",,Old Daokey,199090302,,285,0,285,,,,,
"",,Old Daokey,199090303,,484,0,484,,,,,
"",,Daokey,1  9  9  0  9  0   2  0  3,,0,459,459,,,,,
"",,Daokey,1  9  9  0  9  0   2  0  7,,0,241,241,,,,,
"",,Muzaim Park,199090204,,0,280,280,,,,,
195,"195. Sui Gas Office Muridke(Male) (P)*",,,Daokey,1  9  9  0  9  0   2  0  3,,6   7  2,0,6  7  2,3,0,3
"",,,,Daokey,1  9  9  0  9  0   2  0  7,,3   2  0,0,3  2  0,,,
"",,,,Noor Pur Daokey,199090305,,107,0,107,,,
196,"196. Government Girls PrimarySchool Daokey. (178)",,,Moazam Park,199090204,,406,0,406,3,0,3
"",,,,Daokey,199090205,,697,0,697,,,
197,"197. Government.Girls HigherSecondary School MuridkePrincipal Office Block (179)",,,Noor Pur Daokey,199090305,,0,57,57,0,3,3
"",,,,Rehman Pura No.1,199090403,,0,317,317,,,
"",,,,Rehman Pura No.3,199090405,,0,585,585,,,
198,"198. Government.Girls ElementarySchool Rehmanpura (Female) (P)*",,,Rehman Pura No.2,1   9  9  0  9  0   4  0  4,,0,2  1  0,210,0,3,3
"",,,,Rehman Pura No.4,199090406,,0,279,279,,,
"",,,,Rehman Pura No.5,199090407,,0,527,527,,,
199,"199. New Building TMA, (LeftPortion) Muridke (Male) (T)**",,,Rehman Pura No.2,1   9  9  0  9  0   4  0  4,,3  0   6,0,306,3,0,3
"",,,,Rehman Pura No.4,199090406,,363,0,363,,,
"",,,,Rehman Pura No.5,199090407,,741,0,741,,,
200,"200. Government.SpecialEducation Centre (Male) (P)*",,,Rehman Pura No.3,199090405,,727,0,727,2,0,2
201,"201. New Building TMA, (RightPortion) Muridke (Male) (T)**",,,Rehman Pura Daokey,1   9  9  0  9  0   2  0  1,,585,0,585,4,0,4
"",,,,Daokey,199090202,,457,0,457,,,
"",,,,Daokey,199090206,,632,0,632,,,
"",,,,Jalal Town,199090304,,222,0,222,,,
202,"202. Government Degree College,Muridke",,,Rehman Pura Daokey,1   9  9  0  9  0   2  0  1,,0,391,391,0,2,2
"",,,,Daokey,199090202,,0,438,438,,,
"",,,,Daokey,199090206,,0,375,375,,,
"",,,,Jalal Town,199090304,,0,167,167,,,
203,"203. Basic Health Centre Lambray(Male) (P)*",Lambray,199050401,,,,366,0,366,2,0,2
"",,Lambray,199050403,,,,463,0,463,,,
204,"204. Government.Boys MiddleSchool Lambray (Female) (P)*",Lambray,199050401,,,,0,284,284,0,2,2
"",,Lambray,199050403,,,,0,384,384,,,
205,"205. Government GirlsCommunity Model School, Mari",Mari Challean,199050402,,,,293,204,497,1,1,2
"",,Mari Challean,199050404,,,,412,228,640,,,
206,"206. Government.Boys HighSchool Tipiala Dost Muhammad(P)*",Tipiala Dost Muhammad,199050601,,,,257,167,424,1,1,2
"",,Tipiala Dost Muhammad,199050602,,,,426,296,722,,,
207,"207. Government.Boys HighSchool Tipiala Dost Muhammad(P)*",Tipiala Dost Muhammad,199050603,,,,245,170,415,1,1,2
Tipiala Dost Muhammad,199050604,,,,304,210,514,,,,,
Tipiala Dost Muhammad,199050605,,,,495,358,853,,,,,
Tipiala Dost Muhammad,199050606,,,,158,73,231,,,,,
209,"209. Government.Girls HighSchool Tipiala Dost Muhammad(P)*",Tipiala Dost Muhammad,1  9   9 050607,,,,292,178,470,1,1,2
"",,Tipiala Dost Muhammad,1  9   9 050608,,,,216,107,323,,,
"",,Tipiala Dost Muhammad,1  9   9 050611,,,,108,125,233,,,
210,"210. Govt. Boys Primary SchoolRastam pur",Rastam Pur,199050609,,,,444,282,726,1,1,2
211,"211. Government Girls HighSchool Nangal Kiswala",Nangal Kaswala,199050210,,,,641,451,1092,2,2,4
"",,Nangal Kaswala,199050211,,,,420,295,715,,,
212,"212. Govt Girls Degree CollegeMuridke (Shehzad Town) (P)*",Kot Yaqoob,1  9 9050203,,,,465,306,771,2,2,4
"",,Kot Yaqoob,1  9 9050204,,,,457,345,802,,,
213,"213. Govt Girls Degree CollegeMuridke (Shehzad Town) (194)",Kot Yaqoob,199050202,,,,284,200,484,2,2,4
"",,(Shahzad Town),199050205,,,,248,187,435,,,
"",,Kot Yaqoob,199050208,,,,110,73,183,,,
214,"214. Government.Boys PrimarySchool Kot Yaqoob Tiba (P)*",Kot Yaqoob,199050206,,,,363,143,506,2,2,4
"",,Kot Yaqoob,199050207,,,,236,196,432,,,
"",,Kot Yaqoob,199050212,,,,322,158,480,,,
"",,Kot Yaqoob,199050213,,,,130,155,285,,,
215,"215. Government.Boys PrimarySchool Kot Yaqoob Tiba (P)*",Kot Yaqoob,1  9  9  0  5  0   2  0  1,,,,424,346,770,2,2,4
"",,Kot Yaqoob,199050209,,,,318,239,557,,,
"",,Kot Yaqoob,199050214,,,,45,52,97,,,
216,"216. Government.Boys PrimarySchool Kot Syedan (P)*",Kot Syedian,199050505,,,,368,250,618,1,1,2
"",,Monganwala,1  9  9  0   5  0  5  0  6,,,,82,73,155,,,
217,"217. Government RuralDispensary, Chora Rajputtan,",Chora Rajputtan,199050501,,,,211,130,341,1,1,2
"",,Chora Rajputtan,199050502,,,,313,194,507,,,
218,"218. Government.Girls PrimarySchool Chora Rajputtan (P)*",Chora Rajputtan,199050504,,,,707,452,1159,2,2,4
219,"219. Government.Girls PrimarySchool Chora Rajputtan (198)",Chora Rajputtan,199050503,,,,607,460,1067,2,1,3
220,"220. Government.Boys PrimarySchool Fazal Colony (T)**",Rekh Baoli,1  9   9  0  5  0  3   0  4,,,,221,149,370,2,2,4
Rekh Baoli,1  9   9  0  5  0  3   0  5,,,,189,92,281,,,,,
Rekh Baoli,1  9   9  0  5  0  3   1  5,,,,68,34,102,,,,,
Rekh Baoli,1  9   9  0  5  0  3   1  6,,,,0,0,0,,,,,
"Kot Bashir(Behmanwala)",199050308,,,,378,336,714,,,,,
"Kot Bashir(Behmanwala)",199050319,,,,88,72,160,,,,,
Rekh Baoli,199050314,,,,66,47,113,,,,,
Rekh Baoli,1  9   9  0  5  0  3   0  1,,,,247,163,410,,,,,
Rekh Baoli,199050302,,,,361,247,608,,,,,
222,"222. Government Girls ElementarySchool Rekh Baoli",Rekh Baoli,199050306,,,,349,216,565,2,2,4
"",,Rekh Baoli,199050317,,,,350,200,550,,,
"",,Rekh Baoli,199050318,,,,0,0,0,,,
"",,Rekh Baoli,199050307,,,,321,205,526,,,
223,"223. Government.Boys PrimarySchool Rekh Baoli (Male) (T)**",Rekh Baoli,1  9   9  0  5  0  3   0  9,,,,402,0,402,4,0,4
"",,Rekh Baoli,199050310,,,,64,0,64,,,
"",,Rekh Baoli,199050311,,,,414,0,414,,,
"",,Rekh Baoli,199050312,,,,301,0,301,,,
"",,Rekh Baoli,199050320,,,,90,0,90,,,
"",,Rekh Baoli,199050313,,,,266,0,266,,,
"",,Rekh Baoli,199050321,,,,341,0,341,,,
224,"224. Government.Boys PrimarySchool Rekh Baoli (Female) (T)**",Rekh Baoli,1  9   9  0  5  0  3   0  9,,,,0,277,277,0,2,2
"",,Rekh Baoli,199050310,,,,0,36,36,,,
"",,Rekh Baoli,199050311,,,,0,311,311,,,
"",,Rekh Baoli,199050312,,,,0,225,225,,,
"",,Rekh Baoli,199050320,,,,0,27,27,,,
"",,Rekh Baoli,199050313,,,,0,229,229,,,
"",,Rekh Baoli,199050321,,,,0,244,244,,,
225,"225. Government.Boys HigherSecondary School Nangal Sahdan(P)*",Nangal Sahdan,199050701,,,,445,281,726,1,1,2
226,"226. Basic Halth Centre NangalSahdan (P)*",Nangal Sahdan,199050702,,,,287,176,463,,,
"",,Nangal Sahdan,199050714,,,,218,169,387,,,
"",,Dahir,199050713,,,,212,140,352,,,
227,"227. Government Boys PrimarySchool Dera Gujran. (206)",Nangal Sahdan,199050703,,,,289,198,487,2,2,4
"",,Nangal Sahdan,1  9  9  0  5  0   7  0  4,,,,395,255,650,,,
228,"228. Government.Boys HigherSecondary School Nangal Sahdan",Nangal Sahdan,199050708,,,,405,292,697,2,2,4
"",,Nangal Sahdan,199050718,,,,431,341,772,,,
229,"229. Government.Boys HigherSecondary School Nangal Sahdan(P)*",Nangal Sahdan,1  9  9  0  5  0   7  0  5,,,,256,104,360,2,1,3
"",,Nangal Sahdan,1  9  9  0  5  0   7  1  5,,,,152,152,304,,,
"",,Nangal Sahdan,199050706,,,,65,46,111,,,
"",,Nangal Sahdan,199050716,,,,387,259,646,,,
230,"230. Government.Girls HigherSecondary School Nangal Sahdan(P)*",Nangal Sahdan,1  9  9  0  5  0   7  0  7,,,,49,18,67,2,1,3
"",,Nangal Sahdan,1  9  9  0  5  0   7  1  7,,,,267,215,482,,,
"",,Nangal Sahdan,199050709,,,,346,232,578,,,
"",,Nangal Sahdan,199050719,,,,24,20,44,,,
"",,Nangal Sahdan,199050720,,,,164,146,310,,,
231,"231. Government.Girls HigherSecondary School Nangal Sahdan",Nangal Sahdan,199050710,,,,84,50,134,1,1,2
"",,Nangal Sahdan,199050721,,,,408,385,793,,,
232,"232. Government.Girls HigherSecondary School Nangal Sahdan(P)*",Nangal Sahdan,199050711,,,,214,135,349,2,2,4
Nangal Sahdan,199050712,,,,306,233,539,,,,,
Nangal Sahdan,199050722,,,,238,292,530,,,,,
Nangal Sahdan,199050723,,,,241,72,313,,,,,
Raj Pura,1  9   9  0  5  0  8   0  1,,,,321,201,522,,,,,
234,"234. Government.Boys PrimarySchool Ladhewala Virkan (P)*",Ladhewala Virkan,199050803,,,,452,297,749,2,2,4
"",,Ladhewala Virkan,199050804,,,,501,331,832,,,
"",,Nangal Easa,199050805,,,,213,120,333,,,
235,"235. Government.Girls PrimarySchool Budhanke (P)*",Budhanke,199052104,,,,463,325,788,1,1,2
"",,Budhanke,199052105,,,,204,149,353,,,
"",,Budhanke,199052107,,,,11,0,11,,,
236,"236. Government.Boys HighSchool Kathiala Virkan (P)*",Kathiala Virkan,1  9  9051201,,,,553,373,926,2,1,3
"",,Kathiala Virkan,199051202,,,,458,273,731,,,
237,"237. Government Girls HighSchool Kathiala Virkan",Kathiala Virkan,1  9  9051203,,,,366,163,529,1,1,2
"",,Kathiala Virkan,199051204,,,,354,246,600,,,
238,"238. Basic Health Centre KhatialaVirkan (P)*",Kathiala Virkan,1  9  9  0  5  1  2  0  5,,,,131,87,218,2,2,4
"",,Kathiala Virkan,1  9  9  0  5  1  2  0  8,,,,178,122,300,,,
"",,Kathiala Virkan,199051206,,,,499,309,808,,,
"",,Kathiala Virkan,199051207,,,,323,199,522,,,
239,"239. Government Girls ModelPrimary School Bedadpur Virkan",Bedad Pur,199051301,,,,449,254,703,1,1,2
"",,Alou Multan,199051302,,,,151,82,233,,,
240,"240. Government GirlsCommunity Model SchoolSheikhupura Bedad",Sheikhupura Bedad,199050901,,,,635,392,1027,1,1,2
241,"241. Government.BoysElementary School Sheikhupura",Sheikhupura Bedad,199050902,,,,568,310,878,1,1,2
"",,Sheikhupura Bedad,199050903,,,,209,202,411,,,
242,"242. Government Girls MiddleSchool Chak No.29 UCC Muridke",Fateh Puri,1  99050904,,,,670,432,1102,2,1,3
"",,Fateh Puri,199050905,,,,476,286,762,,,
243,"243. Government.Girls PrimarySchool Qila Bhatianwala (P)*",Qila Bhatianwala,1  9  9  0  5   2  1  0  1,,,,458,351,809,2,2,4
"",,Qila Bhatianwala,1  9  9  0  5   2  1  0  6,,,,7,3,10,,,
"",,Qila Bhatianwala,199052102,,,,228,175,403,,,
"",,Qila Bhatianwala,199052103,,,,406,279,685,,,
244,"244. Government.Girls PrimarySchool Khana Rangran (P)*",Khana Rangran,199051003,,,,200,168,368,1,1,2
"",,Chak No.25,199051004,,,,179,127,306,,,
"",,Chak No.26,199051005,,,,60,42,102,,,
"",,Chak  No.30,1  9  9  0  5   1  1  04,,,,307,184,491,,,
245,"245. Government Primary SchoolChak No.29 Muridke",Chak No.27,199051101,,,,273,181,454,2,1,3
"",,Chak No.28,199051102,,,,366,223,589,,,
246,"246. Government Primary SchoolChak No.29 Muridke (223)","Chak No,29",199051103,,,,616,432,1048,2,2,4
247,"247. Government.Boys PrimarySchool Khana Lubana (P)*",Khana Lubana,199051001,,,,694,391,1085,2,1,3
Khana Lubana,199051002,,,,245,195,440,,,,,
Muridke,1  9  9   0  5  0  1  0  1,,,,529,0,529,,,,,
Muridke,199050102,,,,323,0,323,,,,,
Muridke,199050103,,,,34,0,34,,,,,
Muridke,199050104,,,,104,0,104,,,,,
Muridke,199050105,,,,36,0,36,,,,,
249,"249. Government.Boys PrimarySchool Dhakampura Muridke(Female) (P)*",Muridke,1  9  9   0  5  0  1  0  1,,,,0,315,315,0,2,2
"",Muridke,199050102,,,,0,202,202,,,,
"",Muridke,199050103,,,,0,15,15,,,,
"",Muridke,199050104,,,,0,76,76,,,,
"",Muridke,199050105,,,,0,37,37,,,,
"",Muridke,199050106,,,,0,50,50,,,,
250,"250. Basic Health Centre ChakNo.34 (P)*",Chak No36UCC,199051423,,,,121,65,186,1,1,2
"",Chak No.34UCC,199051424,,,,343,297,640,,,,
251,"251. Government.Girls HighSchool Noon (P)*",Noon,1  99051419,,,,765,588,1353,2,2,4
"",Noon,199051421,,,,322,197,519,,,,
"",Noon,199051434,,,,54,43,97,,,,
252,"252. Government.Girls HighSchool Noon (P)*",Noon,1   9  9  0  5  1   4  1  6,,,,375,256,631,2,1,3
"",Noon,199051417,,,,320,242,562,,,,
"",Noon,199051418,,,,92,81,173,,,,
"",Noon,199051433,,,,0,0,0,,,,
"",Noon,199051420,,,,52,36,88,,,,
253,"253. Social Security Hospital KalaShah Kaku at Rehanpura (Female)(T)**",Noon,1  99051414,,,,0,0,0,1,1,2
"",Noon,1  99051430,,,,286,206,492,,,,
"",Noon,199051415,,,,268,151,419,,,,
"",Noon,199051431,,,,130,81,211,,,,
"",Noon,199051432,,,,0,0,0,,,,
254,"254. Government TechnicalTraining Center Ravi Rian Muridke",Noon,199051402,,,,41,0,41,3,0,3
"",Noon,199051404,,,,109,0,109,,,,
"",Noon,199051405,,,,205,0,205,,,,
"",Noon,199051425,,,,523,0,523,,,,
"",Noon,199051426,,,,257,0,257,,,,
"",Noon,199051435,,,,171,0,171,,,,
255,"255. Social Security Hospital KalaShah Kaku at Rehanpura (Female)(T)**",Noon,199051402,,,,0,31,31,0,2,2
"",Noon,199051404,,,,0,61,61,,,,
"",Noon,199051405,,,,0,235,235,,,,
"",Noon,199051425,,,,0,349,349,,,,
"",Noon,199051426,,,,0,277,277,,,,
"",Noon,199051435,,,,0,109,109,,,,
256,"256. Government.apperenticesTraining Center Ravi Rehan (P)*",Noon,199051401,,,,287,0,287,4,0,4
"",Noon,199051403,,,,951,0,951,,,,
257,"257. Government.apperenticesTraining Center Ravi Rehan. (233)",Noon,199051401,,,,0,161,161,0,3,3
"",Noon,199051403,,,,0,753,753,,,,
258,"258. Government.apperenticesTraining Center Ravi Rehan (P)*",Noon,199051408,,,,1055,796,1851,2,2,4
Noon,1   9  9  0  5  1   4  0  9,,,,0,0,0,,,,,
Noon,1   9  9  0  5  1   4  2  7,,,,601,0,601,,,,,
Noon,199051410,,,,415,0,415,,,,,
Noon,199051412,,,,3,0,3,,,,,
260,"260. Government.Comunity BoysMiddle School Hussin TownRianpura (Female) (P)*",Noon,1   9  9  0  5  1   4  0  9,,,,0,0,0,0,2,2
"",,Noon,1   9  9  0  5  1   4  2  7,,,,0,464,464,,,
"",,Noon,199051410,,,,0,299,299,,,
"",,Noon,199051412,,,,0,1,1,,,
"",,Noon,199051413,,,,0,565,565,,,
261,"261. Government.Boys PrimarySchool Mohallah Rasool Abad RianPura. (P)*",Noon,199051406,,,,635,492,1127,1,1,2
262,"262. Government.Girls MiddleSchool Rian Pura Near Musjid AbuBakar (P)*",Noon,1   9  9051407,,,,631,472,1103,2,2,4
"",,Noon,199051411,,,,118,87,205,,,
"",,Noon,199051428,,,,95,74,169,,,
"",,Noon,199051429,,,,69,41,110,,,
263,"263. Basic Health Unit BheianwalaKalan (P)*",Bheia Wala Kalan,1  9 9051501,,,,434,285,719,1,1,2
"",,Chak Khazir (BC),199051502,,,,0,0,0,,,
264,"264. Government.Girls PrimarySchool Bhianwala Khurd (P)*",Chak No.35UCC,199051422,,,,399,283,682,2,1,3
265,"265. Government Primary SchoolChuhay wali Kalan Muridke",Chohaywali Kalan,199051601,,,,329,246,575,2,1,3
"",,Chohaywali Khurd,199051602,,,,281,169,450,,,
"",,Beer Wala,199051603,,,,178,144,322,,,
266,"266. Government Girls PrimarySchool Ali Pur",Ali Pur Tibba,199051605,,,,504,411,915,1,1,2
267,"267. Government Girls PrimarySchool Ali Pur Tiba (T)**",Ali Pur Tibba,199051606,,,,410,302,712,1,1,2
"",,Ali Pur Tibba,199051607,,,,342,260,602,,,
268,"268. Government Primary SchoolRakh Purab",Poorab,199051604,,,,468,350,818,1,1,2
269,"269. Government Boys HighSchool,Shakhum (P)*",Sekhwan-1,1  9  9  0  5  1   7  0  1,,,,306,195,501,2,2,4
"",,Sekhwan-1,1  9  9  0  5  1   7  0  9,,,,394,225,619,,,
"",,Sekhwan-3,199051703,,,,330,229,559,,,
"",,Sekhwan-4,199051704,,,,210,134,344,,,
270,"270. Government Boys HighSchool,Shakhum (P)*",Sekhwan-2,1  9  9  0  5  1   7  0  2,,,,641,442,1083,2,2,4
"",,Sekhwan-6,199051706,,,,274,149,423,,,
"",,Sekhwan-7,199051707,,,,163,92,255,,,
271,"271. Government Girls PrimerySchool, Chak Sanatta",Sekhwan-5,1  9  9  0  5  1   7  0  5,,,,162,112,274,1,1,2
"",,Chak Sanata,199051708,,,,443,241,684,,,
272,"272. Government BoysElementary School, Qila SattarShah (P)*",Qila Sattar Shah-1,1  9  9   0  5  1  9  0  4,,,,339,233,572,2,2,4
"",,Qila Sattar Shah-2,199051905,,,,606,471,1077,,,
"",,Qila Sattar Shah-3,199051906,,,,175,71,246,,,
"",,Qila Sattar Shah-3,199051907,,,,162,159,321,,,
273,"273. Government ElementarySchool, Hadiala Virkan.",Hadiala,199051903,,,,534,356,890,1,1,2
274,"274. Government Girls PrimerySchool,Katianwala (P)*",Dao ke Mallian,1   9  9  0  5  1  9   0  1,,,,203,109,312,1,1,2
"",,Kathianwala,199051902,,,,337,223,560,,,
275,"275. Basic Health Unit,WandalaNasar(male) (P)*",Wandiala Nasar,199052001,,,,768,0,768,2,0,2
Wandiala Nasar,199052002,,,,259,0,259,,,,,
"",Nasar(Female) (P)*,Wandiala Nasar,199052002,,,,0,221,221,,,
277,"277. Government Girls PrimerySchool,Khushal Pura (P)*",Khushal Pura,1  9  9  0   5  2  0  0  3,,,,255,152,407,1,1,2
"",Lail,199052004,,,,115,65,180,,,,
278,"278. Government.Girls PrimarySchool Bhianwala Khurd (P)*",Bhianwala Khurd,1  9  9 052201,,,,221,141,362,2,1,3
"",Bhianwala Khurd,1  9  9 052214,,,,0,0,0,,,,
279,"279. Government.Girls PrimarySchool Bhianwala Khurd (240)",Bhianwala Khurd,199052202,,,,494,351,845,2,2,4
"",Bhianwala Khurd,199052203,,,,0,0,0,,,,
"",Bhianwala Khurd,199052204,,,,0,0,0,,,,
"",Bhianwala Khurd,199052205,,,,0,0,0,,,,
"",Bhianwala Khurd,199052206,,,,0,0,0,,,,
"",Bhianwala Khurd,199052207,,,,75,49,124,,,,
"",Bhianwala Khurd,199052208,,,,19,8,27,,,,
"",Bhianwala Khurd,199052209,,,,80,79,159,,,,
"",Bhianwala Khurd,199052210,,,,62,26,88,,,,
"",Bhianwala Khurd,199052211,,,,0,0,0,,,,
"",Bhianwala Khurd,199052212,,,,0,0,0,,,,
"",Bhianwala Khurd,199052213,,,,38,20,58,,,,
280,"280. Government.Boys PrimarySchool Chak No.33 (P)*",Chak No.31,1  9  9  0  5   1  5  03,,,,160,128,288,1,1,2
"",Chak No.32,199051504,,,,286,181,467,,,,
"",Chak No.33 UCC,199051505,,,,319,221,540,,,,
281,"281. Government Girls ElementarySchool Joianwala Village",Dalavarian,199051805,,,,362,258,620,2,2,4
"",Joianwala,199051807,,,,732,465,1197,,,,
282,"282. Government.Boys MiddleSchool Joianwala (P)*",Gagrana,199051802,,,,179,138,317,1,1,2
"",Bavra Akalian,199051806,,,,23,14,37,,,,
"",Joianwala,1  9  9  0  5  1   8  0  8,,,,102,85,187,,,,
"",Joianwala,1  9  9  0  5  1   8  0  9,,,,234,146,380,,,,
283,"283. Basic Health Unit PindiMachian (Pindi Ratan Singh)",Sadwan,1  9  9  0  5  1  801,,,,201,113,314,2,1,3
"",Pindi Ratan Singh,199051803,,,,317,221,538,,,,
"",Pindi Ratan Singh,199051804,,,,520,358,878,,,,
284,"284. Government.Girls PrimarySchool Dargai Gill Qadeem (P)*",Dargai Gill Qadeem,1   9  8  0  1  0   104,,,,409,278,687,2,2,4
"",Dargai Gill Qadeem,198010105,,,,666,504,1170,,,,
285,"285. Government.Boys PrimarySchool Rangian Jangian (P)*",Rangian Jangian,198010101,,,,469,285,754,1,1,2
286,"286. Government.Bashir ModelPrimary School Rana Town DargaiGill Jadeed (P)*",Dargai Gill Jadeed,198010102,,,,183,193,376,2,2,4
Dargai Gill Jadeed,198010103,,,,421,304,725,,,,,
Dargai Gill Jadeed,198010106,,,,304,201,505,,,,,
"",,Imamia Colony No.1,1  9  8  0   7  0  1  0  1,,3  1  5,0,315,,,,,
"",,Imamia Colony No.2,198070102,,208,0,208,,,,,
"",,Imamia Colony No.3,198070103,,145,0,145,,,,,
"",,Imamia Colony No.4,198070104,,151,0,151,,,,,
"",,Imamia Colony No.5,198070105,,416,0,416,,,,,
"",,Imamia Colony No.10,198070205,,229,0,229,,,,,
288,"288. Government Sulman ShaheedHigh School Imamia ColonyFerozewala",,,Imamia Colony No.1,1  9  8  0   7  0  1  0  1,,0,268,268,0,4,4
"",,,,Imamia Colony No.2,198070102,,0,170,170,,,
"",,,,Imamia Colony No.3,198070103,,0,130,130,,,
"",,,,Imamia Colony No.4,198070104,,0,125,125,,,
"",,,,Imamia Colony No.5,198070105,,0,430,430,,,
"",,,,Imamia Colony No.10,198070205,,0,212,212,,,
"",,,,Imamia Colony No.10,198070209,,0,210,210,,,
289,"289. Government Sulman ShaheedHigh School Imamia ColonyFerozewala",,,Imamia Colony No.8,198070203,,471,0,471,3,0,3
"",,,,Imamia Colony No.9,198070204,,460,0,460,,,
"",,,,Imamia Colony No.9,198070208,,433,0,433,,,
290,"290. Government Sulman ShaheedHigh School Imamia ColonyFerozewala",,,Imamia Colony No.8,198070203,,0,367,367,0,2,2
"",,,,Imamia Colony No.9,198070204,,0,362,362,,,
"",,,,Imamia Colony No.9,198070208,,0,316,316,,,
291,"291. Sirat un Binat (Reg)Government.Girls High SchoolUmar Park (Male) (P)*",,,Imamia Colony No.6,198070201,,393,0,393,4,0,4
"",,,,Imamia Colony No.6,198070206,,624,0,624,,,
"",,,,Imamia Colony No.7,198070202,,506,0,506,,,
"",,,,Imamia Colony No.7,198070207,,526,0,526,,,
292,"292. Sirat un Binat (Reg)Government.Girls High SchoolUmar Park (Female) (P)*",,,Imamia Colony No.6,198070201,,0,278,278,0,3,3
"",,,,Imamia Colony No.6,198070206,,0,466,466,,,
"",,,,Imamia Colony No.7,198070202,,0,303,303,,,
"",,,,Imamia Colony No.7,198070207,,0,458,458,,,
293,"293. Al-Ghazi High School (Regd),Imamia Colony (Male) (T)**",,,"Annexi Imamia ColonyNo.11",198070301,,509,0,509,4,0,4
"",,,,"Annexi Imamia ColonyNo.12",198070302,,149,0,149,,,
"",,,,Abadi Ferozewala,198070303,,413,0,413,,,
"",,,,Abadi Ferozewala,198070304,,130,0,130,,,
"",,,,Peoples Colony No.1,198070305,,325,0,325,,,
294,"294. Al-Ghazi High School (Regd),Annexi Imamia Colony (Female)(T)**",,,"Annexi Imamia ColonyNo.11",198070301,,0,446,446,0,2,2
"",,,,"Annexi Imamia ColonyNo.12",198070302,,0,108,108,,,
"",,,,Abadi Ferozewala,198070303,,0,285,285,,,
"",,,,Abadi Ferozewala,198070304,,0,90,90,,,
"",,,,Peoples Colony No.1,198070305,,0,270,270,,,
295,"295. Government Girls HighSchool Peoples Colony (RightWing), Ferozewala",,,Peoples Colony   No.2,1  9   8  0  7  0  4  0   1,,493,0,493,4,0,4
"",,Peoples Colony   No.3,198070402,,295,0,295,,,,,
"",,Rachna Town No.1,198070501,,482,0,482,,,,,
"",,Rachna Town No.2,198070502,,350,0,350,,,,,
"",,Peoples Colony   No.2,1  9  8  0  7  0  4  0   1,,0,429,429,,,,,
"",,Peoples Colony   No.3,198070402,,0,256,256,,,,,
"",,Rachna Town No.1,198070501,,0,390,390,,,,,
297,"297. Government Girls HighSchool Peoples Colony (LeftWing), Ferozewala",,,Peoples Colony No.4,1  9   8  0  7  0  4  0   3,,2  9  0,0,2  9  0,4,0,4
"",,,,"Peoples Colony SchemeNo.1",198070404,,282,0,282,,,
"",,,,"Peoples Colony SchemeNo.2",198070405,,97,0,97,,,
"",,,,"Peoples Colony SchemeNo.3",198070406,,109,0,109,,,
"",,,,Peoples Colony No.1,198070503,,431,0,431,,,
298,"298. Government Girls HighSchool Peoples Colony (LeftWing), Ferozewala (11)",,,Scheme No.2,198070504,,497,399,896,2,2,4
"",,,,Scheme No.3,198070505,,176,126,302,,,
"",,,,People Colony F/Wala,1  9   8  0  7  0  506,,111,81,192,,,
"",,,,People Colony F/Wala,198070507,,221,152,373,,,
299,"299. Government Girls HighSchool Peoples Colony (LeftWing), Ferozewala",,,Peoples Colony No.4,1  9   8  0  7  0  4  0   3,,0,2   2  7,2  2  7,0,3,3
"",,,,"Peoples Colony SchemeNo.1",198070404,,0,233,233,,,
"",,,,"Peoples Colony SchemeNo.2",198070405,,0,106,106,,,
"",,,,"Peoples Colony SchemeNo.3",198070406,,0,88,88,,,
"",,,,Peoples Colony No.1,198070503,,0,336,336,,,
300,"300. Govt. Primary School SchemeNo. 3 Near Jamia Islamia Madrasa",,,Ferozewala Deh.No.1,198080105,,395,0,395,3,0,3
"",,,,Ferozewala Deh.No.1,198080107,,611,0,611,,,
301,"301. Government.Girls DegreeCollage Ferozewala New Building(Male) (P)*",,,Scheme No.4,1   9  8  0 80104,,101,0,101,3,0,3
"",,,,Scheme No.4,1   9  8  0 80111,,383,0,383,,,
"",,,,Ferozewala Deh.No.2,198080106,,219,0,219,,,
"",,,,Ferozewala Deh.No.2,198080108,,105,0,105,,,
"",,,,Ferozewala Deh.No.2,198080109,,230,0,230,,,
302,"302. Government.Girls DegreeCollage Ferozewala New Building(Female) (P)*",,,Scheme No.4,1   9  8  0 80104,,0,54,54,0,3,3
"",,,,Scheme No.4,1   9  8  0 80111,,0,314,314,,,
"",,,,Ferozewala Deh.No.1,198080105,,0,356,356,,,
"",,,,Ferozewala Deh.No.1,198080107,,0,427,427,,,
"",,,,Ferozewala Deh.No.2,198080106,,0,125,125,,,
"",,,,Ferozewala Deh.No.2,198080108,,0,104,104,,,
"",,,,Ferozewala Deh.No.2,198080109,,0,152,152,,,
303,"303. Government.Girls DegreeCollage Ferozewala New Building(Male) (P)*",,,Ferozewala Deh.,1  9   8  0  8  0  1   0  1,,173,0,173,3,0,3
"",,Ferozewala Deh.,1  9   8  0  8  0  1   1  0,,595,0,595,,,,,
"",,Ferozewala Scheme No.1,198080102,,121,0,121,,,,,
"",,Ferozewala Scheme No.1,198080112,,340,0,340,,,,,
"",,Rachna Town,198080103,,288,0,288,,,,,
"",,Rachna Town,198080113,,170,0,170,,,,,
"",,Ferozewala Deh.,1  9   8  0  8  0  1   0  1,,0,149,149,,,,,
"",,Ferozewala Deh.,1  9   8  0  8  0  1   1  0,,0,392,392,,,,,
"",,Ferozewala Scheme No.1,198080102,,0,99,99,,,,,
"",,Ferozewala Scheme No.1,198080112,,0,225,225,,,,,
"",,Rachna Town,198080103,,0,104,104,,,,,
305,"305. Worker Welfare SchoolG.T.Road Rana Town (Male) (P)*",,,Rachna Town No.7,1  9  8  0  8  0   3  0  1,,1499,0,1499,4,0,4
"",,,,Murad Town,198080302,,259,0,259,,,
"",,,,Rana Town Kot M.Hussain,198080303,,168,0,168,,,
306,"306. Worker Welfare SchoolG.T.Road Rana Town (Female) (P)*",,,Rachna Town No.7,1  9  8  0  8  0   3  0  1,,0,1132,1132,0,3,3
"",,,,Murad Town,198080302,,0,210,210,,,
"",,,,Rana Town Kot M.Hussain,198080303,,0,144,144,,,
307,"307. New Central Model HighSchool Muhammad Nagar, RanaTown",,,Rana Town No.1,1  9  8  0  8   0  3  0  4,,225,0,225,2,0,2
"",,,,Rana Town No.1,1  9  8  0  8   0  3  0  7,,156,0,156,,,
"",,,,Rana Town No.2,198080305,,284,0,284,,,
"",,,,Rana Town No.2,198080308,,91,0,91,,,
"",,,,Rana Town No.2,198080309,,219,0,219,,,
"",,,,Rana Town No.2,198080310,,61,0,61,,,
"",,,,Rana Town No.2,198080311,,96,0,96,,,
"",,,,Ferozewala,198080306,,117,0,117,,,
308,"308. New Central Model HighSchool Muhammad Nagar, RanaTown",,,Rana Town No.1,1  9  8  0  8   0  3  0  4,,0,158,158,0,2,2
"",,,,Rana Town No.1,1  9  8  0  8   0  3  0  7,,0,105,105,,,
"",,,,Rana Town No.2,198080305,,0,241,241,,,
"",,,,Rana Town No.2,198080308,,0,63,63,,,
"",,,,Rana Town No.2,198080309,,0,124,124,,,
"",,,,Rana Town No.2,198080310,,0,67,67,,,
"",,,,Rana Town No.2,198080311,,0,58,58,,,
"",,,,Ferozewala,198080306,,0,102,102,,,
309,"309. Lahore Gem School (Reg)Rachna Town (Male) (T)**",,,Rachna Town No.1,198080201,,279,0,279,2,0,2
"",,,,Rachna Town No.1,198080207,,246,0,246,,,
"",,,,Rachna Town No.1,198080208,,511,0,511,,,
310,"310. Lahore Gem School (Reg)Rachna Town (Male) (T)**",,,Rachna Town No.2,198080202,,626,0,626,3,0,3
"",,,,Rachna Town No.2,198080209,,408,0,408,,,
"",,,,Rachna Town No.2,198080210,,407,0,407,,,
311,"311. Government Girls ElementarySchool Rachna Town Ferozewala",,,Rachna Town No.1,198080201,,0,232,232,0,3,3
"",,,,Rachna Town No.1,198080207,,0,228,228,,,
"",,,,Rachna Town No.1,198080208,,0,295,295,,,
"",,,,Rachna Town No.2,198080202,,0,442,442,,,
"",,,,Rachna Town No.2,198080209,,0,322,322,,,
"",,,,Rachna Town No.2,198080210,,0,321,321,,,
312,"312. Government.Boys PrimarySchool Rachna Town Male (P)*",,,Rachna Town No.3,198080203,,559,0,559,4,0,4
"",,,,Rachna Town No.3,198080211,,377,0,377,,,
"",,,,Rachna Town No.3,198080212,,726,0,726,,,
313,"313. Government Girls ElementarySchool Rachna Town Ferozewala",,,Rachna Town No.4,198080204,,462,433,895,2,2,4
"",,Rachna Town No.4,198080213,,149,96,245,,,,,
"",,Rachna Town No.3,198080203,,0,408,408,,,,,
"",,Rachna Town No.3,198080211,,0,366,366,,,,,
315,"315. Government ElementarySchool for Boys, Bhullay BhaniwalFerozewala",,,Bhola Bhoniwal,1  9  8   0  8  0  4  0   6,,4  5  0,0,450,3,0,3
"",,,,"Bhola Bhoniwal/PhattanColony",198080407,,297,0,297,,,
"",,,,"Bhola Bhoniwal/PhattanColony",198080412,,128,0,128,,,
"",,,,"Bhola Bhoniwal/PhattanColony",198080413,,149,0,149,,,
316,"316. Government Pramary Schoolfor Girls, Sakandrabad Ferozewala",,,Dera Changran,198080408,,275,0,275,3,0,3
"",,,,Dera Changran,198080414,,147,0,147,,,
"",,,,Sakandrabad,198080409,,610,0,610,,,
317,"317. Government ElementarySchool for Boys, Bhullay BhaniwalFerozewala",,,Bhola Bhoniwal,1  9  8   0  8  0  4  0   6,,0,294,294,0,2,2
"",,,,"Bhola Bhoniwal/PhattanColony",198080407,,0,127,127,,,
"",,,,"Bhola Bhoniwal/PhattanColony",198080412,,0,90,90,,,
"",,,,"Bhola Bhoniwal/PhattanColony",198080413,,0,71,71,,,
"",,,,Dera Changran,198080408,,0,111,111,,,
"",,,,Dera Changran,198080414,,0,149,149,,,
"",,,,Sakandrabad,198080409,,0,441,441,,,
318,"318. Tehsil Head Quarter Hospital,Ferozewala.",,,"Imamia Colony/Pir ZadaColony",198080401,,560,0,560,4,0,4
"",,,,Bhook Pura,198080402,,414,0,414,,,
"",,,,Rachna Town,198080410,,220,0,220,,,
"",,,,Rachna Town,198080415,,225,0,225,,,
"",,,,Rachna Town,198080416,,194,0,194,,,
319,"319. Tehsil Head Quarter Hospital,Ferozewala.",,,"Imamia Colony/Pir ZadaColony",198080401,,0,435,435,0,2,2
"",,,,Bhook Pura,198080402,,0,302,302,,,
"",,,,Rachna Town,198080410,,0,142,142,,,
"",,,,Rachna Town,198080415,,0,179,179,,,
"",,,,Rachna Town,198080416,,0,161,161,,,
320,"320. Tehsil Head Quarter Hospital,Ferozewala.(Male)",,,Rachna Town No.6,198080206,,844,0,844,2,0,2
321,"321. Tehsil Head Quarter Hospital,Ferozewala.(Male)",,,Rachna Town No.5,198080205,,1049,0,1049,3,0,3
322,"322. Government Boys PrimarySchool Rachna Town (Female)",,,Rachna Town No.5,198080205,,0,760,760,0,3,3
"",,Rachna Town No.6,198080206,,0,681,681,,,,,
"",,Bhullay Dasanwal,1   9  8  0  8  0  4   0  3,,1036,0,1036,,,,,
"",,"Mohalla BhatianWala/Mugal Park",198080404,,200,0,200,,,,,
"",,"Mohalla BhatianWala/Mugal Park",198080411,,142,0,142,,,,,
"",,Bhullay Dasanwal,1   9  8  0  8  0  4   0  3,,0,800,800
"",,"Mohalla BhatianWala/Mugal Park",198080404,,0,99,99
"",,"Mohalla BhatianWala/Mugal Park",198080411,,0,85,85
In case of rural areas,In Case of Urban Area
Number of Voters assigned to,Number of Polling Booths
