"",Sr. No.,"No. and name of thePolling Station",In case of Rural Areas,In case of Urban Areas,"Serial No. ofvoters on theElectoral Rolls",Number of Voters,No. of Polling,,,,,,
"",,,Name of Electoral Area,"Census BlockCode",Name of Electoral Areas,"Census BlockCode",Male,Female,Total,Male,Female,Total,
"",1,2,3,4,5,6,7,8,9,10,11,12,13
"",1,"Govt. B/H/S  Bhulair(Male)",Chak No.119 RB Bhulair,202010301,,,,570,0,570,2,0,2
"",,,Chak No.119 RB Bhulair,202010302,,,,265,0,265,,,
"",,,Chak No.119 RB Bhulair,202010303,,,,360,0,360,,,
"",Total,,,,1195,0,1195,2,0,2,,,
"",2,"Govt. B/H/S  Bhulair(Female)",Chak No.119 RB Bhulair,202010301,,,,0,435,435,0,2,2
"",,,Chak No.119 RB Bhulair,202010302,,,,0,272,272,,,
"",,,Chak No.119 RB Bhulair,202010303,,,,0,206,206,,,
"",Total,,,,0,913,913,0,2,2,,,
"",3,"Office UC Bhulair(Combined)",Chak No.119 RB Bhulair,202010305,,,,403,315,718,2,1,3
"",,,Chak No.119 RB Bhulair,202010310,,,,258,151,409,,,
"",Total,,,,661,466,1127,2,1,3,,,
"",4,"Govt. G/H/S  Bhulair(Male)",Chak No.119 RB Bhulair,202010304,,,,795,,795,3,0,3
"",,,Chak No.119 RB Bhulair,202010306,,,,319,,319,,,
"",,,Chak No.119 RB Bhulair,202010311,,,,215,,215,,,
"",Total,,,,1329,0,1329,3,0,3,,,
"",5,"Govt. G/H/S  Bhulair(Female)",Chak No.119 RB Bhulair,202010304,,,,0,606,606,0,2,2
"",,,Chak No.119 RB Bhulair,202010306,,,,0,239,239,,,
"",,,Chak No.119 RB Bhulair,202010311,,,,0,129,129,,,
"",Total,,,,0,974,974,0,2,2,,,
"",6,"Govt. P/S Raza AbadChahoor Sikhan(Male)",Chahoor Sikhan 118/RB,202010101,,,,357,0,357,2,0,2
"",,,Chahoor Sikhan 118/RB,202010102,,,,178,0,178,,,
"",,,Chahoor Sikhan 118/RB,202010103,,,,280,0,280,,,
"",,,Chahoor Sikhan 118/RB,202010104,,,,241,0,241,,,
"",Total,,,,1056,0,1056,2,0,2,,,
"",7,"Govt. P/S Raza AbadChahoor Sikhan(Female)",Chahoor Sikhan 118/RB,202010101,,,,0,277,277,0,2,2
Chahoor Sikhan 118/RB,202010102,,,,0,137,137,,,,,,
Chahoor Sikhan 118/RB,202010103,,,,0,193,193,,,,,,
Chahoor Sikhan 118/RB,202010104,,,,0,160,160,,,,,,
"",8,"Govt. girls primaryschool Basti SharifPura.  (Male)",Chahoor Sikhan 118/RB,202010105,,,,101,0,101,2,0,2
"",,,Chahoor Sikhan 118/RB,202010106,,,,139,0,139,,,
"",,,Chahoor Sikhan 118/RB,202010107,,,,117,0,117,,,
"",,,Chahoor Sikhan 118/RB,202010108,,,,117,0,117,,,
"",,,Chahoor Sikhan 118/RB,202010120,,,,143,0,143,,,
"",,,Chahoor Sikhan 118/RB,202010121,,,,6,0,6,,,
"",,,Chahoor Sikhan 118/RB,202010122,,,,108,0,108,,,
"",,,Chahoor Sikhan 118/RB,202010123,,,,363,0,363,,,
"",Total,,,,1094,0,1094,2,0,2,,,
"",9,"Govt. girls primaryschool Basti SharifPura.  (Female)",Chahoor Sikhan 118/RB,202010105,,,,0,66,66,0,2,2
"",,,Chahoor Sikhan 118/RB,202010106,,,,0,85,85,,,
"",,,Chahoor Sikhan 118/RB,202010107,,,,0,105,105,,,
"",,,Chahoor Sikhan 118/RB,202010108,,,,0,88,88,,,
"",,,Chahoor Sikhan 118/RB,202010120,,,,0,106,106,,,
"",,,Chahoor Sikhan 118/RB,202010121,,,,0,67,67,,,
"",,,Chahoor Sikhan 118/RB,202010122,,,,0,63,63,,,
"",,,Chahoor Sikhan 118/RB,202010123,,,,0,157,157,,,
"",Total,,,,0,737,737,0,2,2,,,
"",10,"Govt. B/P/S ChahoorMuslim 118 RB(Combined)",Chahoor Muslim 118 RB,202010109,,,,132,121,253,2,1,3
"",,,Chahoor Muslim 118 RB,202010110,,,,253,164,417,,,
"",,,Chahoor Muslim 118 RB,202010111,,,,252,218,470,,,
"",Total,,,,637,503,1140,2,1,3,,,
"",11,"Govt. Girls/P/SChahoor Muslim 118RB  (Combined)",Chahoor Muslim 118 RB,202010112,,,,420,375,795,2,2,4
"",,,Chahoor Muslim 118 RB,202010113,,,,200,110,310,,,
"",,,Chahoor Muslim 118 RB,202010124,,,,157,55,212,,,
"",,,Chahoor Muslim 118 RB,202010125,,,,82,146,228,,,
"",Total,,,,859,686,1545,2,2,4,,,
"",12,"Govt. G/P/S MararChak No.45 RB (Male)",Marar Chak No.45 RB,202010114,,,,433,0,433,2,,2
"",,,Marar Chak No.45 RB,202010115,,,,244,0,244,,,
"",,,Marar Chak No.45 RB,202010117,,,,442,0,442,,,
"",Total,,,,1119,0,1119,2,0,2,,,
"",13,"Govt. G/P/S MararChak No.45 RB(Female)",Marar Chak No.45 RB,202010114,,,,0,331,331,,2,2
"",,,Marar Chak No.45 RB,202010115,,,,0,172,172,,,
"",,,Marar Chak No.45 RB,202010117,,,,0,328,328,,,
"",Total,,,,0,831,831,0,2,2,,,
"",14,"Govt. B/P/S ChakNo.45RB  (Male)",Chak No.45RB,202010116,,,,59,0,59,2,,2
"",,,Chak No.45RB,202010126,,,,139,0,139,,,
"",,,Chak No.45RB,202010118,,,,488,0,488,,,
"",,,Chak No.45RB,202010119,,,,482,0,482,,,
"",Total,,,,1168,0,1168,2,0,2,,,
"",15,"Govt. B/P/S ChakNo.45RB  (Female)",Chak No.45RB,202010116,,,,0,69,69,0,2,2
Chak No.45RB,202010126,,,,0,71,71,,,,,,
Chak No.45RB,202010118,,,,0,455,455,,,,,,
Chak No.45RB,202010119,,,,0,326,326,,,,,,
"",16,"Govt. G/P/S KotlaKhurd Chak No.43/RB(Male)",Kotla Khurd Chak No. 43/RB,202010201,,,,638,0,638,3,0,3
"",,,Kotla Khurd Chak No. 43/RB,202010202,,,,179,0,179,,,
"",,,Kotla Khurd Chak No. 43/RB,202010203,,,,557,0,557,,,
"",,,Kotla Khurd Chak No. 43/RB,202010204,,,,61,0,61,,,
"",,,Kotla Khurd Chak No. 43/RB,202010213,,,,248,0,248,,,
"",Total,,,,1683,0,1683,3,0,3,,,
"",17,"Govt. G/P/S KotlaKhurd Chak No.43/RB(Female)",Kotla Khurd Chak No. 43/RB,202010201,,,,0,349,349,0,3,3
"",,,Kotla Khurd Chak No. 43/RB,202010202,,,,0,342,342,,,
"",,,Kotla Khurd Chak No. 43/RB,202010203,,,,0,443,443,,,
"",,,Kotla Khurd Chak No. 43/RB,202010204,,,,0,27,27,,,
"",,,Kotla Khurd Chak No. 43/RB,202010213,,,,0,214,214,,,
"",Total,,,,0,1375,1375,0,3,3,,,
"",18,"Govt. B/E/S KotlaKalan Chak No. 43/RB(Male)",Kotla Kalan Chak No. 43/RB,202010205,,,,82,0,82,3,0,3
"",,,Kotla Kalan Chak No. 43/RB,202010214,,,,173,0,173,,,
"",,,Kotla Kalan Chak No. 43/RB,202010206,,,,599,0,599,,,
"",,,Kotla Kalan Chak No. 43/RB,202010207,,,,374,0,374,,,
"",,,Kotla Kalan Chak No. 43/RB,202010208,,,,193,0,193,,,
"",Total,,,,1421,0,1421,3,0,,,,
"",19,"Govt. B/E/S KotlaKalan Chak No. 43/RB(Female)",Kotla Kalan Chak No. 43/RB,202010205,,,,0,176,176,0,2,2
"",,,Kotla Kalan Chak No. 43/RB,202010214,,,,0,35,35,,,
"",,,Kotla Kalan Chak No. 43/RB,202010206,,,,0,388,388,,,
"",,,Kotla Kalan Chak No. 43/RB,202010207,,,,0,264,264,,,
"",,,Kotla Kalan Chak No. 43/RB,202010208,,,,0,135,135,,,
"",Total,,,,0,998,998,0,2,2,,,
"",20,"Govt. B/P/S Chak No.46 Chak Chatha(Male)",Chatha Chak No.46 Chak Chatha,202010209,,,,213,0,213,3,0,3
"",,,Chatha Chak No.46 Chak Chatha,202010210,,,,715,0,715,,,
"",,,Chatha Chak No.46 Chak Chatha,202010211,,,,555,0,555,,,
"",,,Chatha Chak No.46 Chak Chatha,202010212,,,,75,0,75,,,
"",,,Chatha Chak No.46 Chak Chatha,202010215,,,,53,0,53,,,
"",Total,,,,1611,0,1611,3,0,3,,,
"",21,"Govt. B/P/S Chak No.46 Chak Chatha(Female)",Chatha Chak No.46 Chak Chatha,202010209,,,,0,84,84,0,2,2
"",,,Chatha Chak No.46 Chak Chatha,202010210,,,,0,587,587,,,
"",,,Chatha Chak No.46 Chak Chatha,202010211,,,,0,431,431,,,
"",,,Chatha Chak No.46 Chak Chatha,202010212,,,,0,23,23,,,
"",,,Chatha Chak No.46 Chak Chatha,202010215,,,,0,58,58,,,
"",Total,,,,0,1183,1183,0,2,2,,,
"",22,"Govt. B/H/S Chak 42Marar  (Combined)",Marar Chak No.42,202010406,,,,521,357,878,2,1,3
"",,,Marar Chak No.42,202010407,,,,322,254,576,,,
"",Total,,,,843,611,1454,2,1,3,,,
"",23,"Govt. G/H/S 42 Marar(Male)",Marar Chak No.42,202010408,,,,289,0,289,2,0,2
Marar Chak No.42,202010409,,,,452,0,452,,,,,,
Marar Chak No.42,202010412,,,,290,0,290,,,,,,
"",24,"Govt. G/H/S 42 Marar(Female)",Marar Chak No.42,202010408,,,,0,277,277,0,2,2
"",,,Marar Chak No.42,202010409,,,,0,316,316,,,
"",,,Marar Chak No.42,202010412,,,,0,222,222,,,
"",Total,,,,0,815,815,0,2,2,,,
"",25,"Govt. G/H/S 42 Marar(Combined)",Marar Chak No.42,202010410,,,,699,575,1274,2,1,3
"",Total,,,,699,575,1274,2,1,3,,,
"",26,"Govt. B/H/S ChakPandorian 122 RB",Chak Pandorian 122 RB,202010701,,,,733,587,1320,2,2,4
"",,,Chak Pandorian 122 RB,202010704,,,,125,83,208,,,
"",Total,,,,858,670,1528,2,2,4,,,
"",27,"Govt. Girls/H/S ChakPandorian 122 RB",Chak Pandorian 122 RB,202010702,,,,528,394,922,2,2,4
"",,,Chak Pandorian 122 RB,202010703,,,,449,321,770,,,
"",Total,,,,977,715,1692,2,2,4,,,
"",28,"Govt. G/M/S ChakNo.121 RB Hanjli",No.121 RB Hanjli,202010705,,,,611,532,1143,2,2,4
"",,,Chak No. 290/RB Ramu Wala,202010707,,,,262,145,407,,,
"",Total,,,,873,677,1550,2,2,4,,,
"",29,"Govt. G/E/S Chak No.121 RB Dogri(Combined)",Chak No. 121 RB Dogri,202010706,,,,683,527,1210,2,1,3
"",Total,,,,683,527,1210,2,1,3,,,
"",30,"Govt. G/E/S ChakNo.120/RB DeraBegail Singh Wala(Male)",Chak No. 120 Dera Bakhshian Wala,202010601,,,,381,0,381,2,0,2
"",,,Begail Singh Wala,202010602,,,,487,0,487,,,
"",,,Abadi chaley key,202010603,,,,317,0,317,,,
"",Total,,,,1185,0,1185,2,0,2,,,
"",31,"Govt. G/E/S ChakNo.120/RB DeraBegail Singh Wala(Female)",Chak No. 120 Dera Bakhshian Wala,202010601,,,,0,254,254,0,2,2
"",,,Begail Singh Wala,202010602,,,,0,376,376,,,
"",,,Abadi chaley key,202010603,,,,0,240,240,,,
"",Total,,,,0,870,870,0,2,2,,,
"",32,"Govt. B/M/S Chak No.116 RB  (Combined)",Chak No. 116 RB Luther,202010606,,,,657,465,1122,2,1,3
"",Total,,,,657,465,1122,2,1,3,,,
"",33,"Govt. B/M/S Chak No.116 RB Gollay Bajwey",Chak No. 116 RB Ghulley Bajwey,202010604,,,,602,198,800,2,1,3
"",,,Chak No. 116 RB Ghulley Bajwey,202010605,,,,292,402,694,,,
"",Total,,,,894,600,1494,2,1,3,,,
"",34,"Govt. B/M/S SiranWali (Combined)",Siran Wali Chak No.123 RB,202010307,,,,294,208,502,2,2,4
Siran Wali Chak No.123 RB,202010308,,,,163,153,316,,,,,,
Siran Wali Chak No.123 RB,202010309,,,,72,71,143,,,,,,
Siran Wali Chak No.123 RB,202010312,,,,182,127,309,,,,,,
Siran Wali Chak No.123 RB,202010314,,,,134,98,232,,,,,,
Siran Wali Chak No.123 RB,202010315,,,,103,89,192,,,,,,
"",35,"Govt. Girls/M/S SiranWali  (Combined)",Siran Wali Chak No.123 RB,202010313,,,,545,449,994,1,1,2
"",Total,,,,545,449,994,1,1,2,,,
"",36,"Govt. Girls P/S ChakNo. 29/RB",Deirh Chak No.29/RB,202011101,,,,431,272,703,2,1,3
"",,,Deirh Chak No.29/RB,202011102,,,,315,231,546,,,
"",Total,,,,746,503,1249,2,1,3,,,
"",37,"Govt. Boys P/S ChakNo. 31/RB  (Male)",Radyala Chak No.31/RB,202011103,,,,196,0,196,3,0,3
"",,,Radyala Chak No.31/RB,202011106,,,,196,0,196,,,
"",,,Radyala Chak No.31/RB,202011104,,,,482,0,482,,,
"",,,Radyala Chak No.31/RB,202011105,,,,356,0,356,,,
"",,,Radyala Chak No.31/RB,202011107,,,,169,0,169,,,
"",Total,,,,1399,0,1399,3,0,3,,,
"",38,"Govt. Boys P/S ChakNo. 31/RB  (Female)",Radyala Chak No.31/RB,202011103,,,,0,125,125,0,2,2
"",,,Radyala Chak No.31/RB,202011106,,,,0,157,157,,,
"",,,Radyala Chak No.31/RB,202011104,,,,0,312,312,,,
"",,,Radyala Chak No.31/RB,202011105,,,,0,117,117,,,
"",,,Radyala Chak No.31/RB,202011107,,,,0,248,248,,,
"",Total,,,,0,959,959,0,2,2,,,
"",39,"Govt. B/M/S ChakNo.113/RB Badho",Chak No.113/RB Badho mali,202011005,,,,374,279,653,1,1,2
"",,,Chak No.113/RB Badho mali,202011006,,,,177,125,302,,,
"",Total,,,,551,404,955,1,1,2,,,
"",40,"Govt. G/M/S Gill ChakNo.114/RB(Combined)",Gill Chak 114 RB,202010507,,,,342,235,577,1,1,2
"",Total,,,,342,235,577,1,1,2,,,
"",41,"Govt. G/P/S ChakNo.111/RB Mehmandwali (Charvind)",Mehmand wali ChakNo.111,202011001,,,,33,23,56,3,1,4
"",,,Mehmand wali ChakNo.111,202011002,,,,295,251,546,,,
"",,,Mehmand wali ChakNo.111,202011007,,,,282,161,443,,,
"",,,Mehmand wali ChakNo.111,202011008,,,,786,,786,,,
"",Total,,,,1396,435,1831,3,1,4,,,
"",42,"Govt. B/P/S ChuhoorKotli Chak No.117/RB",Chuhoor Kotli Chak No.117/RB,202010501,,,,538,0,538,1,1,2
"",,,Chuhoor Kotli Chak No.117/RB,202010502,,,,0,602,602,,,
"",Total,,,,538,602,1140,1,1,2,,,
"",43,"Govt. B/P/S ChuhoorKotli Chak No.117/RB",Chuhoor Kotli Chak No.117/RB,202010501,,,,0,402,402,1,2,3
"",,,Chuhoor Kotli Chak No.117/RB,202010502,,,,416,340,756,,,
"",Total,,,,416,742,1158,1,2,3,,,
"",44,"Govt.Girls/P/SChuhoor MughalanChak No.117/RB",Chuhoor Mughalan Chak No.117/RB,202010504,,,,380,295,675,2,2,4
"",,,Chuhoor Mughalan Chak No.117/RB,202010503,,,,570,388,958,,,
"",Total,,,,950,683,1633,2,2,4,,,
"",45,"Govt. B/P/S ChakNo.115 RB",Chak No.115 RB Titran Wala,202010505,,,,360,191,551,1,1,2
"",46,"Govt. Boys P/S NandaChak No. 115/RB",Chak No.115 RB Nanda Chak,202010506,,,,747,476,1223,2,1,3
"",Total,,,,747,476,1223,2,1,3,,,
"",47,"Govt. B/M/S Chak No.112 RB Ali Abad(Male)",Chak No112 RB Ali abad,202011003,,,,273,0,273,2,0,2
"",,,Chak No112 RB Ali abad,202011009,,,,268,0,268,,,
"",,,Chak No112 RB Ali abad,202011004,,,,640,0,640,,,
"",Total,,,,1181,0,1181,2,0,2,,,
"",48,"Govt. B/M/S Chak No.112 RB Ali Abad(Female)",Chak No112 RB Ali abad,202011003,,,,0,192,192,0,2,2
"",,,Chak No112 RB Ali abad,202011009,,,,0,180,180,,,
"",,,Chak No112 RB Ali abad,202011004,,,,0,454,454,,,
"",Total,,,,0,826,826,0,2,2,,,
"",49,"Govt.B/H/S MarhBaloachan  (Male)",Marh Baloachan,202010801,,,,530,0,530,3,0,3
"",,,Marh Baloachan,202010802,,,,225,0,225,,,
"",,,Marh Baloachan,202010803,,,,231,0,231,,,
"",,,Marh Baloachan,202010805,,,,385,0,385,,,
"",Total,,,,1371,0,1371,3,0,3,,,
"",50,"Govt.B/H/S MarhBaloachan  (Female)",Marh Baloachan,202010801,,,,0,402,402,0,2,2
"",,,Marh Baloachan,202010802,,,,0,179,179,,,
"",,,Marh Baloachan,202010803,,,,0,180,180,,,
"",,,Marh Baloachan,202010805,,,,0,293,293,,,
"",Total,,,,0,1054,1054,0,2,2,,,
"",51,"Govt. G/H/S MarhBaloachan  (Male)",Marh Baloachan,202010804,,,,426,0,426,3,0,3
"",,,Marh Baloachan,202010810,,,,581,0,581,,,
"",,,Marh Baloachan,202010806,,,,348,0,348,,,
"",Total,,,,1355,0,1355,3,0,3,,,
"",52,"Govt. G/H/S MarhBaloachan  (Female)",Marh Baloachan,202010804,,,,0,473,473,0,2,2
"",,,Marh Baloachan,202010810,,,,0,298,298,,,
"",,,Marh Baloachan,202010806,,,,0,243,243,,,
"",Total,,,,0,1014,1014,0,2,2,,,
"",53,Govt. P/S Sadkana,sadkana,202010807,,,,226,202,428,1,1,2
"",Total,,,,226,202,428,1,1,2,,,
"",54,"Govt. B/P/S Chak No.110 RB  Hameroki",Chak No. 110 RB Habo Ka,202010808,,,,348,259,607,1,1,2
"",,,Chak No. 110 RB Habo Ka,202010809,,,,38,30,68,,,
"",Total,,,,386,289,675,1,1,2,,,
"",55,"Govt.G/P/S RatianChak No. 5/RB  (Male)",Ratian Chak No. 5/RB,202010902,,,,211,0,211,2,0,2
"",,,Ratian Chak No. 5/RB,202010901,,,,497,0,497,,,
"",,,Ratian Arainian Chak No. 5/RB,202010904,,,,361,0,361,,,
"",Total,,,,1069,0,1069,2,0,2,,,
"",56,"Govt.G/P/S RatianChak No. 5/RB(Female)",Ratian Chak No. 5/RB,202010902,,,,0,156,156,0,2,2
Ratian Chak No. 5/RB,202010901,,,,0,376,376,,,,,,
Ratian Arainian Chak No. 5/RB,202010904,,,,0,243,243,,,,,,
"",57,"Govt. G/E/S RatianSikhan Chak No. 5/RB",Ratian Chak No. 5/RB,202010903,,,,325,265,590,2,1,3
"",,,Ratian Chak No. 5/RB,202010907,,,,401,336,737,,,
"",Total,,,,726,601,1327,2,1,3,,,
"",58,"Govt. G/M/S Ganianwala chak No.21/RB",Ganian wala chak No.21/RB,202010905,,,,306,229,535,2,2,4
"",,,Ganian wala chak No.21/RB,202010906,,,,343,198,541,,,
"",,,Ganian wala chak No.21/RB,202010908,,,,214,218,432,,,
"",Total,,,,863,645,1508,2,2,4,,,
"",59,"Govt. B/P/S ChakNo.40/RB (Male)",Hamraj pura chak No.40/RB,202010401,,,,288,0,288,2,0,2
"",,,Hamraj pura chak No.40/RB,202010402,,,,339,0,339,,,
"",,,Hamraj pura chak No.40/RB,202010403,,,,362,0,362,,,
"",,,Hamraj pura chak No.40/RB,202010411,,,,304,0,304,,,
"",Total,,,,1293,0,1293,2,0,2,,,
"",60,"Govt. Girls M/S ChakNo.40/RB HamrajPura (Female)",Hamraj pura chak No.40/RB,202010401,,,,0,207,207,0,2,2
"",,,Hamraj pura chak No.40/RB,202010402,,,,0,286,286,,,
"",,,Hamraj pura chak No.40/RB,202010403,,,,0,241,241,,,
"",,,Hamraj pura chak No.40/RB,202010411,,,,0,257,257,,,
"",Total,,,,0,991,991,0,2,2,,,
"",61,"Govt. Girls M/S ChakNo.40/RB Hamraj",Hamraj pura chak No.40/RB,202010404,,,,267,225,492,2,1,3
"",,,Hamraj pura chak No.40/RB,202010405,,,,536,373,909,,,
"",Total,,,,803,598,1401,2,1,3,,,
"",62,"Govt. B/H/S BaroiaChak No.36/RB (Male)",Broai Chak No.36/RB,202011201,,,,825,0,825,2,0,2
"",,,Broai Chak No.36/RB,202011202,,,,344,0,344,,,
"",Total,,,,1169,0,1169,2,0,2,,,
"",63,"Govt. B/H/S BaroiaChak No.36/RB",Broai Chak No.36/RB,202011201,,,,0,664,664,0,2,2
"",,,Broai Chak No.36/RB,202011202,,,,0,282,282,,,
"",Total,,,,0,946,946,0,2,2,,,
"",64,"Govt. G/H/S BaroiaChak No.36/RB",Broai Chak No.36/RB,202011203,,,,254,190,444,2,2,4
"",,,Broai Chak No.36/RB,202011204,,,,191,134,325,,,
"",,,Broai Chak No.36/RB,202011211,,,,94,74,168,,,
"",,,Broai Chak No.36/RB,202011205,,,,245,150,395,,,
"",,,Broai Chak No.36/RB,202011212,,,,183,136,319,,,
"",Total,,,,967,684,1651,2,2,4,,,
"",65,"Govt.B/P/S ChakNo.28/RB  (Male)",Longowal Chak No.28/RB,202011206,,,,215,0,215,3,0,3
"",,,Longowal Chak No.28/RB,202011207,,,,328,0,328,,,
"",,,Longowal Chak No.28/RB,202011208,,,,226,0,226,,,
"",,,Longowal Chak No.28/RB,202011209,,,,390,0,390,,,
"",,,Longowal Chak No.28/RB,202011210,,,,230,0,230,,,
"",Total,,,,1389,0,1389,3,0,3,,,
"",66,"Govt.B/P/S ChakNo.28/RB  (Female)",Longowal Chak No.28/RB,202011206,,,,0,196,196,0,2,2
Longowal Chak No.28/RB,202011207,,,,0,208,208,,,,,,
Longowal Chak No.28/RB,202011208,,,,0,159,159,,,,,,
Longowal Chak No.28/RB,202011209,,,,0,287,287,,,,,,
Longowal Chak No.28/RB,202011210,,,,0,150,150,,,,,,
"",67,"Basic Health UnitChak No.22/RB KotRehmat Khan","BHU, Chak No.22/RB Kot RehmatKhan",202011301,,,,515,409,924,1,1,2
"",Total,,,,515,409,924,1,1,2,,,
"",68,"Govt. G/P/S DaraShahbaz",Chak No.291 RB,202011302,,,,603,425,1028,1,1,2
"",Total,,,,603,425,1028,1,1,2,,,
"",69,"Govt. G/P/S Chak No.286 Mahaish Shmali(Male)",Chak No. 286/RB,202011303,,,,794,0,794,3,0,3
"",,,Chak No. 286/RB,202011304,,,,398,0,,,,
"",,,Chak No. 286/RB,202011305,,,,379,0,379,,,
"",Total,,,,1571,0,1173,3,0,3,,,
"",70,"Govt. G/P/S Chak No.286 Mahaish Shmali(Female)",Chak No. 286/RB,202011303,,,,0,622,622,0,2,2
"",,,Chak No. 286/RB,202011304,,,,0,228,228,,,
"",,,Chak No. 286/RB,202011305,,,,0,258,258,,,
"",Total,,,,0,1108,1108,0,2,2,,,
"",71,"Govt. G/High/S IslamPura",,,Islam Pura,202020101,,805,610,1415,2,1,3
"",Total,,,,805,610,1415,2,1,3,,,
"",72,"Govt. G/High/S IslamPura  (Male)",,,Islam Pura,202020102,,1382,0,1382,3,0,3
"",Total,,,,1382,0,1382,3,0,3,,,
"",73,"Govt. G/High/S IslamPura (Female)",,,Islam Pura,202020102,,0,1023,1023,0,2,2
"",Total,,,,0,1023,1023,0,2,2,,,
"",74,"Govt. Girls/E/S AhmadAbad     Sangla Hill(Male)",,,"Muhallah Ahmad Abad Nai AbadiAhmad Abad",202020103,,753,0,753,3,0,3
"",,,,,"Muhallah Ahmad Abad Nai AbadiAhmad Abad",202020107,,423,0,423,,,
"",,,,,"Muhallah Ahmad Abad Nai AbadiAhmad Abad",202020104,,360,0,360,,,
"",Total,,,,1536,0,1536,3,0,3,,,
"",75,"Govt. Girls/E/S AhmadPura (Female)",,,"Muhallah Ahmad Abad Nai AbadiAhmad Abad",202020103,,0,586,586,0,2,2
"",,,,,"Muhallah Ahmad Abad Nai AbadiAhmad Abad",202020107,,0,350,350,,,
"",,,,,"Muhallah Ahmad Abad Nai AbadiAhmad Abad",202020104,,0,293,293,,,
"",Total,,,,0,1229,1229,0,2,2,,,
"",76,"Govt. B/P/S Ahmadabad  (Male)",,,Faiz abad Ahmad abad,202020105,,610,0,610,2,0,2
"",,,,,Faiz abad Ahmad abad,202020106,,393,0,393,,,
"",Total,,,,1003,0,1003,2,0,2,,,
"",77,"Govt. B/P/S Ahmadabad  (Female)",,,Faiz abad Ahmad abad,202020105,,0,524,524,0,2,2
"",,Faiz abad Ahmad abad,202020106,,0,272,272,,,,,,
"",78,"Govt. H/S No. 1 BBlock Near HussainTrust Hospital",,,"Galla Mandi Sabzi Mandi RailwayRoad Municipal Committee",202020201,,56,40,96,1,1,2
"",,,,,"Galla Mandi Sabzi Mandi RailwayRoad Municipal Committee",202020202,,157,138,295,,,
"",,,,,"Galla Mandi Sabzi Mandi RailwayRoad Municipal Committee",202020203,,205,173,378,,,
"",,,,,"Galla Mandi Sabzi Mandi RailwayRoad Municipal Committee",202020204,,65,46,111,,,
"",Total,,,,483,397,880,1,1,2,,,
"",79,"Govt. Boys E/SChuhoor Sikhan(Male)",,,Muhallah Sheikhan,202020301,,372,0,372,3,0,3
"",,,,,Muhallah Sheikhan,202020302,,487,0,487,,,
"",,,,,"Muhallah Chuhoor Shikhan GliMPA wali No.3",202020303,,194,0,194,,,
"",,,,,Sangla Hill MC,202020304,,207,0,207,,,
"",,,,,Sangla Hill MC,202020305,,163,0,163,,,
"",Total,,,,1423,0,1423,3,0,3,,,
"",80,"Govt. Boys E/SChuhoor Sikhan(Female)",,,Muhallah Sheikhan,202020301,,0,307,307,0,2,2
"",,,,,Muhallah Sheikhan,202020302,,0,434,434,,,
"",,,,,"Muhallah Chuhoor Shikhan GliMPA wali No.3",202020303,,0,154,154,,,
"",,,,,Sangla Hill MC,202020304,,0,167,167,,,
"",,,,,Sangla Hill MC,202020305,,0,137,137,,,
"",Total,,,,0,1199,1199,0,2,2,,,
"",81,"Civil Hospital SanglaHill (Male)",,,Model town Purana Chuhoor,2  0  2  0  2  0  4  0  1,,175,0,175,2,0,2
"",,,,,Model town Purana Chuhoor,2  0  2  0  2  0  4  0  2,,452,0,452,,,
"",,,,,Model town Purana Chuhoor,2  0  2  0  2  0  4  0  3,,587,0,587,,,
"",Total,,,,1214,0,1214,2,0,2,,,
"",82,"Govt. Vet HospitalSangla Hill (Female)",,,Model town Purana Chuhoor,2  0  2  0  2  0  4  0  1,,0,159,159,0,2,2
"",,,,,Model town Purana Chuhoor,2  0  2  0  2  0  4  0  2,,0,387,387,,,
"",,,,,Model town Purana Chuhoor,2  0  2  0  2  0  4  0  3,,0,532,532,,,
"",Total,,,,0,1078,1078,0,2,2,,,
"",83,"Govt. Vet HospitalSangla Hill",,,Model town Purana Chuhoor,2  0  2  0  2  0  4  0  4,,788,632,1420,2,1,3
"",Total,,,,788,632,1420,2,1,3,,,
"",84,"Dy. D.E.O WomanOffice Model TownSangla Hill (Male)",,,Purana Chuhoor  Model town,2  0  2  0  2  0  4  0  5,,795,0,795,3,0,3
"",,Purana Chuhoor  Model town,2  0  2  0  2  0  5  0  1,,359,0,359,,,,,,
"",,Purana Chuhoor  Model town,2  0  2  0  2  0  5  0  2,,406,0,406,,,,,,
"",85,"Govt. Girls E/S SanglaHill (Female)",,,Purana Chuhoor  Model town,2  0  2  0  2  0  4  0  5,,0,638,638,0,2,2
"",,,,,Purana Chuhoor  Model town,2  0  2  0  2  0  5  0  1,,0,295,295,,,
"",,,,,Purana Chuhoor  Model town,2  0  2  0  2  0  5  0  2,,0,310,310,,,
"",Total,,,,0,1243,1243,0,2,2,,,
"",86,"Govt. P/S PuranaChuhoor",,,Purana Chuhoor,202020503,,503,383,886,2,2,4
"",,,,,Purana Chuhoor,202020504,,479,358,837,,,
"",Total,,,,982,741,1723,2,2,4,,,
"",87,"Basic Health UnitMuhallah Ahmad abad(Male)",,,Mahallah Ahmad abad,202030101,,578,0,578,3,0,3
"",,,,,Mahallah Ahmad abad,202030105,,370,0,370,,,
"",,,,,Mahallah Ahmad abad,202030109,,716,0,716,,,
"",Total,,,,1664,0,1664,3,0,3,,,
"",88,"Basic Health UnitMuhallah Ahmad abad(Female)",,,Mahallah Ahmad abad,202030101,,0,392,392,0,2,2
"",,,,,Mahallah Ahmad abad,202030105,,0,429,429,,,
"",,,,,Mahallah Ahmad abad,202030109,,0,344,344,,,
"",Total,,,,0,1165,1165,0,2,2,,,
"",89,"Basic Health UnitMuhallah Ahmad abad",,,Mahallah Ahmad abad,202030102,,421,327,748,1,1,2
"",,,,,Mahallah Ahmad abad,202030106,,204,163,367,,,
"",Total,,,,625,490,1115,1,1,2,,,
"",90,"Govt. Girls P/S AhmadAbad (Male)",,,Ahmad abad,202030103,,760,0,760,2,0,2
"",,,,,Ahmad abad,202030107,,358,0,358,,,
"",Total,,,,1118,0,1118,2,0,2,,,
"",91,"Office AgricultureSangla Hill (Female)",,,Ahmad abad,202030103,,0,826,826,0,2,2
"",,,,,Ahmad abad,202030107,,0,282,282,,,
"",Total,,,,0,1108,1108,0,2,2,,,
"",92,"Office AgricultureSangla Hill",,,Ahmad abad,202030104,,466,273,739,2,1,3
"",,,,,Ahmad abad,202030108,,469,422,891,,,
"",Total,,,,935,695,1630,2,1,3,,,
"",93,"Govt. Boys HighSchool Sangla Hill(Male)",,,Iqbal Pura,202030201,,388,0,388,3,0,3
"",,,,,Iqbal Pura,202030207,,442,0,442,,,
"",,,,,Iqbal Pura,202030202,,638,0,638,,,
"",Total,,,,1468,0,1468,3,0,3,,,
"",94,"Govt. Boys HighSchool Sangla Hill(Female)",,,Iqbal Pura,202030201,,0,366,366,0,2,2
"",,,,,Iqbal Pura,202030207,,0,294,294,,,
"",,,,,,202030202,,0,504,504,,,
"",Total,,,,0,1164,1164,0,2,2,,,
"",95,"Govt. H/S No1 SanglaHill A Block (Male)",,,Mahlla Iqbal Pura,202030203,,517,0,517,3,0,3
"",,,,,Mahlla Iqbal Pura,202030208,,345,0,345,,,
"",,,,,Mahlla Iqbal Pura,202030204,,630,0,630,,,
"",Total,,,,1492,0,1492,3,0,3,,,
"",96,"Govt. H/S No1 SanglaHill A Block (Female)",,,Mahlla Iqbal Pura,202030203,,0,461,461,0,2,2
"",,Mahlla Iqbal Pura,202030208,,0,249,249,,,,,,
"",,Mahlla Iqbal Pura,202030204,,0,491,491,,,,,,
"",97,"Govt. H/S No1 SanglaHill A Block",,,Ghaos Pura,202030205,,438,326,764,2,1,3
"",,,,,Ghaos Pura,202030206,,310,259,569,,,
"",Total,,,,748,585,1333,2,1,3,,,
"",98,"Govt.Girls High SchoolSangla Hill (Male)",,,Madni Colony Sharif Pura,202030301,,400,0,400,3,0,3
"",,,,,Madni Colony Sharif Pura,202030302,,305,0,305,,,
"",,,,,Madni Colony Sharif Pura,202030303,,310,0,310,,,
"",,,,,Madni Colony Sharif Pura,202030307,,547,0,547,,,
"",Total,,,,1562,0,1562,3,0,3,,,
"",99,"Govt.Girls High SchoolSangla Hill (Female)",,,Madni Colony Sharif Pura,202030301,,0,320,320,0,2,2
"",,,,,Madni Colony Sharif Pura,202030302,,0,244,244,,,
"",,,,,Madni Colony Sharif Pura,202030303,,0,234,234,,,
"",,,,,Madni Colony Sharif Pura,202030307,,0,450,450,,,
"",Total,,,,0,1248,1248,0,2,2,,,
"",100,"Govt. Islamia CollegeSangla Hill (Male)",,,Shah Kot Road,202030304,,38,0,38,3,0,3
"",,,,,Shah Kot Road,202030305,,370,0,370,,,
"",,,,,Shah Kot Road,202030309,,148,0,148,,,
"",,,,,Shah Kot Road,202030306,,408,0,408,,,
"",,,,,Shah Kot Road,202030308,,371,0,371,,,
"",Total,,,,1335,0,1335,3,0,3,,,
"",101,"Govt. Islamia CollegeSangla Hill (Female)",,,Shah Kot Road,202030304,,0,35,35,0,2,2
"",,,,,Shah Kot Road,202030305,,0,246,246,,,
"",,,,,Shah Kot Road,202030309,,0,148,148,,,
"",,,,,Shah Kot Road,202030306,,0,182,182,,,
"",,,,,Shah Kot Road,202030308,,0,401,401,,,
"",Total,,,,0,1012,1012,0,2,2,,,
"",102,"Govt.G/M/S MararChak NO.41 RB",Marar Chak No.41  RB,202011401,,,,427,281,708,1,1,2
"",,,,202011402,,,,204,143,347,,,
"",Total,,,,631,424,1055,1,1,2,,,
"",103,"Govt.G/M/S MararChak NO.41 RB",Marar Chak No.41  RB,202011403,,,,440,307,747,2,1,3
"",,,,202011405,,,,446,287,733,,,
"",Total,,,,886,594,1480,2,1,3,,,
"",104,"BHU Marar ChakNo.41 RB",Marar Chak No.41  RB,202011404,,,,769,542,1311,2,1,3
"",Total,,,,769,542,1311,2,1,3,,,
"",105,"Govt. P.S ChakNo.292 RB Jhugian",Chak No.292 RB Jhugian,202011408,,,,350,263,613,1,1,2
"",Total,,,,350,263,613,1,1,2,,,
"",106,"Govt. G/E/S PundatWala Chak No.37 RB",Pundat Wala Chak No.37 RB,202011406,,,,586,440,1026,2,1,3
"",,,Pundat Wala Chak No.37 RB,202011407,,,,443,280,723,,,
"",Total,,,,1029,720,1749,2,1,3,,,
"",107,"Govt. G/P/S ChakNo.32 RB Pakhri Wala",Chak No. 32 Pakhre Wala,202011501,,,,478,337,815,2,1,3
Chak No. 32 Pakhre Wala,202011502,,,,468,344,812,,,,,,
"",108,"Govt. B/H/S ChakNo.18 Bhahoro",Chak No.18 Bhahoro,202011601,,,,591,351,942,2,1,3
"",,,Chak No.18 Bhahoro,202011602,,,,208,129,337,,,
"",Total,,,,799,480,1279,2,1,3,,,
"",109,"Govt. B/M/S Bhahoro(Male)",Chak No.18 Bhahoro,202011603,,,,434,0,434,2,0,2
"",,,Chak No.18 Bhahoro,202011608,,,,281,0,281,,,
"",,,Chak No.18 Bhahoro,202011604,,,,491,0,491,,,
"",Total,,,,1206,0,1206,2,0,2,,,
"",110,"Govt. B/M/S Bhahoro(Female)",Chak No.18 Bhahoro,202011603,,,,0,368,368,0,2,2
"",,,Chak No.18 Bhahoro,202011608,,,,0,152,152,,,
"",,,Chak No.18 Bhahoro,202011604,,,,0,375,375,,,
"",Total,,,,0,895,895,0,2,2,,,
"",111,"Govt.B/H/S SithialiKalan",Chak No.25 Sithiali Kalan,202011605,,,,428,328,756,2,1,3
"",,,Chak No.25 Sithiali Kalan,202011607,,,,394,291,685,,,
"",Total,,,,822,619,1441,2,1,3,,,
"",112,"Govt. B/M/S SithialiKalan",Chak No.25 Sithiali Kalan,202011606,,,,457,367,824,1,1,2
"",Total,,,,457,367,824,1,1,2,,,
"",113,"Govt. B/E/S Mali Burgi(Male)",Chak No.17 Mali Burgi,202011701,,,,377,0,377,2,0,2
"",,,Chak No.17 Mali Burgi,202011702,,,,527,0,527,,,
"",,,Chak No.17 Mali Burgi,202011703,,,,287,0,287,,,
"",Total,,,,1191,0,1191,2,0,2,,,
"",114,"Govt. B/E/S Mali Burgi(Female)",Chak No.17 Mali Burgi,202011701,,,,0,263,263,0,2,2
"",,,Chak No.17 Mali Burgi,202011702,,,,0,320,320,,,
"",,,Chak No.17 Mali Burgi,202011703,,,,0,240,240,,,
"",Total,,,,0,823,823,0,2,2,,,
"",115,"Govt. G/E/S ThothianKalan",Chak No. 10 RB Thotian Kalan,202011704,,,,639,401,1040,2,1,3
"",,,Chak No. 10 RB Thotian Kalan,202011705,,,,463,290,753,,,
"",Total,,,,1102,691,1793,2,1,3,,,
"",116,Govt. B/M/S Thothian Khurd,Chak No. 10 RB Thotian Khurd,202011706,,,,726,482,1208,2,1,3
"",Total,,,,726,482,1208,2,1,3,,,
"",117,"Govt. G.E.S ChakNo.49RB Karian wala",Chak No. 49RB Karian wala,203010201,,,,471,429,900,2,2,4
"",,,Chak No. 49RB Karian wala,203010202,,,,319,272,591,,,
"",Total,,,,790,701,1491,2,2,4,,,
"",118,"Govt. Boys M/S ChakNo.50 RB Umar Pura(Male)",Chak No.50 RB Umar Pura Tawona,203010203,,,,130,0,130,2,0,2
"",,,Chak No.50 RB Umar Pura Tawona,203010215,,,,131,0,131,,,
"",,,Chak No.50 RB Umar Pura Tawona,203010204,,,,264,0,264,,,
"",,,Chak No.50 RB Umar Pura Tawona,203010205,,,,368,0,368,,,
"",,,Chak No.50 RB Umar Pura Tawona,203010216,,,,216,0,216,,,
"",Total,,,,1109,0,1109,2,0,2,,,
"",119,"Govt. Boys M/S ChakNo.50 RB Umar Pura(Female)",Chak No.50 RB Umar Pura Tawona,203010203,,,,0,96,96,0,2,2
Chak No.50 RB Umar Pura Tawona,203010215,,,,0,91,91,,,,,,
Chak No.50 RB Umar Pura Tawona,203010204,,,,0,218,218,,,,,,
Chak No.50 RB Umar Pura Tawona,203010205,,,,0,327,327,,,,,,
Chak No.50 RB Umar Pura Tawona,203010216,,,,0,145,145,,,,,,
"",120,"Govt. G/H/S ChakNo.50 RB Umar Pura",Chak No.50 RB Umar Pura Tawona,203010206,,,,421,373,794,2,1,3
"",,,Chak No.50 RB Umar Pura Tawona,203010207,,,,315,224,539,,,
"",Total,,,,736,597,1333,2,1,3,,,
"",121,"Govt. G/P/S ChakNo.50 RB Umar Pura",Chak No.50 RB Gulistan Colony,203010208,,,,219,172,391,2,2,4
"",,,Chak No.50 RB Gulistan Colony,203010209,,,,205,201,406,,,
"",,,Chak No.50 RB Gulistan Colony,203010217,,,,400,307,707,,,
"",,,Chak No.50 RB Gulistan Colony,203010218,,,,194,126,320,,,
"",Total,,,,1018,806,1824,2,2,4,,,
"",122,"Govt. G/H/S KartarPura Chak No.51  RB(Male)",Chukery Chak No.51,203010210,,,,161,0,161,2,0,2
"",,,Chukery Chak No.51,203010219,,,,94,0,94,,,
"",,,Chukery Chak No.51,203010220,,,,43,0,43,,,
"",,,Seri Ram Singh,203010211,,,,367,0,367,,,
"",,,Seri Ram Singh,203010221,,,,15,0,15,,,
"",,,Anud Pura,203010212,,,,433,0,433,,,
"",Total,,,,1113,0,1113,2,0,2,,,
"",123,"Govt. G/H/S KartarPura Chak No.51  RB(Female)",Chukery Chak No.51,203010210,,,,0,101,101,0,2,2
"",,,Chukery Chak No.51,203010219,,,,0,99,99,,,
"",,,Chukery Chak No.51,203010220,,,,0,29,29,,,
"",,,Seri Ram Singh,203010211,,,,0,288,288,,,
"",,,Seri Ram Singh,203010221,,,,0,25,25,,,
"",,,Anud Pura,203010212,,,,0,361,361,,,
"",Total,,,,0,903,903,0,2,2,,,
"",124,"Govt. Girls P/S ChakNo.51RB Pathan Wala",Chak No.51RB Pattan Wala,203010213,,,,332,238,570,2,1,3
"",,,Chak No.51RB Pursaram,203010214,,,,368,252,620,,,
"",Total,,,,700,490,1190,2,1,3,,,
"",125,"Govt. G/M/S KotlaKalwan",Kotla Kalan Chak No.44,203010501,,,,470,351,821,2,1,3
"",,,Kotla Kalan Chak No.44,203010502,,,,195,137,332,,,
"",,,Kotla Kalan Chak No.44,203010503,,,,70,45,115,,,
"",,,Kotla Kalan Chak No.44,203010504,,,,149,96,245,,,
"",Total,,,,884,629,1513,2,1,3,,,
"",126,"Govt. G/P/S KotlaKalwan",Kotla Kalan Chak No.44,203010505,,,,491,406,897,2,2,4
"",,,Kotla Kalan Chak No.44,203010507,,,,445,316,761,,,
"",Total,,,,936,722,1658,2,2,4,,,
"",127,"Govt. G/P/S NewBuilding",Kotla Kalan Chak No.44,203010506,,,,694,533,1227,2,1,3
"",Total,,,,694,533,1227,2,1,3,,,
"",128,"Govt. Boys/E/SWanotian wal ChakNo. 39",Wanotian wali Chak No.39,203010508,,,,293,212,505,2,2,4
Wanotian wali Chak No.39,203010511,,,,118,98,216,,,,,,
Wanotian wali Chak No.39,203010510,,,,357,261,618,,,,,,
Wanotian wali Chak No.39,203010514,,,,170,124,294,,,,,,
"",129,"Govt. G/M/S Wanotianwali Chak No.39",Wanotian wali Chak No.39,203010509,,,,188,123,311,1,1,2
"",,,Wanotian wali Chak No.39,203010512,,,,309,205,514,,,
"",,,Wanotian wali Chak No.39,203010513,,,,155,139,294,,,
"",Total,,,,652,467,1119,1,1,2,,,
"",130,"Govt. B/H/S Wali PurBoora  (Male)",Chak No.175 RB Wali Pur Boora,203010801,,,,731,0,731,2,0,2
"",,,Chak No.175 RB Wali Pur Boora,203010802,,,,468,0,468,,,
"",Total,,,,1199,0,1199,2,0,2,,,
"",131,"Govt. B/H/S Wali PurBoora  (Female)",Chak No.175 RB Wali Pur Boora,203010801,,,,0,583,583,0,2,2
"",,,Chak No.175 RB Wali Pur Boora,203010802,,,,0,406,406,,,
"",Total,,,,0,989,989,0,2,2,,,
"",132,"Govt. Girls H/S WaliPur Boora (Male)",Chak No.175 RB Wali Pur Boota,203010803,,,,276,0,276,3,0,3
"",,,Chak No.175 RB Wali Pur Boota,203010804,,,,762,0,762,,,
"",,,Chak No.175 RB Wali Pur Boota,203010805,,,,450,0,450,,,
"",Total,,,,1488,0,1488,3,0,3,,,
"",133,"Govt. Girls H/S WaliPur Boora  (Female)",Chak No.175 RB Wali Pur Boota,203010803,,,,0,322,322,0,2,2
"",,,Chak No.175 RB Wali Pur Boota,203010804,,,,0,543,543,,,
"",,,Chak No.175 RB Wali Pur Boota,203010805,,,,0,265,265,,,
"",Total,,,,0,1130,1130,0,2,2,,,
"",134,"Govt.Boys P/S NewMadha Chak No.175/RB   (Male)","Matvala Chak No. 175 RB Wali PurBoora",203010806,,,,593,0,593,3,0,3
"",,,"Matvala Chak No. 175 RB Wali PurBoora",203010807,,,,470,0,470,,,
"",,,"Matvala Chak No. 175 RB Wali PurBoora",203010808,,,,421,0,421,,,
"",Total,,,,1484,0,1484,3,0,3,,,
"",135,"Govt.Boys P/S NewMadha Chak No.175/RB   (Female)","Matvala Chak No. 175 RB Wali PurBoora",203010806,,,,0,503,503,0,2,2
"",,,"Matvala Chak No. 175 RB Wali PurBoora",203010807,,,,0,358,358,,,
"",,,"Matvala Chak No. 175 RB Wali PurBoora",203010808,,,,0,292,292,,,
"",Total,,,,0,1153,1153,0,2,2,,,
"",136,"Govt. B/H/S Chak No.167/RB Pattar wali(Male)",Chak No.167 Pattar wali,203010809,,,,406,0,406,2,0,2
"",,,Chak No.167 Pattar wali,203010810,,,,323,0,323,,,
"",,,Chak No.167 Pattar wali,203010811,,,,300,0,300,,,
"",Total,,,,1029,0,1029,2,0,2,,,
"",137,"Govt. B/H/S Chak No.167/RB Pattar wali(Female)",Chak No.167 Pattar wali,203010809,,,,0,317,317,0,2,2
"",,,Chak No.167 Pattar wali,203010810,,,,0,239,239,,,
"",,,Chak No.167 Pattar wali,203010811,,,,0,239,239,,,
"",Total,,,,0,795,795,0,2,2,,,
"",138,"Govt. G/P/S Katainwala Chak No.167 RB(Male)",Chak No.167 Katain wala,203010812,,,,545,0,545,3,0,3
Chak No.167 Katain wala,203010813,,,,366,0,366,,,,,,
Chak No.167 Katain wala,203010814,,,,317,0,317,,,,,,
Chak No.167 Katain wala,203010815,,,,220,0,220,,,,,,
"",139,"Govt. G/P/S Katainwala Chak No.167 RB(Female)",Chak No.167 Katain wala,203010812,,,,0,512,512,0,2,2
"",,,Chak No.167 Katain wala,203010813,,,,0,273,273,,,
"",,,Chak No.167 Katain wala,203010814,,,,0,226,226,,,
"",,,Chak No.167 Katain wala,203010815,,,,0,148,148,,,
"",Total,,,,0,1159,1159,0,2,2,,,
"",140,"Govt.Girls M/SPanwan Chak No. 176",Punva Chak No.176 RB,203010816,,,,486,0,486,2,0,2
"",,,Punva Chak No.176 RB,203010817,,,,636,0,636,,,
"",Total,,,,1122,0,1122,2,0,2,,,
"",141,"Govt.Girls M/SPanwan Chak No. 176",Punva Chak No.176 RB,203010816,,,,0,387,387,0,2,2
"",,,Punva Chak No.176 RB,203010817,,,,0,508,508,,,
"",Total,,,,0,895,895,0,2,2,,,
"",142,"B.H.U Panwan ChakNo. 176 RB   (Male)",Punva Chak No.176 RB,203010818,,,,378,0,378,2,0,2
"",,,Punva Chak No.176 RB,203010819,,,,423,0,423,,,
"",,,Punva Chak No.176 RB,203010820,,,,312,0,312,,,
"",Total,,,,1113,0,1113,2,0,2,,,
"",143,"B.H.U Panwan ChakNo. 176 RB   (Female)",Punva Chak No.176 RB,203010818,,,,0,310,310,0,2,2
"",,,Punva Chak No.176 RB,203010819,,,,0,363,363,,,
"",,,Punva Chak No.176 RB,203010820,,,,0,247,247,,,
"",Total,,,,0,920,920,0,2,2,,,
"",144,"Govt. Girls H/S ChakNo. 174/RB",CHAK NO 174/R B,203010901,,,,406,323,729,2,2,4
"",,,CHAK NO 174/R B,203010902,,,,432,382,814,,,
"",Total,,,,838,705,1543,2,2,4,,,
"",145,"Govt. Boys H/S ChakNo. 174/RB",CHAK NO 174/R B,203010903,,,,488,418,906,1,1,2
"",,,CHAK NO 174/R B,203010904,,,,183,150,333,,,
"",Total,,,,671,568,1239,1,1,2,,,
"",146,"Govt. Boys H/S ChakNo. 168/RB Karkan(Male)",CHAK NO 168/R B,203010905,,,,578,0,578,2,0,2
"",,,CHAK NO 168/R B,203010914,,,,261,0,261,,,
"",,,CHAK NO 168/R B,203010906,,,,282,0,282,,,
"",Total,,,,1121,0,1121,2,0,2,,,
"",147,"Govt. Boys H/S ChakNo. 168/RB Karkan(Female)",CHAK NO 168/R B,203010905,,,,0,450,450,0,2,2
"",,,CHAK NO 168/R B,203010914,,,,0,155,155,,,
"",,,CHAK NO 168/R B,203010906,,,,0,199,199,,,
"",Total,,,,0,804,804,0,2,2,,,
"",148,"Govt. Boys P/S ChakNo. 168/RB MacharWala",CHAK NO 168/R B,203010907,,,,395,294,689,2,2,4
"",,,CHAK NO 168/R B,203010908,,,,249,177,426,,,
"",,,CHAK NO 168/R B,203010909,,,,292,219,511,,,
"",Total,,,,936,690,1626,2,2,4,,,
"",149,"Govt. Girls P/S ChakNo. 35/RB JawalaSinghwala  (Male)",CHAK NO.035/R.B,203010910,,,,391,0,391,2,0,2
CHAK NO.035/R.B,203010911,,,,249,0,249,,,,,,
CHAK NO.035/R.B,203010912,,,,399,0,399,,,,,,
CHAK NO.035/R.B,203010913,,,,169,0,169,,,,,,
"",150,"Govt. Girls P/S ChakNo. 35/RB JawalaSinghwala  (Female)",CHAK NO.035/R.B,203010910,,,,0,291,291,0,2,2
"",,,CHAK NO.035/R.B,203010911,,,,0,166,166,,,
"",,,CHAK NO.035/R.B,203010912,,,,0,323,323,,,
"",,,CHAK NO.035/R.B,203010913,,,,0,97,97,,,
"",Total,,,,0,877,877,0,2,2,,,
"",151,"Govt. Girls P/S ChakNo. 26/RB Paca Dalla",CHAK NO 026/R B,203011001,,,,590,0,590,2,0,2
"",,,CHAK NO 026/R B,203011002,,,,495,0,495,,,
"",Total,,,,1085,0,1085,2,0,2,,,
"",152,"Govt. Girls P/S ChakNo. 26/RB Paca Dalla",CHAK NO 026/R B,203011001,,,,0,478,478,0,2,2
"",,,CHAK NO 026/R B,203011002,,,,0,364,364,,,
"",Total,,,,0,842,842,0,2,2,,,
"",153,"Govt. Boys P/S ChakNo. 34/RB Bair wala(Male)",CHAK NO 034/R B,203011003,,,,518,0,518,3,0,3
"",,,CHAK NO 034/R B,203011004,,,,383,0,383,,,
"",,,CHAK NO 034/R B,203011005,,,,507,0,507,,,
"",Total,,,,1408,0,1408,3,0,3,,,
"",154,"Govt. Boys P/S ChakNo. 34/RB Bair wala(Female)",CHAK NO 034/R B,203011003,,,,0,340,340,0,2,2
"",,,CHAK NO 034/R B,203011004,,,,0,273,273,,,
"",,,CHAK NO 034/R B,203011005,,,,0,385,385,,,
"",Total,,,,0,998,998,0,2,2,,,
"",155,"Govt. Boys M/S ChakNo. 48/RB Moor",CHAK NO 048/R B,203011101,,,,480,362,842,2,1,3
"",,,CHAK NO 048/R B,203011102,,,,232,171,403,,,
"",Total,,,,712,533,1245,2,1,3,,,
"",156,"Govt. B/H/S ChakNo.33RB Daro wali(Male)",Chak No.33RB Daro wali,203011103,,,,487,0,487,3,0,3
"",,,Chak No.33RB Daro wali,203011104,,,,406,0,406,,,
"",,,Chak No.33RB Daro wali,203011105,,,,436,0,436,,,
"",,,Chak No.33RB Daro wali,203011106,,,,183,0,183,,,
"",Total,,,,1512,0,1512,3,0,3,,,
"",157,"Govt. B/H/S ChakNo.33RB Daro wali(Female)",Chak No.33RB Daro wali,203011103,,,,0,311,311,0,2,2
"",,,Chak No.33RB Daro wali,203011104,,,,0,289,289,,,
"",,,Chak No.33RB Daro wali,203011105,,,,0,322,322,,,
"",,,Chak No.33RB Daro wali,203011106,,,,0,96,96,,,
"",Total,,,,0,1018,1018,0,2,2,,,
"",158,"Govt. G/M/S ChakNo.82/RB",Rasool Pur Arainian,203011201,,,,461,321,782,2,2,4
"",,,Rasool Pur Arainian,203011202,,,,485,422,907,,,
"",Total,,,,946,743,1689,2,2,4,,,
"",159,"Govt. B/P/S ChakNo.82/RB",Rasool Pur Arainian,203011203,,,,449,404,853,1,1,2
"",,,Rasool Pur Arainian,203011204,,,,96,76,172,,,
"",Total,,,,545,480,1025,1,1,2,,,
"",160,"Govt. B/H/S/P ChakNo.38","Chak No.38 Nazam Pura Chaliyawala",203011205,,,,485,400,885,1,1,2
"",161,"Govt.G/P/S ChakNo.38","Chak No.38 Nazam Pura Chaliyawala",203011206,,,,541,455,996,2,1,3
"",,,"Chak No.38 Nazam Pura Chaliyawala",203011207,,,,355,238,593,,,
"",Total,,,,896,693,1589,2,1,3,,,
"",162,"Govt. G/E/S ChakNo.38 Dewa singhNizam Pura","Chak No.38 Dewa singh NazamPura",203011208,,,,314,236,550,2,1,3
"",,,"Chak No.38 Dewa singh NazamPura",203011209,,,,439,350,789,,,
"",Total,,,,753,586,1339,2,1,3,,,
"",163,"Govt. B/P/S chakNo.38 Dewa singhNizam Pura","Chak No.38 Dewa singh NazamPura",203011210,,,,317,248,565,2,1,3
"",,,"Chak No.38 Dewa singh NazamPura",203011211,,,,457,274,731,,,
"",Total,,,,774,522,1296,2,1,3,,,
"",164,"Govt. G/H/S chakNo.80 Nazam pura",Nazam pura Mola Singh,203011212,,,,700,495,1195,2,1,3
"",,,Nazam pura Mola Singh,203011213,,,,273,175,448,,,
"",Total,,,,973,670,1643,2,1,3,,,
"",165,"Govt. G/P/S chakNo.80 Nazam puraMola Singh",Nazam pura Mola Singh,203011214,,,,309,211,520,2,2,4
"",,,Nazam pura Mola Singh,203011215,,,,386,276,662,,,
"",,,Nazam pura Mola Singh,203011216,,,,295,234,529,,,
"",Total,,,,990,721,1711,2,2,4,,,
"",166,"Govt. B/P/S Chak No.81",Islam Nagar Chak No.81,203011217,,,,549,410,959,2,1,3
"",,,Islam Nagar Chak No.81,203011219,,,,368,249,617,,,
"",Total,,,,917,659,1576,2,1,3,,,
"",167,"Govt. BHU IslamNagar",Islam Nagar Chak No.81,203011218,,,,700,502,1202,2,2,4
"",Islam Nagar Chak No.81,203011220,,,,105,58,163,,,,,
"",Islam Nagar Chak No.81,203011221,,,,115,64,179,,,,,
"",Total,,,,920,624,1544,2,2,4,,,
