1,"GPS, Logai (Combined)(T)**",Ajmir,9010101,,,131,97,228,2,1,3
"",,,9010102,,,448,393,841,,,
"",,,9010103,,,140,136,276,,,
2,"GMS, Ajmir (Combined)(T)**",Ajmir,9010104,,,395,316,711,1,1,2
"",,,9010105,,,241,190,431,,,
3,"GPS Kuz Ganshal(Combined) (T)**",Ganshal,9010106,,,145,119,264,1,1,2
"",,,9010109,,,488,391,879,,,
"",,,9010110,,,139,124,263,,,
4,"GPS, Bela Kuz Ganshal(Combined) (T)**",Ganshal,9010107,,,360,224,584,1,1,2
"",,,9010108,,,285,224,509,,,
5,"GMS Bar Ganshal(combined) (T)**",Ganshal,9010111,,,287,233,520,1,1,2
"",,,9010112,,,468,376,844,,,
6,"GPS Gardoon No. 1(combined) (T)**",Ganshal,9010113,,,365,286,651,1,1,2
7,"GHSS, Olandar (Combined)(T)**",Bilkanai,9010201,,,1134,871,2005,2,1,3
9010202,,,320,0,320,,,,,,
"",,,9010203,,,1082,0,1082,,,
"",,,9010204,,,743,0,743,,,
9,"GGPS, Bilkanai (Female)(T)**",Bilkanai,9010202,,,0,219,219,0,2,2
"",,,9010203,,,0,764,764,,,
"",,,9010204,,,0,537,537,,,
10,"GPS Smastay (Combined)(T)**","DehraiLarai",9010205,,,399,301,700,1,1,2
11,"GPS, Dehrai Bilkanai(Combined) (T)**","DehraiLarai",9010206,,,536,432,968,1,1,2
12,"GPS, Charai Larai(Combined) (T)**","DehraiLarai",9010207,,,627,402,1029,1,1,2
13,"GMS, Larai (Combined)(T)**","DehraiLarai",9010208,,,805,571,1376,2,1,3
"",,,9010209,,,397,261,658,,,
14,"GPS No. 2 Kekor (Combined) (T)**",Damorai,9010301,,,433,313,746,2,1,3
"",,,9010302,,,587,427,1014,,,
15,"GPS, Faiz Dara (Combined)(T)**",Damorai,9010303,,,764,581,1345,1,1,2
16,"GPS Soor Banr Damorai(Combined) (T)",Damorai,9010304,,,493,389,882,1,1,2
17,"GHS, Damorai (Male) (T)**",Damorai,9010305,,,760,0,760,4,0,4
"",,,9010306,,,794,0,794,,,
"",,,9010307,,,470,0,470,,,
18,"GPS, Damorai (Female)(T)**",Damorai,9010305,,,0,554,554,0,3,3
"",,,9010306,,,0,634,634,,,
"",,,9010307,,,0,363,363,,,
19,"GPS, Karshat (Combined)(T)**",Karshat,9010308,,,1105,859,1964,2,1,3
20,"GGPS, Tanshat (Combined)(T)**",Karshat,9010309,,,991,728,1719,2,1,3
21,GMS Bar Kana (Male) (T)**,Bar Kana,9010401,,,389,0,389,3,0,3
9010402,,,616,0,616,,,,,,
9010403,,,253,0,253,,,,,,
9010404,,,516,0,516,,,,,,
22,"GPS, Bar Kana (Female)(T)**",Bar Kana,9010401,,,0,273,273,0,2,2
"",,,9010402,,,0,458,458,,,
"",,,9010403,,,0,180,180,,,
"",,,9010404,,,0,379,379,,,
23,"GPS,Kandaw Kana(Combined) (T)**",Bar Kana,9010405,,,414,288,702,2,1,3
"",,,9010406,,,726,574,1300,,,
24,"GPS,Quanj Naway KalayShah Pur (Male) (T)**",Shah Pur,9010407,,,461,0,461,3,0,3
"",,,9010412,,,815,0,815,,,
"",,,9010413,,,383,0,383,,,
25,"GGPS, Naway Kalay(Female) (T)**",Shah Pur,9010407,,,0,317,317,0,2,2
"",,,9010412,,,0,639,639,,,
"",,,9010413,,,0,283,283,,,
26,"GPS Bar Hal (Combined)(T)**",Shah Pur,9010408,,,700,502,1202,1,1,2
27,"GHS, Shapur (Male) (P)*",Shah Pur,9010409,,,513,0,513,3,0,3
"",,,9010410,,,1276,0,1276,,,
28,"GHSS, Shapur (Male) (P)*",Shah Pur,9010411,,,789,0,789,2,0,2
29,"GGPS, Shapur (Female)(P)*",Shah Pur,9010409,,,0,386,386,0,3,3
"",,,9010410,,,0,991,991,,,
"",,,9010411,,,0,606,606,,,
30,"GMS, Chichlo (Combined)(T)**",Donai,9010501,,,362,306,668,2,1,3
"",,,9010502,,,554,416,970,,,
31,"GPS, Ambela (Combined)(T)**",Donai,9010503,,,453,437,890,1,1,2
"",,,9010512,187,185,372,,,,,
32,"GPS, Donai (Combined)(T)**",Donai,9010504,,,956,700,1656,2,1,3
"",,,9010513,,,324,345,669,,,
33,"GMS, Sangrai (Combined)(T)**",Sangrai,9010505,,,338,305,643,2,1,3
"",,,9010506,,,524,400,924,,,
34,"GMS, Shatoot (Combined)(T)**",Sangrai,9010507,,,479,387,866,2,1,3
9010508,,,521,411,932,,,,,,
9010509,,,742,0,742,,,,,,
9010510,,,280,0,280,,,,,,
"",,,9010511,,,379,0,379,,,
36,"GGPS, Ranyal (Female)(T)**",Ranyal,9010509,,,0,489,489,0,2,2
"",,,9010510,,,0,230,230,,,
"",,,9010511,,,0,269,269,,,
37,"GGPS, Kuz Kana(Combined) (T)**",Kuz Kana,9010601,,,332,265,597,2,1,3
"",,,9010602,,,369,322,691,,,
"",,,9010603,,,318,213,531,,,
38,"GPS, Burshat (Combined)(T)**",Kuz Kana,9010604,,,829,695,1524,2,2,4
"",,,9010605,,,358,310,668,,,
39,"GHS, Kuz Kana (Combined)(T)**",Kuz Kana,9010607,,,661,531,1192,2,1,3
"",,,9010608,,,228,183,411,,,
40,"GPS Amlook Chelai(Combined) (T)**",Kuz Kana,9010606,,,383,316,699,1,1,2
"",,,9010609,,,174,156,330,,,
41,"GPS, Serai (Combined)(T)**",Serai Kana,9010611,,,427,337,764,2,1,3
"",,,9010612,,,273,210,483,,,
42,"PTCL Exchange, Seria Kana",Seria Kana,9010610,,,493,401,894,2,1,3
43,"GPS, Petaw Dehrai(Combined) (T)**",Pitaw,9010701,,,538,488,1026,2,1,3
"",,,9010702,,,462,416,878,,,
44,"GPS Muslimabad KuzBanjar (Combined) (T)**",Pitaw,9010704,,,314,257,571,1,1,2
45,"GPS Banjar Sir, NaeemShah Koorona",Pitaw,9010703,,,447,410,857,2,1,3
"",,,9010705,,,351,297,648,,,
46,"GPS, Bar Kass Pagorai(Combined) (T)**",Pagorai,9010706,,,359,268,627,2,1,3
"",,,9010707,,,423,343,766,,,
47,"GHS, Pagorai (Combined)(T)**",Pagorai,9010709,,,237,182,419,2,2,4
"",,,9010710,,,387,369,756,,,
48,"GPS, Kass Pagorai",Pagorai,9010708,,,648,514,1162,1,1,2
49,"GPS, Pir Abad (Combined)(T)**",Pir Abad,9010711,,,814,644,1458,2,1,3
"",,,9010715,,,261,219,480,,,
50,"GMS, Mian Kalay (PirAbad) (Combined) (T)**",Pir Abad,9010712,,,413,334,747,2,1,3
9010713,,,610,517,1127,,,,,,
51,"GPS, Shalmano(Combined) (T)**",Pir Abad,9010714,,,803,610,1413,2,1,3
52,"GMS, Chakat (Combined)(T)**",Banr,9010801,,,207,170,377,1,1,2
"",,,9010802,,,408,348,756,,,
"",,,9010804,,,114,123,237,,,
53,"GMS, Banr (Combined)(T)**",Banr,9010803,,,265,240,505,2,1,3
"",,,9010805,,,187,135,322,,,
"",,,9010806,,,232,180,412,,,
"",,,9010807,,,203,168,371,,,
54,"GPS, Dehrai (Combined)(T)**",Dehrai,9010808,,,613,513,1126,1,1,2
55,"GHS, Dehrai (Combined)(T)**",Dehrai,9010811,,,408,347,755,2,1,3
"",,,9010812,,,447,415,862,,,
56,"GPS, Kaho (Combined)(T)**",Dehrai,9010809,,,258,224,482,2,1,3
"",,,9010810,,,606,460,1066,,,
57,"GPS, Zara (Combined) (T)**",Zara,9010902,,,270,195,465,2,1,3
"",,,9010903,,,392,330,722,,,
"",,,9010904,,,257,190,447,,,
58,"GPS, Dolo (Combined)(T)**",Zara,9010901,,,365,312,677,2,1,3
"",,,9010905,,,604,483,1087,,,
59,"GPS, Matta Awan(Combined) (T)**","DawlatKaley",9010906,,,590,486,1076,1,1,2
"",,,9010907,,,120,99,219,,,
60,"GMS, Daulat Kalay (Male)(T)**","DawlatKaley",9010908,,,384,0,384,1,0,1
9010909,,,226,0,226,,,,,,
9010910,,,133,0,133,,,,,,
9010911,,,141,0,141,,,,,,
9010912,,,180,0,180,,,,,,
9010913,,,304,0,304,,,,,,
9010908,,,0,300,300,,,,,,
9010909,,,0,176,176,,,,,,
9010910,,,0,111,111,,,,,,
9010911,,,0,118,118,,,,,,
9010912,,,0,153,153,,,,,,
"",,,9010913,,,0,254,254,,,
62,"GPS, Wahab Khel P.S No.1(Male) (T)**","WahabKhelKotkey",9011005,,,515,0,515,2,,
"",,,9011011,,,32,0,32,,,
"",,,9011001,,,316,0,316,,,
"",,,9011002,,,610,0,610,,,
63,"GPS, Wahab Khel P.S No.2(Male) (T)**","WahabKhelKotkey",9011003,,,591,0,591,2,0,2
"",,,9011010,,,514,565,1079,,,
"",,,9011004,,,610,0,610,,,
64,"GGPS, Wahab Khel(Female) (T)**","WahabKhelKotkey",9011005,,,0,332,332,0,3,3
"",,,9011011,,,0,21,21,,,
"",,,9011001,,,0,258,258,,,
"",,,9011002,,,0,358,358,,,
"",,,9011003,,,0,717,717,,,
"",,,9011004,,,0,496,496,,,
65,"GPS, Dara Manaf Khel(Combined) (T)**",Gandaw,9011006,,,717,592,1309,1,1,2
66,"GMS Gandaw (Combined)(T)**",Gandaw,9011007,,,632,529,1161,2,1,3
"",,,9011008,,,376,302,678,,,
67,"GPS, Gandaw  (Combined)(T)**",Gandaw,9011009,,,699,583,1282,1,1,2
68,"GHS No.2, Alpurai (Male)(P)*",Alpurai,9011401,,,581,0,581,2,0,2
"",,,9011402,,,458,0,458,,,
69,"GGPS, Alpurai  (Female)(T)**",Alpurai,9011401,,,0,466,466,0,2,2
"",,,9011402,,,0,357,357,,,
"",,,9011405,,,0,588,588,,,
70,"GCMHS, Alpurai  PS No.1(Combined) (P)*",Alpurai,9011403,,,554,457,1011,2,1,3
71,"GCMHS, Alpuri Shangla PSNo. 2",Alpuri,9011404,,,613,523,1136,2,1,3
72,"GPS Alpurai No.2(Combined) (T)**",Alpurai,9011405,,,773,0,773,1,1,2
73,"GHS, Bassi (Combined) P.SNo.1 (T)**",Bassi,9011406,,,511,382,893,1,1,2
74,"GHS, Bassi (Combined) P.SNo.2 (T)**",Bassi,9011409,,,450,376,826,2,1,3
"",,,9011410,,,490,373,863,,,
75,"GPS, Bassi (Combined)(T)**",Bassi,9011407,,,599,501,1100,1,1,2
76,"GPS, Kass Bassi(combined) (T)**",Bassi,9011408,,,720,525,1245,1,1,2
77,"GPS No. 1, Achar(Combined) (T)**",Achar,9011101,,,322,251,573,2,1,3
"",,,9011102,,,302,253,555,,,
"",,,9011103,,,376,300,676,,,
78,"GPS, Bahram Dara(Combined) (T)**",Amnavi,9011104,,,274,202,476,1,1,2
79,"BHU, Amnavi (Combined)(T)**",Amnavi,9011106,,,587,419,1006,2,1,3
"",,,9011107,,,526,381,907,,,
80,"GPS, Amnavi (Combined)(T)**",Amnavi,9011108,,,430,330,760,2,1,3
"",,,9011110,,,301,233,534,,,
81,"GGMS, Maroof Khel(Combined) (T)**",Amnavi,9011109,,,563,403,966,1,1,2
"",,,9011111,,,226,158,384,,,
"",,,9011105,,,201,120,321,,,
82,"GHS, Malak Khel (Male)(T)**","MalakKhelKotkey",9011201,,,464,0,464,2,0,2
"",,,9011202,,,260,0,260,,,
"",,,9011203,,,571,0,571,,,
"",,,9011204,,,240,0,240,,,
83,"GGHS, Malak Khel(Female) (T)**","MalakKhelKotkey",9011201,,,0,386,386,0,2,2
"",,,9011202,,,0,207,207,,,
"",,,9011203,,,0,467,467,,,
"",,,9011204,,,0,213,213,,,
84,"GPS, Malak Khel(combined) (T)**","MalakKhel",9011205,,,435,335,770,2,1,3
"",,,9011206,,,522,433,955,,,
85,"GMS, Bazar Kot (Male)(T)**",Bazar Kot,9011207,,,446,0,446,2,0,2
"",,,9011208,,,552,0,552,,,
86,GPS Bazar Kot  (Female),Bazar Kot,9011207,,,0,385,385,0,2,2
9011208,,,0,429,429,,,,,,
87,"GMS, Larai (Combined)(T)**",Lilownai,9011301,,,824,597,1421,1,1,2
88,"GPS, Biagalai (Combined)(T)**",Lilownai,9011302,,,678,502,1180,1,1,2
89,"GPS, Naway Kalay(Lilownai) (Combined)(T)**",Lilownai,9011303,,,648,468,1116,1,1,2
90,"GHS, Lilownai (Male)  (P)*",Lilownai,9011304,,,657,0,657,3,0,3
"",,,9011306,,,1200,0,1200,,,
91,"GPS, Lilownai  (combined)(P)*",Lilownai,9011308,,,638,510,1148,1,1,2
92,"GGHS, Lilownai  (Female)(T)**",Lilownai,9011304,,,0,471,471,0,3,3
"",,,9011306,,,0,985,985,,,
"",,,9011308,,,0,510,510,,,
93,"GPS, Khwar Kalay(Combined) (T)**",Lilownai,9011305,,,696,509,1205,2,2,4
"",,,9011311,,,385,269,654,,,
"",,,9011307,,,504,379,883,,,
94,"GGPS, Khawar Kalay(Combined) (T)**",Lilownai,9011309,,,553,435,988,2,1,3
"",,,9011310,,,271,227,498,2,1,3
95,"GPS, Shalizara (Combined)(T)**","BandaChina",9011501,,,416,315,731,2,1,3
"",,,9011502,,,823,672,1495,,,
"",,,9011514,,,154,140,294,,,
96,"GHS, Sheshan (Combined)(T)**",Sheshan,9011503,,,514,390,904,2,1,3
"",,,9011504,,,395,290,685,,,
"",,,9011511,,,117,105,222,,,
97,"GPS, Danai (Combined)(T)**",Sheshan,9011505,,,417,321,738,1,1,2
"",,,9011512,,,207,165,372,,,
98,"GHS, Kass (Male) (T)**","KassLilownai",9011506,,,263,0,263,2,,2
9011513,,,236,0,236,,,,,,
9011507,,,461,0,461,,,,,,
9011508,,,541,0,541,,,,,,
9011506,,,0,199,199,,,,,,
9011513,,,0,186,186,,,,,,
"",,,9011507,,,0,342,342,,,
"",,,9011508,,,0,369,369,,,
100,"GMS, Managai (Combined)(T)**",Managai,9011509,,,417,326,743,2,1,3
"",,,9011510,,,397,325,722,,,
101,"GPS Arakh (Combined)(T)**",Kurmong,88010101,,,541,385,926,1,1,2
102,"GPS Kuz Lashkar(Combined) (T)**",Kurmong,88010102,,,562,442,1004,2,1,3
"",,,88010103,,,378,291,669,,,
103,"GMS Gandorai (Combined)(T)**",Kurmong,88010104,,,1066,748,1814,2,1,2
104,"GPS, Manz Kaley(Combined) (T)**",Kurmong,88010105,,,466,426,892,1,1,2
105,"GPS, Hawalai  (Combined)(T)**",Hawalai,88010106,,,320,228,548,1,1,2
106,"GPS, Pandyar  (Combined)(T)**",Lahor,88010107,,,486,354,840,2,1,3
"",,,88010108,,,674,488,1162,,,
107,"GGPS Besham (Combined)(T)**",Besham,88010201,,,662,462,1124,1,1,2
108,GMS Kerai (Male) (T)**,Kerai,88010202,,,879,0,879,1,1,2
109,GPS  Kerai (Female),Kerai,88010202,,,0,537,537,0,1,1
110,"GPS,  Khatak Sar(Combined) (T)**",Kerai,88010203,,,188,78,266,1,1,2
"",,,88010204,,,355,320,675,,,
111,"GPS Butyal (Combined)(T)**",Butyal,88010601,,,722,495,1217,2,1,3
"",,,88010604,,,290,164,454,,,
112,"GHSS Butyal P.SNo.1(Male) (P)*",Butyal,88010602,,,866,0,866,2,0,2
113,"GHSS Butyal P.S No.2(Male) (T)**",Butyal,88010603,,,1387,0,1387,3,0,3
114,"GHSS Butyal P.S No.3(Female)",Butyal,88010602,,,0,574,574,0,3,3
"",,,88010603,,,0,957,957,,,
115,"GPS Janrai Shang(Combined) (T)**",Shang,88010301,,,379,268,647,2,1,3
88010303,,,458,323,781,,,,,,
"",,,88010304,,,384,192,576,,,
117,GPS Shang (Male) (T)**,Shang,88010302,,,343,0,343,3,0,3
"",,,88010305,,,751,0,751,,,
"",,,88010306,,,438,0,438,,,
118,"Civil Dispensary Shang(Female) (T)**",Shang,88010302,,,0,233,233,0,2,2
"",,,88010305,,,0,509,509,,,
"",,,88010306,,,0,332,332,,,
119,"GMS Kuz Batkot(Combined) (T)**",Shang,88010307,,,552,377,929,2,1,3
"",,,88010309,,,550,380,930,,,
120,"GPS Kuz Batkot(Combined) (T)**",Shang,88010308,,,764,567,1331,1,1,2
121,GHS Maira (Male) (T)**,Maira,88010401,,,1088,0,1088,3,0,3
"",,,88010402,,,619,0,619,,,
122,GGPS Maira (Female) (T)**,Maira,88010401,,,0,893,893,0,2,3
"",,,88010402,,,0,501,501,,,
123,"GMS Dehrai Maira (Male)(T)**",Maira,88010403,,,508,0,508,3,0,3
"",,,88010404,,,619,0,619,,,
124,"GGMS Maira (Female)(T)**",Maira,88010403,,,0,431,431,0,2,2
"",,,88010404,,,0,497,497,,,
125,"GPS Cham Manrai Maira(Male) (T)**",Maira,88010405,,,675,0,675,3,0,3
"",,,88010406,,,913,0,913,,,
126,"GGPS Manrai (Lakai)(Female) (T)**",Maira,88010405,,,0,499,499,0,2,2
"",,,88010406,,,0,703,703,,,
127,"GMS Bar Batkot(Combined) (T)**",Bar Batkot,88010407,,,433,338,771,2,1,3
"",,,88010408,,,282,216,498,,,
"",,,88010409,,,324,242,566,,,
128,"GGMS Dandai (Combined)(T)**",Dandai,88010501,,,555,456,1011,2,1,3
129,GMS Seer (Male) (T)**,Dandai,88010502,,,488,0,488,3,0,3
"",,,88010503,,,1083,0,1083,,,
130,"GPS,  Seer (Female) (T)**",Dandai,88010502,,,0,345,345,0,2,2
88010503,,,0,776,776,,,,,,
88010504,,,501,368,869,,,,,,
"",,,88010507,,,546,423,969,,,
132,"GPS, Cheer (Combined)(T)**",Takhta,88010505,,,512,298,810,1,1,2
"",,,88010506,,,157,89,246,,,
133,"GGPS Takhta (Combined)(T)**",Takhta,88010508,,,444,298,742,2,2,4
88010509,,,768,583,1351,,,,,,
1,"GMS, Dawoot  (Combined) (T)**",Dawoot,9020101,,,,585,391,976,2,1,3
"",,,9020102,,,,328,237,565,,,
"",,,9020103,,,,152,89,241,,,
2,"GPS, Sarkool (Combined) (T)**",Sarkool,9020104,,,,407,217,624,2,1,3
"",,,9020105,,,,274,192,466,,,
"",,,9020106,,,,454,349,803,,,
3,GMS Gunangar (Combined) (T)**,Gunangar,9020107,,,,646,500,1146,2,1,3
"",,,9020108,,,,355,237,592,,,
4,"GGPS, Ranzra (Combined) (T)**",Taloon,9020201,,,,282,202,484,1,1,2
"",,,9020202,,,,199,146,345,,,
5,"GPS, Taloon (Combined) (T)**",Taloon,9020203,,,,429,241,670,1,1,2
"",,,9020204,,,,269,161,430,,,
"",,,9020205,,,,79,34,113,,,
"",,,9020206,,,,122,71,193,,,
6,"GPS, Pezal (Combined) (T)**",Taloon,9020207,,,,443,266,709,1,1,2
"",,,9020208,,,,383,232,615,,,
7,"GPS, Maser (Combined) (T)**",Jatkool,9020301,,,,342,280,622,1,1,2
"",,,9020302,,,,158,136,294,,,
8,"GPS, Jatkool (Combined) (T)**",Jatkool,9020303,,,,575,385,960,2,1,3
"",,,9020304,,,,418,276,694,,,
9,"GPS, Gumrash (Combined) (T)**",Kandai,9020305,,,,283,205,488,2,1,3
"",,,9020306,,,,549,388,937,,,
10,"GPS, Kandai (Combined) (T)**",Kandai,9020307,,,,573,417,990,1,1,2
11,"GPS, Shawawoo (Combined) (T)**",Langbar,9020401,,,,627,457,1084,1,1,2
12,"GHS, Shawawoo (Combined) (T)**",Langbar,9020402,,,,568,438,1006,1,1,2
9020403,,,,108,96,204,,,,,,
13,"GPS, Langbar No.1 (Combined) (T)**",Langbar,9020404,,,,596,460,1056,1,1,2
14,"GMS, Langbar (Combined) (T)**",Langbar,9020405,,,,277,228,505,1,1,2
"",,9020406,,,,359,284,643,,,,
15,"GMS, Sundia (Combined) (T)**",Dandai Sundia,9020407,,,,223,156,379,1,1,2
"",,9020408,,,,340,264,604,,,,
16,"GGPS, Dandai Sundia (Combined) (T)**",Dandai Sundia,9020409,,,,336,242,578,1,1,2
"",,9020410,,,,209,156,365,,,,
17,"GMS, Said Abad (Combined) (T)**",Buner Wal,9020501,,,,584,470,1054,2,1,3
"",,9020502,,,,282,181,463,,,,
18,"GPS, Said Abad (Combined) (T)**",Buner Wal,9020503,,,,147,87,234,1,1,2
"",,9020504,,,,475,331,806,,,,
19,"GMS, Katkor (Combined) (T)**",Katkor,9020505,,,,419,317,736,2,1,3
"",,9020506,,,,462,380,842,,,,
20,"GPS, Katkor (Combined) (T)**",Katkor,9020507,,,,408,306,714,1,1,2
"",,9020508,,,,197,177,374,,,,
21,"GDC, Chakisar P.S No.1  (Male) (T)**",Chakisar,9020601,,,,466,0,466,2,0,2
"",,9020603,,,,852,0,852,,,,
22,"GDC, Chakisar P.S No.2  (Male) (T)**",Chakisar,9020605,,,,1141,0,1141,2,0,2
23,"GGPS, Chakisar  (Female) (T)*",Chakisar,9020602,,,,0,567,567,0,3,3
"",,9020604,,,,0,576,576,,,,
"",,9020606,,,,0,409,409,,,,
"",,9020607,,,,0,383,383,,,,
24,"GPS, Bar Paw Chakisar   (Female) (T)*",Chakisar,9020601,,,,0,335,335,0,3,3
"",,9020603,,,,0,646,646,,,,
"",,9020605,,,,0,878,878,,,,
25,"GCMHS, Chakisar  (Male) (P)*",Chakisar,9020604,,,,764,0,764,2,0,2
"",,9020607,,,,504,0,504,,,,
26,GPS Kuz Paw(Male) Chakisar,Chakisar,9020602,,,,687,0,687,2,0,2
"",,9020606,,,,548,0,548,,,,
27,"GMS, Kha dang P.S No.1 (Combined) (T)",Khadang,9020608,,,,341,217,558,2,1,3
"",,9020609,,,,623,434,1057,,,,
28,"GMS, Khadang P.S No.2 (Combined) (T)*",Khadang,9020610,,,,579,381,960,1,1,2
29,"GPS, Saidano Dherai (Combined) (T)**",Khadang,9020611,,,,272,166,438,1,1,2
"",,9020612,,,,626,366,992,,,,
30,"GHS, Danakool  (Male) (T)**",Danakool,9020701,,,,613,0,613,2,0,2
"",,9020703,,,,720,0,720,,,,
31,"GPS, Kandaw(Dar Kaly) (Combined) (T)*",Danakool,9020702,,,,625,490,1115,1,1,2
32,"GPS, Danakool (Female) (T)**",Danakool,9020701,,,,0,460,460,0,1,1
"",,9020703,,,,0,535,535,,,,
33,"GGCMS, Cheedam  (Combined) (T)**",Cheedam,9020704,,,,432,334,766,2,1,3
"",,9020705,,,,249,199,448,,,,
"",,9020706,,,,314,212,526,,,,
34,"GHS, Opal (Combined) (T)**",Opal,9020801,,,,449,291,740,2,1,3
9020802,,,,635,425,1060,,,,,,
35,"GPS, Punyal  (Combined) (T)**",Punyal,9020803,,,,310,225,535,1,1,2
"",,,9020804,,,,299,250,549,,,
36,"GHS, Karora (Male) (T)**",Karora,9020805,,,,682,0,682,2,0,2
"",,,9020806,,,,591,0,591,,,
"",,,9020807,,,,268,0,268,,,
37,"Civil Hospital, Karora  (Female) (T)**",Karora,9020805,,,,0,471,471,0,2,2
"",,,9020806,,,,0,393,393,,,
"",,,9020807,,,,0,181,181,,,
38,"GHS, Gulibut  (Male) (T)**",Gulibut,9020808,,,,445,0,445,2,0,2
"",,,9020809,,,,518,0,518,,,
"",,,9020810,,,,363,0,363,,,
39,"GPS, Gulibut  (Female) (T)**",Gulibut,9020808,,,,0,320,320,0,2,2
"",,,9020809,,,,0,404,404,,,
"",,,9020810,,,,0,271,271,,,
40,"GPS, Brabrai  (Male) (T)**",Sunaila,10010101,,,,586,0,586,2,0,2
"",,,10010102,,,,313,0,313,,,
41,Civil Despenciry (Female) Barabrai,Sunaila,10010101,,,,0,514,514,0,1,1
"",,,10010102,,,,0,280,280,,,
42,GHS Dehrai (Combined) (T)**(Puran),Sunaila,10010103,,,,811,677,1488,2,1,3
43,GGHS Sunaila (Male) (T)**,Sunaila,10010104,,,,693,0,693,3,0,3
"",,,10010105,,,,537,0,537,,,
"",,,10010106,,,,447,0,447,,,
44,GGPS Sunaila (Female) (T)**,Sunaila,10010104,,,,0,572,572,0,2,2
"",,,10010105,,,,0,428,428,,,
"",,,10010106,,,,0,382,382,,,
45,GMSTowa (Male) (T)**,Sundavi,10010201,,,,354,0,354,3,0,3
"",,,10010202,,,,876,0,876,,,
"",,,10010203,,,,396,0,396,,,
46,GPS Towa (Female) (T)**,Sundavi,10010201,,,,0,315,315,0,2,2
"",,,10010202,,,,0,745,745,,,
"",,,10010203,,,,0,321,321,,,
47,GPS Faiza (Combined) (T)**,Sundavi,10010204,,,,412,386,798,2,1,3
"",,,10010205,,,,575,506,1081,,,
48,GGHS Sundavi (Combined) (P)*,Sundavi,10010206,,,,788,660,1448,2,1,3
"",,,10010207,,,,352,290,642,,,
49,GPS Gharai Kandaw (Male) (T)**,Benglai,10010301,,,,382,0,382,2,0,2
"",,,10010302,,,,703,0,703,,,
50,GGPS Garai Kandaw (Female) (T)**,Benglai,10010301,,,,0,317,317,0,2,2
"",,,10010302,,,,0,619,619,,,
51,GMS Baloo (Combined) (T)**,Benglai,10010303,,,,791,694,1485,2,1,3
52,GGPS Landai (Combined),Benglai,10010304,,,,521,467,988,1,1,2
53,"GPS School, Chagam",Chagam,10010308,,,,907,0,907,2,0,2
54,GPS  Chagum No.1 (Male) (T)**,Chagam,10010305,,,,388,0,388,2,0,2
10010307,,,,606,0,606,,,,,,
55,GGMS  Chagum (Female) (T)**,Chagam,10010305,,,,0,323,323,0,3,3
"",,,10010307,,,,0,478,478,,,
"",,,10010308,,,,0,793,793,,,
56,"GMS  Sur Kamar, (Combined) (T)**",Chagam,10010306,,,,528,432,960,1,1,2
57,GHS Kolalai (Combined) (T)**,Kolalai,10010401,,,,651,524,1175,1,1,2
58,GHS Dara Serai (Male) (T)**,Dara Serai,10010402,,,,523,0,523,2,0,2
"",,,10010403,,,,423,0,423,,,
59,GGPS Dara Serai (Famale) (T)**,Dara Serai,10010402,,,,0,427,427,0,2,2
"",,,10010403,,,,0,318,318,,,
60,GMS Kotkey (Male) (T)**,Kotkey,10010404,,,,1018,0,1018,2,0,2
"",,,10010405,,,,201,0,201,,,
61,GGMS Kotkey (Female) (T)**,Kotkey,10010404,,,,0,827,827,0,2,2
"",,,10010405,,,,0,166,166,,,
62,GHS Aloch (Puran) (Male) (P)*,Aloch,10010406,,,,627,0,627,3,0,3
"",,,10010407,,,,533,0,533,,,
"",,,10010408,,,,554,0,554,,,
63,GGPS  Aloch No.2 (Puran) (Female) (P)*,Aloch,10010406,,,,0,523,523,0,3,3
"",,,10010407,,,,0,465,465,,,
"",,,10010408,,,,0,421,421,,,
64,GMS Nim kalay (Male) (T)**,Nim Kaley,10010501,,,,758,0,758,2,0,2
"",,,10010508,,,,73,0,73,,,
"",,,10010502,,,,573,0,573,,,
65,GGPS Nim Kalay (Female) (T)**,Nim Kaley,10010501,,,,0,646,646,0,2,2
"",,,10010508,,,,0,80,80,,,
"",,,10010502,,,,0,452,452,,,
66,GGHS Gumbat Aloch (Male) (P)*,Nim Kaley,10010503,,,,481,0,481,2,0,2
"",,,10010504,,,,499,0,499,,,
"",,,10010505,,,,555,0,555,,,
67,GGPS Gumbat Aloch (Female) (P)*,Nim Kaley,10010503,,,,0,402,402,0,2,2
"",,,10010504,,,,0,430,430,,,
"",,,10010505,,,,0,435,435,,,
68,GPS Kuza Awarai (Combined) (T)**,Kadona,10010506,,,,968,776,1744,2,1,3
"",,,10010509,,,,305,221,526,,,
69,GHS Kadona (Combined) (T)**,Kadona,10010507,,,,618,432,1050,1,1,2
70,GPS Baina (Combined) (T)**,Baina,10010601,,,,440,314,754,2,1,3
"",,,10010602,,,,467,362,829,,,
71,GHS Chawga (Male) (P)*,Chawga,10010603,,,,523,0,523,3,0,3
"",,,10010604,,,,656,0,656,,,
"",,,10010605,,,,270,0,270,,,
"",,,10010606,,,,275,0,275,,,
72,GHSS Chawga (Female) (T)**,Chawga,10010603,,,,0,418,418,0,2,2
10010604,,,,0,536,536,,,,,,
10010605,,,,0,237,237,,,,,,
10010606,,,,0,241,241,,,,,,
73,GPS  Akral (Combined) (T)**,Chawga,10010607,,,,579,461,1040,1,1,2
74,GPS  Dunkacha Makhuzi (Combined) (T)**,Chawga,10010608,,,,417,341,758,1,1,2
75,GMS  Dunkacha Makhuzi (Combined) (T)**,Chawga,10010609,,,,738,552,1290,1,1,2
76,GGPS Samil Khel,Sangrai,10010702,,,,389,292,681,1,1,2
77,GPS  Bailla (Combined) (T)**,Sangrai,10010701,,,,486,418,904,1,1,2
78,GPS Sangrai (combined) (T)**,Sangrai,10010703,,,,668,530,1198,2,1,3
79,GPS Merigzi (combined) (T)**,Merigzi,10010708,,,,611,494,1105,1,1,2
80,GPS Machkandai (Female) (T)**,Shen Koprai,10010704,,,,0,176,176,0,2,2
"",,Machkandai,10010705,,,,0,333,333,,,
"",,,10010706,,,,0,317,317,,,
"",,,10010707,,,,0,413,413,,,
81,GHS Machkandai (Male) (T)**,Shen Koprai,10010704,,,,206,0,206,3,0,3
"",,Machkandai,10010705,,,,379,0,379,,,
"",,,10010706,,,,398,0,398,,,
"",,,10010707,,,,497,0,497,,,
82,GPS  Loya Dara (Combined) (T)**,Kuz Paw,10010801,,,,492,399,891,2,1,4
83,GHS Kuz  Paw (Combined) (T)**,Kuz Paw,10010803,,,,551,395,946,2,1,3
"",,,10010804,,,,563,457,1020,,,
84,"Government Girls Primary School, Palang Sar",Kuz Pawo,10010802,,,,710,554,1264,2,1,3
85,GPS Braim PS No.1  (Combined) (T)**,Garai,10010805,,,,651,545,1196,2,1,3
86,GPS Braim PS No.2,Garai,10010806,,,,613,526,1139,1,1,2
87,GPS Pandoria (Combined) (T)**,Pandoria,10010901,,,,420,306,726,1,1,2
"",,,10010902,,,,327,233,560,,,
88,GMS  Inawar (Combined) (T)**,Inawar,10010903,,,,423,299,722,2,1,3
"",,,10010904,,,,528,389,917,,,
89,GHS Shikolai PS No. 1 (Combined) (T)**,Shekolai,10010905,,,,485,382,867,1,1,2
90,GHS Shikowlai PS No.2,Shikowlai,10010907,,,,852,680,1532,1,1,2
91,GPS Bostanai Banda (Combined) (T)**,Shekolai,10010906,,,,541,445,986,1,1,2
92,GPS   Khonan (Combined) (T)**,Shekolai,10010908,,,,341,248,589,1,1,2
93,GPS Garaka  (Combined) (T)**,Toranai,9030101,,,,434,382,816,2,1,3
"",,,9030102,,,,481,386,867,,,
94,GPS  Dandoqa (Combined) (T)**,"Charoq BabaKhel",9030103,,,,504,420,924,1,1,2
95,GPS Bahar (combined) (T)**,Bahar,9030104,,,,539,359,898,3,2,5
"",,,9030105,,,,334,286,620,,,
"",,,9030106,,,,264,253,517,,,
96,GPS Titwalan old building (Combined) (T),Titwalan,9030201,,,,144,129,273,2,1,3
"",,,9030202,,,,641,541,1182,,,
97,GMS Tirawray (Combined) (T)**,Titwalan,9030203,,,,375,317,692,2,1,3
"",,Tarorai,9030204,,,,422,401,823,,,
98,GPS Dankool (Combined) (T)**,Dankool,9030205,,,,310,243,553,2,1,3
"",,,9030206,,,,697,634,1331,,,
99,GMS  Alami Banda (Combined) (T)**,Alami Banda,9030501,,,,489,416,905,2,1,3
9030503,,,,359,282,641,,,,,,
100,GPS  Alami Banda (Combined) (T)**,Alami Banda,9030502,,,,428,244,672,1,1,2
101,GHS  Pishlor PS No.1 (Combined) (T)**,Pishlor,9030504,,,,621,535,1156,2,1,3
102,GHS Pishlor PS no.2,Pishlor,9030505,,,,635,529,1164,1,1,2
103,GPS Pishkand  (Combined) (T)**,Pishkand,9030506,,,,469,385,854,1,1,2
104,GPS Asharo Sar (Combined) (T)**,Kotkey,9030301,,,,408,318,726,2,1,3
"",,Dora Sar,9030302,,,,294,198,492,,,
"",,Asharo Sar,9030303,,,,108,66,174,,,
"",,Shaga,9030305,,,,343,246,589,,,
105,GPS  Choranay (Combined) (T)**,Geer,9030304,,,,584,466,1050,1,1,2
106,GHS Kabal Gram PS 1 (Combined) (T)**,Kabal Gram,9030307,,,,364,198,562,2,1,3
"",,9030308,,,,502,250,752,,,,
107,Government High School Kabalgram PS NO.2,Kabalgram,9030306,,,,654,383,1037,2,1,3
108,GPS Kabal Gram (Combined) (T)**,Kabal Gram,9030309,,,,929,458,1387,1,1,2
109,GGMS Martung (Male) (T)**,"Kuz KaleyMartung",9030401,,,,1069,0,1069,3,0,3
"",,9030402,,,,716,0,716,,,,
110,GGPS Martung (Female) (T)**,"Kuz KalayMartung",9030401,,,,0,743,743,0,2,2
"",,9030402,,,,0,539,539,,,,
111,GMS  Mandoria (Combined) (T)**,Mandoria,9030403,,,,753,590,1343,2,1,3
"",,Mir Jaley,9030406,,,,342,263,605,,,
112,GHS Martung PS No.1 (Combined) (T)**,"Manz KaleyMartung",9030404,,,,655,470,1125,2,1,3
113,GHS Martung PS No.2,"Manz KaleyMartung",9030405,,,,623,360,983,1,1,2
114,BHU Bhair Kamach (Combined) (T)**,"Hasham KhelDab",9030601,,,,530,431,961,1,1,2
115,GMS  Nakhtar (Combined)(T)**,Salay,9030602,,,,379,312,691,2,1,3
"",,Gado Garai,9030604,,,,520,473,993,,,
116,GMS  28-Kotkay (Combined) (T)**,Musa Khelo Sar,9030603,,,,416,351,767,2,1,3
"",,Reech Banr,9030605,,,,287,258,545,,,
"",,Nask,9030606,,,,279,218,497,,,
117,GPS  Bhair Kamach (combined) (T)**,Kamach,9030701,,,,313,232,545,2,1,3
"",,9030710,,,,121,90,211,,,,
"",,9030702,,,,578,458,1036,,,,
118,GHS  Kamach (Combined) (T)**,Kamach,9030703,,,,199,146,345,1,1,2
"",,9030704,,,,484,389,873,,,,
119,GPS  Kharaway (Combined),Dedal,9030705,,,,345,258,603,1,1,2
120,GPS Dewal Kamach(Combined) (T)*,Dedal,9030706,,,,482,267,749,2,1,3
"",,9030707,,,,203,129,332,,,,
121,GGPS Dedal (Combined) (T)**,Dedal,9030708,,,,376,317,693,1,1,2
9030709,,,,313,256,569,,,,,,
