1,"Govt Girls Post GraduateCollage,Haripur. (Male)",,,Moh: Babu,026050101,,252,0,252,,,
"",,,Moh: Babu,026050102,,348,0,348,,,,
"",,,Moh: Babu,026050103,,126,0,126,,,,
Total:,,,,,,726,0,726,2,0,2,
"Govt Girls Post GraduateCollage,Haripur. (Male)",,,Moh:Asifabad,026050104,,241,0,241,,,,
"",,,Moh:Asifabad,026050105,,430,0,430,,,,
"",,,Malkyar Road,026050106,,122,0,122,,,,
"",Total:,,,,,,793,0,793,2,0,2
3,"Govt Girls Post GraduateCollage,Haripur. (Female)",,,Moh: Babu,026050101,,0,199,199,,,
"",,,,Moh: Babu,026050102,,0,323,323,,,
"",,,,Moh: Babu,026050103,,0,114,114,,,
"",,,,Moh:Asifabad,026050104,,0,201,201,,,
"",,,,Moh:Asifabad,026050105,,0,451,451,,,
"",,,,Malkyar Road,026050106,,0,113,113,,,
"",Total:,,,,,,0,1401,1401,0,4,4
4,"Govt Girls High School No.2,Haripur.(Male)",,,Moh: Khoo,026050503,,599,0,599,,,
"",,,,Moh: Khoo,026050505,,509,0,509,,,
"",Total:,,,,,,1108,0,1108,3,0,3
5,"Govt Girls High School No.2,Haripur. (Female)",,,Moh: Khoo,026050503,,0,577,577,,,
"",,,,Moh: Khoo,026050505,,0,490,490,,,
"",Total:,,,,,,0,1067,1067,0,3,3
6,"City Middle School No.4,Haripur.",,,Turbela Road,026050201,,305,292,597,,,
"",,,,Moh: Sawati/ Turbela Roa,. 026050202,,275,255,530,,,
"",Total:,,,,,,580,547,1127,2,2,4
7,"Govt Girls Primary School No.3,Haripur.",,,Sheran Wala Gate Police,ho0w2k6i050401,,523,498,1021,,,
Total:,,,,,,523,498,1021,2,2,4,
8,"Govt Girls Primary School No.3,Haripur. (Male)",,,Moh: Qateel Shafai / Loha,an0/2 M60a5la0k4p0u2ra,,407,0,407,,,
"",,,,Moh: Qateel Shafai / Loha,an0/2 M60a5la0k4p0u8ra,,356,0,356,,,
"",Total:,,,,,,763,0,763,2,0,2
9,"Govt Girls Primary School No.3,Haripur.( Female)",,,Moh: Qateel Shafai / Loha,an0/2 M60a5la0k4p0u2ra,,0,403,403,,,
"",,,,Moh: Qateel Shafai / Loha,an0/2 M60a5la0k4p0u8ra,,0,320,320,,,
"",Total:,,,,,,0,723,723,0,2,2
10,"Govt Primary School No.1,Haripur. (Male)",,,Moh: Ferozpura,026050203,,174,0,174,,,
"",,,,Moh: Ferozpura,026050204,,417,0,417,,,
"",,,,Moh: Ramzani,026050302,,207,0,207,,,
"",Total:,,,,,,798,0,798,3,0,3
11,"Govt Primary School No.1,Haripur.(Female)",,,Moh: Ferozpura,026050203,,0,176,176,,,
"",,,,Moh: Ferozpura,026050204,,0,389,389,,,
"",,,,Moh: Ramzani,026050302,,0,196,196,,,
"",,,,,,,0,761,761,0,2,2
12,"Govt High School No.2,Haripur. (Male)",,,Moh: Ramzani,026050205,,107,0,107,,,
"",,,Moh: Ramzani,026050206,,207,0,207,,,,
"",,,Moh: Session House,026050304,,210,0,210,,,,
"",,,Moh: Session House,026050305,,315,0,315,,,,
Total:,,,,,,839,0,839,3,0,3,
13,"Govt High School No.2,Haripur. (Male)",,,Moh: Ramzani,026050301,,413,0,413,,,
"",,,,Ramzani/ Shakar Shah Ro,d.026050303,,257,0,257,,,
"",,,,Ramzani/ Shakar Shah Ro,d.026050306,,89,0,89,,,
"",Total:,,,,,,759,0,759,2,0,2
14,"Govt High School No.2,Haripur. (Female)",,,Moh: Ramzani,026050205,,0,77,77,,,
"",,,,Moh: Ramzani,026050206,,0,209,209,,,
"",,,,Moh: Ramzani,026050301,,0,390,390,,,
"",,,,Ramzani/ Shakar Shah Ro,d.026050303,,0,230,230,,,
"",,,,Moh: Session House,026050304,,0,198,198,,,
"",,,,Moh: Session House,026050305,,0,265,265,,,
"",,,,Ramzani/ Shakar Shah Ro,d.026050306,,0,78,78,,,
"",Total:,,,,,,0,1447,1447,0,4,4
15,"Govt Model Middle School,Haripur.",,,Moh: Motian,026050501,,332,275,607,,,
"",,,,Moh: Khoo Nai Abadi,026050506,,430,402,832,,,
"",Total:,,,,,,762,677,1439,2,2,4
16,"Govt Girls Primary School No.2,Haripur.",,,Moh: Qadeem,026050502,,704,695,1399,,,
"",Total:,,,,,,704,695,1399,2,2,4
17,"Govt Model Middle School,Haripur.",,,Moh: Darwesh,026050504,,421,353,774,,,
Total:,,,,,,421,353,774,1,1,2,
18,"Govt Centenial Model HigherSecondary School, Haripur.",,,Moh: Soha,026050403,,257,213,470,,,
"",,,,Moh: Soha,026050410,,224,218,442,,,
"",Total:,,,,,,481,431,912,2,1,3
19,"Govt Centenial Model HigherSecondary School, Haripur.",,,Basher Colony,026050406,,164,134,298,,,
"",,,,Basher Colony,026050407,,219,213,432,,,
"",Total:,,,,,,383,347,730,1,1,2
20,Govt Girls Degree College No . 2 Haripur,,Moh: Kund,026050404,,342,313,655,,,,
"",,,,Moh: Kund,026050411,,333,315,648,,,
"",Total:,,,,,,675,628,1303,2,2,4
21,"Govt Primary School No.3,Haripur.(Male )",,,Moh: Eidgah,026050405,,353,0,353,,,
"",,,,Moh: Eidgah,026050409,,423,0,423,,,
"",Total:,,,,,,776,0,776,2,0,2
22,Govt Girls Degree College No . 2 Haripur  (Female),,Moh: Eidgah,026050405,,0,419,419,,,,
"",,,Moh: Eidgah,026050409,,0,307,307,,,,
"",,,,,,0,726,726,0,2,2,
"Govt Primary School,Jehangirabad, Darwesh No.2.",,,Jehangirabad,026050604,,551,0,551,,,,
"",,,Pathan Colony,026050605,,263,0,263,,,,
"",,,Pir Colony/ Pathan Colony,026050606,,437,0,437,,,,
"",,,Central Jail Compound,026050607,,221,0,221,,,,
"",Total:,,,,,,1472,0,1472,4,0,4
24,"Govt Girls Primary School,Pathan Colony. (Female)",,,Jehangirabad,026050604,,0,453,453,,,
"",,,,Pathan Colony,026050605,,0,201,201,,,
"",,,,"Pir Colony/ PathanColony",026050606,,0,356,356,,,
"",,,,Central Jail Compound,026050607,,0,152,152,,,
"",Total:,,,,,,0,1162,1162,0,4,4
25,"Govt High School, Central Jail.",,,Moh: Raja Abad,026050601,,584,495,1079,,,
"",Total:,,,,,,584,495,1079,2,2,4
26,"Govt High School, Central Jail.",,,Afzalabad/ Central Jail,026050602,,490,412,902,,,
"",Total:,,,,,,490,412,902,2,2,4
27,"Govt Primary School, CentralJail.",,,Aziz Colony/ Afzalabad,026050603,,727,611,1338,,,
"",Total:,,,,,,727,611,1338,2,2,4
28,"Govt Primary School,Roshanabad. (Male)",,,Roshanabad,026050804,,827,0,827,,,
"",,,,Karimabad T & T,026050805,,276,0,276,,,
"",Total:,,,,,,1103,0,1103,3,0,3
29,"Govt Primary School,Roshanabad. (Female)",,,Roshanabad,026050804,,0,768,768,,,
"",,,Karimabad T & T,026050805,,0,235,235,,,,
"",,,,,,0,1003,1003,0,3,3,
"Govt Primary School No.2, NoorColony.(Male)",,,Moh: Aminabad,026051004,,951,0,951,,,,
"",Total:,,,,,,951,0,951,3,0,3
31,"Govt Girls Middle School   NoorColony. (Female)",,,Moh: Aminabad,026051004,,0,817,817,,,
"",Total:,,,,,,0,817,817,0,2,2
32,"Govt Primary School, Qaziabad.",,,Moh: Qaziabad,026051003,,450,370,820,,,
"",Total:,,,,,,450,370,820,2,1,3
33,"Govt High School, T & TColony.",,,T & T Colony,026050701,,173,170,343,,,
"",,,,T & T Colony,026050702,,238,255,493,,,
"",,,,T & T Colony,026050703,,261,263,524,,,
"",Total:,,,,,,672,688,1360,2,2,4
34,"Govt Girls High School, T & TColony.",,,T & T Colony,026050704,,275,254,529,,,
"",,,,T & T Colony,026050705,,176,152,328,,,
"",,,,T & T Colony,026050706,,269,236,505,,,
"",Total:,,,,,,720,642,1362,2,2,4
35,"Govt Girls Community MiddleModel School, Street No.07 TIP.",,,Housing Scheme,026050801,,841,0,841,,,
"",,,,Housing Scheme,026050806,,689,0,689,,,
"",Total:,,,,,,1530,0,1530,4,0,4
36,"Govt Girls Community MiddleModel School, Street No.07 TIP.",,,Housing Scheme,026050802,,1066,0,1066,,,
"",,,Housing Scheme,026050803,,617,0,617,,,,
Total:,,,,,,1683,0,1683,4,0,4,
37,"Govt Girls Community MiddleModel School, Street No.07 TIP.",,,Housing Scheme,026050801,,0,837,837,,,
"",,,,Housing Scheme,026050806,,0,587,587,,,
"",Total:,,,,,,0,1424,1424,0,4,4
38,"Govt Girls Community MiddleModel School, Street No.07 TIP.",,,Housing Scheme,026050802,,0,961,961,,,
"",,,,Housing Scheme,026050803,,0,560,560,,,
"",Total:,,,,,,0,1521,1521,0,4,4
39,"Worker Folks Grammer Schoolfor Boys-II Senior Section,",,,"Noor Colony / WelfareColony",026050904,,903,0,903,,,
"",Total:,,,,,,903,0,903,3,0,3
40,"Worker Folks Grammer Schoolfor Boys-II Senior Section,",,,Munsifabad,026051001,,401,0,401,,,
"",,,,Munsifabad,026051005,,361,0,361,,,
"",Total:,,,,,,762,0,762,2,0,2
41,"Worker Folks Grammer Schoolfor Boys-II Junior Section,",,,"Noor Colony / WelfareColony",026050904,,0,841,841,,,
"",Total:,,,,,,0,841,841,0,3,3
42,"Worker Folks Grammer Schoolfor Boys-II Junior Section,",,,Munsifabad,026051001,,0,376,376,,,
"",,,,Munsifabad,026051005,,0,296,296,,,
"",Total:,,,,,,0,672,672,0,2,2
43,"Govt Primary School, NoorColony No.1.",,,"Noor Colony / WelfareColony",026050905,,485,429,914,,,
Total:,,,,,,485,429,914,2,2,4,
"Govt Girls  Primary School,Noor Colony No.1.",,,Azizabad,026051002,,620,567,1187,,,,
""
"",,,,Azizabad,026051006,,,,,,,
"",Total:,,,,,,620,567,1187,2,2,4
45,"Worker Folks Grammer Schoolfor Girls, Swat Chowk,",,,Naseem Town,026050901,,180,0,180,,,
"",,,,Swat Mills Colony,026050902,,606,0,606,,,
"",,,,Moh: Bandah,026050903,,116,0,116,,,
"",,,,Swat Mills Colony,026050906,,68,0,68,,,
"",Total:,,,,,,902,0,902,3,0,3
46,"Worker Folks Grammer Schoolfor Girls, Swat Chowk, Haripur.",,,Naseem Town,026050901,,0,168,168,,,
"",,,,Swat Mills Colony,026050902,,0,497,497,,,
"",,,,Moh: Bandah,026050903,,0,94,94,,,
"",,,,Swat Mills Colony,026050906,,0,41,41,,,
"",Total:,,,,,,0,800,800,0,3,3
47,"Govt Middle School, HassanBhai.",Ladarmang,026040101,,,,494,401,895,,,
"",,Roh,026040105,,,,97,100,197,,,
"",Total:,,,,,,591,501,1092,2,2,4
48,"Govt Primary School, Pamba.",Ladarmang,026040102,,,,224,216,440,,,
"",Ladarmang,026040107,,,,55,29,84,,,,
Total:,,,,,,279,245,524,1,1,2,
"Govt Primary School,Ladarmang.",Ladarmang,026040103,,,,467,371,838,,,,
"",Total:,,,,,,467,371,838,2,1,3
50,"Govt High School, Badhora.",Badhora,026040104,,,,471,485,956,,,
"",,Badgran,026040106,,,,0,1,1,,,
"",Total:,,,,,,471,486,957,1,2,3
51,"Govt Primary School, DanaKalinger.",Kalinger,026040201,,,,730,561,1291,,,
"",Total:,,,,,,730,561,1291,2,2,4
52,"Govt High School, Kalinger.",Kalinger,026040202,,,,1046,889,1935,,,
"",Total:,,,,,,1046,889,1935,2,2,4
53,"Govt Primary School,  KalingerNo.2.",Kalinger,026040204,,,,367,371,738,,,
"",,Kalinger,026040207,,,,308,210,518,,,
"",,Turbela,026041301,,,,44,37,81,,,
"",Total:,,,,,,719,618,1337,2,2,4
54,"Govt Primary School,  KalingerNo.1.",Kalinger,026040205,,,,299,256,555,,,
"",Kalinger,026040206,,,,361,300,661,,,,
Total:,,,,,,660,556,1216,2,2,4,
"Govt Primary School, SaidpurJam.(Male)",kalinger,026040203,,,,872,0,872,,,,
"",Langer,026040302,,,,80,0,80,,,,
"",Muradpur,026040303,,,,110,0,110,,,,
"",Saidpur,026040304,,,,20,0,20,,,,
"",,Ladarki,026040305,,,,12,0,12,,,
"",Total:,,,,,,1094,0,1094,3,0,3
56,"Govt Primary School, SaidpurJam. (Female)",kalinger,026040203,,,,0,801,801,,,
"",,Langer,026040302,,,,0,51,51,,,
"",,Muradpur,026040303,,,,0,95,95,,,
"",,Saidpur,026040304,,,,0,17,17,,,
"",,Ladarki,026040305,,,,0,11,11,,,
"",Total:,,,,,,0,975,975,0,3,3
57,"Govt Primary School, SawabiMaira (Male).",Sawabi Maira,026040401,,,,704,0,704,,,
"",,Sawabi Maira,026040403,,,,382,0,382,,,
"",,Thapla,026040404,,,,0,0,0,,,
"",,Kundriala,026040405,,,,0,0,0,,,
"",Total:,,,,,,1086,0,1086,3,0,3
58,"Govt Girls Primary School, Swab","Sawabi MairaMaira.(Female)",026040401,,,,0,583,583,,,
"",Sawabi Maira,026040403,,,,0,291,291,,,,
"",Thapla,026040404,,,,0,0,0,,,,
"",Kundriala,026040405,,,,0,0,0,,,,
Total:,,,,,,0,874,874,0,3,3,
"Govt Primary School,Chajjaka.",Sawabi Maira,026040402,,,,221,138,359,,,,
"",Total:,,,,,,221,138,359,1,1,2
60,"Govt Primary School, Kheri.",Kheri,026040502,,,,284,262,546,,,
"",,Kheri,026040503,,,,148,146,294,,,
"",Total:,,,,,,432,408,840,1,1,2
61,"Govt Primary School, Gandaf.",Gandaf,026040504,,,,605,548,1153,,,
"",Total:,,,,,,605,548,1153,2,2,4
62,Govt Primary School Mari,Mari,026040505,,,,437,370,807,,,
"",Total:,,,,,,437,370,807,1,1,2
63,"Govt Primary School, Kanikot.",Kanikot,026040506,,,,334,323,657,,,
"",Total:,,,,,,334,323,657,1,1,2
64,"Govt Primary School, Tavi.",Tavi,026040501,,,,80,58,138,,,
"",,Buraj Khanpur,026040801,,,,0,0,0,,,
"",,Buraj Khanpur,026040802,,,,61,38,99,,,
"",,Dheri,026040803,,,,0,0,0,,,
"",Total:,,,,,,141,96,237,1,1,2
65,"Govt Primary School, Dalri.",Dalri,026040616,,,,518,439,957,,,
Total:,,,,,,518,439,957,1,1,2,
"Govt Girls Primary School, Dalri",Dalri,026040617,,,,257,263,520,,,,
"",Dalri,026040618,,,,389,297,686,,,,
"",Total:,,,,,,646,560,1206,2,2,4
67,"Govt Primary School, HallJudal.",Hall Judal,026040601,,,,392,287,679,,,
"",,Hall Judal,026040602,,,,143,134,277,,,
"",,Jhanjaka,026040605,,,,122,107,229,,,
"",,Malyara,026040603,,,,103,77,180,,,
"",Total:,,,,,,760,605,1365,2,2,4
68,"Govt Primary School,Chaintri.",Chaintri,026040614,,,,238,228,466,,,
"",,Chaintri,026040615,,,,347,345,692,,,
"",,Kharan,026040611,,,,118,92,210,,,
"",Total:,,,,,,703,665,1368,2,2,4
69,"Govt Primary School, Karlakian.",Bralian,026040606,,,,115,113,228,,,
"",,Chopra Baghdara,026040619,,,,127,94,221,,,
"",,Karlakian,026040620,,,,252,230,482,,,
"",Total:,,,,,,494,437,931,2,1,3
70,"Govt Primary School, KundKalu Khan.",Kundiala,026040604,,,,86,53,139,,,
"",Sanda Ganda,026040607,,,,49,38,87,,,,
"",Sado Ban,026040608,,,,36,22,58,,,,
"",Kund Kalu Khan,026040609,,,,303,246,549,,,,
Total:,,,,,,474,359,833,1,1,2,
71,"Govt Primary School, BandiLabial.",Bandi Labial,026040612,,,,361,335,696,,,
"",,Bandi Labial,026040613,,,,142,118,260,,,
"",,Dakot,026040610,,,,0,0,0,,,
"",Total:,,,,,,503,453,956,2,1,3
72,"Govt Primary School, SwarMaira.",Kharkot,026040701,,,,611,455,1066,,,
"",,Anora,026040702,,,,50,35,85,,,
"",Total:,,,,,,661,490,1151,2,1,3
73,"Govt Primary School, Dera.",Lalogali,026040901,,,,219,150,369,,,
"",,Dera,026040902,,,,568,401,969,,,
"",Total:,,,,,,787,551,1338,2,2,4
74,"Govt Girls MiddleSchool,Kariplian.",Kariplian,026040903,,,,447,442,889,,,
"",,Maira Khairoo,026040905,,,,382,272,654,,,
"",Total:,,,,,,829,714,1543,2,2,4
75,"Govt Primary School, Saijpur.",Darya Doga,026040904,,,,511,388,899,,,
"",Total:,,,,,,511,388,899,2,1,3
76,"Govt Girls Primary School,Darwaza.",Darwaza,026041001,,,,496,443,939,,,
"",Pind Khan Khail,026040301,,,,105,78,183,,,,
Total:,,,,,,601,521,1122,2,1,3,
"Govt Primary School, Chanjiala.",Chanjiala,026041002,,,,516,407,923,,,,
"",Total:,,,,,,516,407,923,2,1,3
78,"Govt Midddle School, Kacchi.",Kacchi,026041005,,,,704,596,1300,,,
"",,Chatti,026041004,,,,252,205,457,,,
"",Total:,,,,,,956,801,1757,2,2,4
79,"Govt Middle School, Goraki.",Goraki,026041003,,,,637,552,1189,,,
"",Total:,,,,,,637,552,1189,2,2,4
80,"Govt Higher Secondary School,Beer. (Male)",Beer,026041101,,,,601,0,601,,,
"",,Beer,026041102,,,,374,0,374,,,
"",,Beer,026041103,,,,285,0,285,,,
"",Total:,,,,,,1260,0,1260,4,0,4
81,"Govt Higher Secondary School,Beer. (Female)",Beer,026041101,,,,0,559,559,,,
"",,Beer,026041102,,,,0,319,319,,,
"",,Beer,026041103,,,,0,286,286,,,
"",Total:,,,,,,0,1164,1164,0,3,3
82,"Govt Primary School, KangarAmgah.",Kangar Amgah,026041108,,,,665,549,1214,,,
"",Total:,,,,,,665,549,1214,2,1,3
83,"Govt High School, Macha DaMaira.",Soha,026041104,,,,201,179,380,,,
"",Soha,026041105,,,,586,492,1078,,,,
Total:,,,,,,787,671,1458,2,2,4,
84,"Govt Primary School,Airan.",Soha,026041106,,,,675,637,1312,,,
"",Total:,,,,,,675,637,1312,2,2,4
85,"Govt Primary School,Talhala",Soha,026041107,,,,759,739,1498,,,
"",Total:,,,,,,759,739,1498,2,2,4
86,"Govt Primary School, Nalaki.",Nalaki,026041203,,,,321,269,590,,,
"",,Ganhari,026041204,,,,253,223,476,,,
"",Total:,,,,,,574,492,1066,2,1,3
87,"Govt High School,Kakotri.(Male)",Kakotri,026041206,,,,325,0,325,,,
"",,Kakotri,026041207,,,,859,0,859,,,
"",Total:,,,,,,1184,0,1184,4,0,4
88,"Govt High School, Kakotri.(Female)",Kakotri,026041206,,,,0,324,324,,,
"",,Kakotri,026041207,,,,0,815,815,,,
"",Total:,,,,,,0,1139,1139,0,4,4
89,"Govt Middle School, BandaMughlan.",Karam,026041205,,,,436,375,811,,,
"",,Banda Mughlan,026041208,,,,269,228,497,,,
"",Total:,,,,,,705,603,1308,2,2,4
90,"Govt Primary School,Neelore.",Neelore,026041201,,,,182,156,338,,,
"",Neelore,026041212,,,,599,536,1135,,,,
Total:,,,,,,781,692,1473,2,2,4,
91,"Govt Primary School,Bhat.",Banda Nayan,026041209,,,,39,38,77,,,
"",,Bhat,026041211,,,,387,309,696,,,
"",,Banda Bakhtawar,026041202,,,,47,43,90,,,
"",Total:,,,,,,473,390,863,1,1,2
92,"Govt Primary School, Behki.",Behki,026041210,,,,450,395,845,,,
"",Total:,,,,,,450,395,845,1,1,2
93,"Govt Primary  School, DanaColony.",Jatti Pind,026020302,,,,403,335,738,,,
"",,Darri,026020201,,,,156,134,290,,,
"",,Chapper,026020202,,,,65,57,122,,,
"",,Jora Pind,026020203,,,,0,1,1,,,
"",,Phuldar,026020204,,,,0,0,0,,,
"",,Baharukot,026020205,,,,0,0,0,,,
"",,Panyala,026020206,,,,0,1,1,,,
"",Total:,,,,,,624,528,1152,2,2,4
94,"Govt High School, Jatti Pind.",Jatti Pind,026020304,,,,905,784,1689,,,
"",Total:,,,,,,905,784,1689,2,2,4
95,"Govt Primary School, SumbalNegir.","Jatti Pind(SumbalNegir)",026020303,,,,427,376,803,,,
Total:,,,,,,427,376,803,1,1,2,
"Govt High School, Kaag.(Male)",Kaag,026020305,,,,362,0,362,,,,
"",,Kaag,026020306,,,,720,0,720,,,
"",,Kaag,026020313,,,,470,0,470,,,
"",Total:,,,,,,1552,0,1552,4,0,4
97,Govt Girls High School Kaag (Fe,"Kaagale)",026020305,,,,0,302,302,,,
"",,Kaag,026020306,,,,0,574,574,,,
"",,Kaag,026020313,,,,0,412,412,,,
"",Total:,,,,,,0,1288,1288,4,0,4
98,"Govt Primary School, BhanGharham.",Jatti Pind,026020301,,,,856,675,1531,,,
"",,Daragri,026020312,,,,0,0,0,,,
"",Total:,,,,,,856,675,1531,2,2,4
99,"Govt High School, Alloli.",Alloli,026020307,,,,535,452,987,,,
"",Total:,,,,,,535,452,987,2,1,3
100,"Govt High School, Alloli.",Alloli,026020308,,,,523,439,962,,,
"",Total:,,,,,,523,439,962,2,1,3
101,"Govt Primary School, Alloli.",Alloli,026020309,,,,309,277,586,,,
"",,Alloli,026020311,,,,411,322,733,,,
"",Total:,,,,,,720,599,1319,2,2,4
102,"Govt Girls Primary School,Alloli.",Alloli,026020310,,,,701,656,1357,,,
Total:,,,,,,701,656,1357,2,2,4,
103,"Govt Girls Primary School, PindHashim Khan.(Male)",Pind Hashim Khan,026020401,,,,283,0,283,,,
"",,Pind Hashim Khan,026020403,,,,253,0,253,,,
"",,Pind Hashim Khan,026020407,,,,181,0,181,,,
"",,Pind Hashim Khan,026020409,,,,241,0,241,,,
"",Total:,,,,,,958,0,958,3,0,3
104,"Govt Girls Primary School, PindHashim Khan.(Female)",Pind Hashim Khan,026020401,,,,0,209,209,,,
"",,Pind Hashim Khan,026020403,,,,0,180,180,,,
"",,Pind Hashim Khan,026020407,,,,0,172,172,,,
"",,Pind Hashim Khan,026020409,,,,0,214,214,,,
"",Total:,,,,,,0,775,775,0,2,2
105,"Govt Primary School, PindHashim Khan.",Pind Hashim Khan,026020402,,,,381,331,712,,,
"",,Pind Hashim Khan,026020408,,,,269,209,478,,,
"",Total:,,,,,,650,540,1190,2,2,4
106,"Govt Girls Primary School,Neelore Maira.",Teer,026020404,,,,239,208,447,,,
"",Teer,026020410,,,,259,225,484,,,,
"",Teer,026020411,,,,188,168,356,,,,
Total:,,,,,,686,601,1287,2,2,4,
"Govt Girls Primary School,Teer.",Teer,026020405,,,,356,315,671,,,,
"",Teer,026020406,,,,187,151,338,,,,
"",,Teer,026020412,,,,277,224,501,,,
"",Total:,,,,,,820,690,1510,2,2,4
108,"Basic Health Unit, Mankarai.",Mankarai.,026020502,,,,418,322,740,,,
"",,Mankarai.,026020503,,,,386,371,757,,,
"",Total:,,,,,,804,693,1497,2,2,4
109,"Govt Girls Primary School,Mankarai.",Mankarai.,026020501,,,,81,50,131,,,
"",,Mankarai.,026020504,,,,277,256,533,,,
"",,Mankarai.,026020505,,,,193,163,356,,,
"",,Mankarai.,026020519,,,,26,21,47,,,
"",Total:,,,,,,577,490,1067,2,2,4
110,"Govt Middle School,Mankarai.",Mankarai.,026020506,,,,162,139,301,,,
"",,Mankarai.,026020507,,,,202,197,399,,,
"",,Mankarai.,026020508,,,,387,335,722,,,
"",,Mankarai.,026020520,,,,28,39,67,,,
"",Total:,,,,,,779,710,1489,2,2,4
111,"Govt Primary School,MohraMamdoo. (Male)",Mohra Mamdoo,026020509,,,,467,0,467,,,
"",Mohra Mamdoo,026020510,,,,148,0,148,,,,
"",Mohra Mamdoo,026020517,,,,269,0,269,,,,
Total:,,,,,,884,0,884,3,0,3,
112,"Govt  Girls PrimarySchool,Mohra",Mohra Mamdoo,026020509,,,,0,377,377,,,
"",,Mohra Mamdoo,026020510,,,,0,133,133,,,
"",,Mohra Mamdoo,026020517,,,,0,223,223,,,
"",Total:,,,,,,0,733,733,0,2,2
113,"Govt High School,Pharalla.(Male)",Pharalla,026020511,,,,726,0,726,,,
"",,Pharalla,026020512,,,,382,0,382,,,
"",,Pharalla,026020513,,,,287,0,287,,,
"",,Pharalla,026020518,,,,219,0,219,,,
"",Total:,,,,,,1614,0,1614,4,0,4
114,"Govt Girls Middle School,Pharalla. (Female)",Pharalla,026020511,,,,0,670,670,,,
"",,Pharalla,026020512,,,,0,364,364,,,
"",,Pharalla,026020513,,,,0,221,221,,,
"",,Pharalla,026020518,,,,0,213,213,,,
"",Total:,,,,,,0,1468,1468,0,4,4
115,"Govt Primary School,Khaka.",Khaka,026020514,,,,349,317,666,,,
"",Khaka,026020515,,,,305,252,557,,,,
"",Khaka,026020516,,,,193,166,359,,,,
Total:,,,,,,847,735,1582,2,2,4,
"Govt High School, Sarai NiamatKhan.",Sarai Niamat Khan,026021301,,,,499,456,955,,,,
"",Total:,,,,,,499,456,955,2,1,3
117,"Govt High School, Sarai NiamatKhan.",Sarai Niamat Khan,026021302,,,,755,664,1419,,,
"",Total:,,,,,,755,664,1419,2,2,4
118,"Rural Health Center, SaraiNiamat Khan.",Sarai Niamat Khan,026021303,,,,560,395,955,,,
"",Total:,,,,,,560,395,955,2,1,3
119,"Rural Health Center, SaraiNiamat Khan.",Sarai Niamat Khan,026021304,,,,386,333,719,,,
"",,Sarai Niamat Khan,026021310,,,,189,173,362,,,
"",Total:,,,,,,575,506,1081,2,2,4
120,"Govt Primary School, BandaMunir Khan.",Banda Munir Khan,026021305,,,,696,587,1283,,,
"",Total:,,,,,,696,587,1283,2,2,4
121,"Govt Girls Primary School, Band","Banda Munir KhanMunir Khan.",026021306,,,,564,464,1028,,,
"",Total:,,,,,,564,464,1028,2,1,3
122,"Govt Primary School, Talhad.(Male)",Talhad,026021307,,,,492,0,492,,,
"",Talhad,026021311,,,,179,0,179,,,,
"",Talhad,026021312,,,,325,0,325,,,,
Total:,,,,,,996,0,996,3,0,3,
"Govt Girls Primary School,Talhad. Female)",Talhad,026021307,,,,0,396,396,,,,
"",Talhad,026021311,,,,0,201,201,,,,
"",Talhad,026021312,,,,0,250,250,,,,
"",Total:,,,,,,0,847,847,0,3,3
124,"Govt Primary School, DharamPani.",Sarrian Dharam Pani,026021308,,,,676,589,1265,,,
"",Total:,,,,,,676,589,1265,2,2,4
125,"Govt Middle School, SarrianDharam Pani.",Sarrian Dharam Pani,026021309,,,,354,299,653,,,
"",,Sarrian Dharam Pani,026021313,,,,394,292,686,,,
"",Total:,,,,,,748,591,1339,2,2,4
126,"Govt Middle School, Bandi Mian",KPiarnddadal.,026021401,,,,308,195,503,,,
"",,Bandi Pirdad,026021407,,,,335,294,629,,,
"",,Bandi Pirdad,026021408,,,,168,146,314,,,
"",Total:,,,,,,811,635,1446,2,2,4
127,"Govt Primary School, Bayan Ah",Bada yAalni AKhmana.d Ali Kha,026021402,,,,380,370,750,,,
"",,Bayan Ahmad Ali Kha,026021403,,,,288,279,567,,,
"",Total:,,,,,,668,649,1317,2,2,4
128,"Govt Primary School, Bandi Mia",B Painrdai dP.irdad,026021406,,,,753,580,1333,,,
"",Total:,,,,,,753,580,1333,2,2,4
129,"Govt High School,Noorpur.(Mal",)Noorpur Paswal,026021410,,,,462,0,462,,,
"",Noorpur Paswal,026021412,,,,340,0,340,,,,
"",Noorpur Paswal,026021415,,,,236,0,236,,,,
Total:,,,,,,1038,0,1038,3,0,3,
130,"Govt High School,Noorpur.(Fem",Nleo)orpur Paswal,026021410,,,,0,366,366,,,
"",,Noorpur Paswal,026021412,,,,0,291,291,,,
"",,Noorpur Paswal,026021415,,,,0,174,174,,,
"",Total:,,,,,,0,831,831,0,3,3
131,"Govt Primary School, Noorpur.",Noorpur Paswal,026021411,,,,696,560,1256,,,
"",Total:,,,,,,696,560,1256,2,2,4
132,"Govt Girls Primary School, Shin",rSi.hingri,026021404,,,,360,324,684,,,
"",Total:,,,,,,360,324,684,1,1,2
133,"Govt Primary School, Karach.",Shingri,026021405,,,,400,321,721,,,
"",Total:,,,,,,400,321,721,1,1,2
134,"Govt Girls Middle School, Pasw",lN. oorpur Paswal,026021409,,,,324,271,595,,,
"",,Noorpur Paswal,026021413,,,,104,87,191,,,
"",,Noorpur Paswal,026021414,,,,138,139,277,,,
"",Total:,,,,,,566,497,1063,2,2,4
135,"Govt Girls Middle School,Magri.",Magri,026021608,,,,389,316,705,,,
"",Magri,026021611,,,,253,175,428,,,,
Total:,,,,,,642,491,1133,2,2,4,
"Govt High School, Pind HashimKhan. (Male)",Nartopa,026021601,,,,693,0,693,,,,
"",Nartopa,026021602,,,,441,0,441,,,,
"",Total:,,,,,,1134,0,1134,3,0,3
137,"Govt Primary School, Nartopa.(Female)",Nartopa,026021601,,,,0,577,577,,,
"",,Nartopa,026021602,,,,0,400,400,,,
"",Total:,,,,,,0,977,977,0,3,3
138,"Govt High School, Pind HashimKhan.",Nartopa,026021603,,,,293,264,557,,,
"",,Nartopa,026021610,,,,443,353,796,,,
"",Total:,,,,,,736,617,1353,2,2,4
139,"Govt Primary School, Pharari.(Male)",Pharari,026021604,,,,603,0,603,,,
"",,Pharari,026021606,,,,342,0,342,,,
"",,Pharari,026021607,,,,361,0,361,,,
"",Total:,,,,,,1306,0,1306,4,0,4
140,"Govt Girls Primary School,Pharari. (Female)",Pharari,026021604,,,,0,570,570,,,
"",,Pharari,026021606,,,,0,298,298,,,
"",,Pharari,026021607,,,,0,403,403,,,
"",Total:,,,,,,0,1271,1271,0,4,4
141,"Govt Primary School, Chapri.",Pharari,026021605,,,,581,507,1088,,,
"",Rakh Sarkar,026021609,,,,0,0,0,,,,
Total:,,,,,,581,507,1088,2,2,4,
"Govt Primary School, Bajeeda.",Bajeeda Jogi Mohra,026020603,,,,524,484,1008,,,,
"",Total:,,,,,,524,484,1008,1,1,2
143,"Govt Primary School, JogiMohra.",Bajeeda Jogi Mohra,026020604,,,,523,434,957,,,
"",Total:,,,,,,523,434,957,1,1,2
144,"Govt Primary School, Jama.",Jama,026020606,,,,319,289,608,,,
"",,Baseera,026020607,,,,0,0,0,,,
"",,Jama,026020608,,,,410,344,754,,,
"",Total:,,,,,,729,633,1362,2,2,4
145,"Govt Primary School,Sikandarpur. (Male)",Sikandarpur,026010104,,,,598,0,598,,,
"",,Sikandarpur,026010108,,,,786,0,786,,,
"",Total:,,,,,,1384,0,1384,4,0,4
146,"Govt Girls Primary School,Sikandarpur. (Female)",Sikandarpur,026010104,,,,0,621,621,,,
"",,Sikandarpur,026010108,,,,0,594,594,,,
"",Total:,,,,,,0,1215,1215,0,4,4
147,"District Director ExtensionAgriculture Office, Haripur.",Sikandarpur,026010105,,,,728,668,1396,,,
"",Total:,,,,,,728,668,1396,2,2,4
148,"Office of XEN PublicHealth,Haripur. (Male)",Haripur,026010101,,,1-1369,1369,0,1369,,,
"",Total:,,,,,,1369,0,1369,4,0,4
149,"Office of XEN PublicHealth,Haripur. (Male)",Haripur,026010101,,,1370-2737,1368,0,1368,,,
Total:,,,,,,1367,0,1368,4,0,4,
150,"Office of UnionCouncil,Sikandarpur. (Female)",Haripur,026010101,,,1-1370,0,1370,,,,
"",Total:,,,,,,0,1370,1370,0,4,4
151,"Office of UnionCouncil,Sikandarpur. (Female)",Haripur,026010101,,,1371-2439,0,1069,1069,,,
"",Total:,,,,,,0,1069,1069,0,3,3
152,"Office of Presiding OfficerLabour Court, Haripur.",Sikandarpur,026010106,,,,510,404,914,,,
"",Total:,,,,,,510,404,914,2,2,4
153,"Govt Girls Primary School,Pandak. (Female)",Pandak,026010201,,,,0,321,321,,,
"",Total:,,,,,,0,321,321,0,1,1
154,"Govt Primary School, Pandak.(Male)",Pandak,026010201,,,,335,0,335,,,
"",Total:,,,,,,335,0,335,1,0,1
155,"Govt Girls Primary SchoolNo.2,Soka Pandak. (Male)",Pandak,026010202,,,,440,0,440,,,
"",Total:,,,,,,440,0,440,1,0,1
156,"Govt Girls Primary SchoolNo.2,Soka Pandak. (Female)",Pandak,026010202,,,,0,385,385,,,
"",Total:,,,,,,0,385,385,0,1,1
157,"Govt Girls Middle School,Talokar.",Talokar,026010210,,,,405,348,753,,,
"",Talokar,026010211,,,,381,299,680,,,,
Total:,,,,,,786,647,1433,0,4,4,
"Govt Primary School,Talokar.(Male)",Talokar,026010208,,,,292,0,292,,,,
"",Talokar,026010215,,,,367,0,367,,,,
"",Total:,,,,,,659,0,659,2,0,2
159,"Govt Girls Primary School,Talokar. (Female)",Talokar,026010208,,,,0,290,290,,,
"",,Talokar,026010215,,,,0,288,288,,,
"",Total:,,,,,,0,578,578,0,2,2
160,"Govt Girls Middle School,Talokar.(Male)",Talokar,026010209,,,,538,0,538,,,
"",,Talokar,026010216,,,,570,0,570,,,
"",Total:,,,,,,1019,0,1019,3,0,3
161,"Govt Girls Middle School,Talokar. (Female)",Talokar,026010209,,,,0,493,493,,,
"",,Talokar,026010216,,,,0,464,464,,,
"",Total:,,,,,,0,858,858,0,3,3
162,"Govt Primary School, GehrKhan. (Male)",Gehr Khan,026010213,,,,629,0,629,,,
"",,Gehr Khan,026010214,,,,341,0,341,,,
"",Total:,,,,,,970,0,970,3,0,3
163,Govt Girls Primary School  Gehr,"Gehr KhanKhan (Female)",026010213,,,,0,584,584,,,
"",Gehr Khan,026010214,,,,0,290,290,,,,
Total:,,,,,,0,874,874,0,3,3,
"Govt Post Graduate College,Haripur. (Male)",Darwesh,026010301,,,,255,0,255,,,,
"",Bhand,026010308,,,,454,0,454,,,,
"",Darwesh,026010309,,,,61,0,61,,,,
"",,Darwesh,026010310,,,,588,0,588,,,
"",,Darwesh,026010311,,,,18,0,18,,,
"",Total:,,,,,,709,0,709,2,0,2
165,"Govt Post Graduate College,Haripur. (Female)",Darwesh,026010301,,,,0,217,217,,,
"",,Bhand,026010308,,,,0,357,357,,,
"",,Darwesh,026010309,,,,0,34,34,,,
"",,Darwesh,026010310,,,,0,501,501,,,
"",,Darwesh,026010311,,,,0,65,65,,,
"",Total:,,,,,,0,1174,1174,0,4,4
166,"Govt High School, Darwesh.(Male)",Darwesh,026010303,,,,112,0,112,,,
"",,Darwesh,026010306,,,,307,0,307,,,
"",,Darwesh,026010314,,,,421,0,421,,,
"",,Darwesh,026010312,,,,0,0,0,,,
"",Total:,,,,,,840,0,840,3,0,3
167,"Govt High School, Darwesh.(Female)",Darwesh,026010303,,,,0,79,79,,,
"",Darwesh,026010306,,,,0,297,297,,,,
"",Darwesh,026010314,,,,0,362,362,,,,
"",Darwesh,026010312,,,,0,0,0,,,,
Total:,,,,,,0,738,738,0,2,2,
168,"Govt Primary School, Darwesh(Moh: Khajuran).",Darwesh,026010307,,,,706,593,1299,,,
"",Total:,,,,,,706,593,1299,2,2,4
169,"Govt Primary School, Mohra,Ali Khan.(Male)",Ali Khan,026010401,,,,698,0,698,,,
"",,Ali Khan,026010402,,,,405,0,405,,,
"",,Ali Khan,026010403,,,,306,0,306,,,
"",Total:,,,,,,1409,0,1409,4,0,4
170,"Govt Girls Primary School,  AliKhan.(Female)",Ali Khan,026010401,,,,0,613,613,,,
"",,Ali Khan,026010402,,,,0,318,318,,,
"",,Ali Khan,026010403,,,,0,233,233,,,
"",Total:,,,,,,0,1164,1164,0,4,4
171,"Govt Primary School, Maira Ali","Ali Khanhan.",026010404,,,,707,541,1248,,,
"",Total:,,,,,,707,541,1248,2,2,4
172,"Govt Primary School, Moonan.(Male)",Moonan,026010413,,,,745,0,745,,,
"",,Moonan,026010414,,,,104,0,104,,,
"",Total:,,,,,,849,0,849,3,0,3
173,Govt Girls Primary School Moon,"Moonann.(Female)",026010413,,,,0,632,632,,,
"",Moonan,026010414,,,,0,74,74,,,,
Total:,,,,,,0,706,706,0,2,2,
"Govt Primary School, ShahMuhammad.",Shah Muhammad,026010405,,,,326,284,610,,,,
"",,Shah Muhammad,026010406,,,,126,92,218,,,
"",,Shah Muhammad,026010407,,,,107,112,219,,,
"",,Shah Muhammad,026010408,,,,57,45,102,,,
"",,Shah Muhammad,026010409,,,,144,118,262,,,
"",Total:,,,,,,760,651,1411,2,2,4
175,"Govt Primary School,CheckShah Muhammad.","Check ShahMuhammad",026010415,,,,343,258,601,,,
"",Total:,,,,,,343,258,601,1,1,2
176,"Govt Primary School,Muradabad. (Male)",Muradabad,026010410,,,,241,0,241,,,
"",,Muradabad,026010411,,,,367,0,367,,,
"",,Muradabad,026010412,,,,340,0,340,,,
"",Total:,,,,,,948,0,948,3,0,3
177,"Govt Girls Primary School, Mura","Muradabadabad (Female)",026010410,,,,0,188,188,,,
"",,Muradabad,026010411,,,,0,285,285,,,
"",,Muradabad,026010412,,,,0,287,287,,,
"",Total:,,,,,,0,760,760,0,2,2
178,"Basic Health Unit, Sarai Saleh(Male).",Sarai Saleh,026010501,,,,499,0,499,,,
"",Sarai Saleh,026010502,,,,395,0,395,,,,
"",Sarai Saleh,026010511,,,,740,0,740,,,,
Total:,,,,,,1634,0,1634,4,0,4,
179,"Basic Health Unit, Sarai Saleh(Female).",Sarai Saleh,026010501,,,,0,498,498,,,
"",,Sarai Saleh,026010502,,,,0,367,367,,,
"",,Sarai Saleh,026010511,,,,0,563,563,,,
"",Total:,,,,,,0,1428,1428,0,4,4
180,"Govt Primary School, Sarai Sale","Sarai Saleh.",026010503,,,,200,196,396,,,
"",,Sarai Saleh,026010512,,,,397,314,711,,,
"",Total:,,,,,,597,510,1107,2,2,4
181,"Govt  Girls Primary School,Sarai Saleh.",Sarai Saleh,026010504,,,,475,781,1256,,,
"",,Sarai Saleh,026010513,,,,182,140,322,,,
"",Total:,,,,,,657,921,1578,2,2,4
182,"Govt  Primary School, Gar",Gar,026010509,,,,190,171,361,,,
"",,Gar,026010510,,,,211,146,357,,,
"",Total:,,,,,,401,317,718,1,1,2
183,"Govt High School, SaraiSaleh.(Male)",Sarai Saleh,026010505,,,,889,0,889,,,
"",Total:,,,,,,889,0,889,3,0,3
184,"Govt High School, SaraiSaleh.(Female)",Sarai Saleh,026010505,,,,0,752,752,,,
"",Total:,,,,,,0,752,752,0,2,2
185,"Govt Girls Primary School No.2,Sarai Saleh.(Male)",Sarai Saleh,026010506,,,,983,0,983,,,
Total:,,,,,,983,0,983,3,0,3,
""
186,"Govt Girls Primary School No.2,Sarai Saleh.(Female)",Sarai Saleh,026010506,,,,0,773,773,,,
"",Total:,,,,,,0,773,773,0,2,2
187,"Govt High School, Sarai Saleh.",Sarai Saleh,026010507,,,,257,204,461,,,
"",,Sarai Saleh,026010508,,,,98,64,162,,,
"",,Sarai Saleh,026010514,,,,362,284,646,,,
"",,Sarai Saleh,026010515,,,,124,82,206,,,
"",Total:,,,,,,841,634,1475,2,2,4
188,"Govt Girls Primary School,Maqsood.(Male)",Maqsood,026010601,,,,380,0,380,,,
"",,Maqsood,026010602,,,,333,0,333,,,
"",,Maqsood,026010614,,,,306,0,306,,,
"",Total:,,,,,,1019,0,1019,3,0,3
189,Govt Primary  School Maqsood (,"Maqsoodemale)",026010601,,,,0,364,364,,,
"",,Maqsood,026010602,,,,0,248,248,,,
"",,Maqsood,026010614,,,,0,237,237,,,
"",Total:,,,,,,0,849,849,0,3,3
190,"Govt Primary School, Maira Too","Maira Toot.",026010603,,,,169,187,356,,,
Total:,,,,,,169,187,356,1,1,2,
"Govt Primary School, ThandaChoa.",Thanda Choa,026010607,,,,434,369,803,,,,
"",Thanda Choa,026010617,,,,287,209,496,,,,
"",,Thanda Choa,026010618,,,,135,136,271,,,
"",Total:,,,,,,856,714,1570,2,2,4
192,"Govt Primary School, Gheba.",Gheba,026010604,,,,543,348,891,,,
"",,Gheba,026010615,,,,379,297,676,,,
"",Total:,,,,,,922,645,1567,2,2,4
193,"Govt Girls Primary School,Kalawan. (Male)",Kalawan,026010605,,,,532,0,532,,,
"",,Kalawan,026010606,,,,135,0,135,,,
"",,Kalawan,026010616,,,,221,0,221,,,
"",Total:,,,,,,888,0,888,3,0,3
194,"Govt Girls Primary School,Kalawan. (Female)(Mohra",Kalawan,026010605,,,,0,422,422,,,
"",,Kalawan,026010606,,,,0,69,69,,,
"",,Kalawan,026010616,,,,0,208,208,,,
"",Total:,,,,,,0,699,699,0,2,2
195,"Govt Primary School, Nikka Pah.",Nikka Pah,026010611,,,,332,269,601,,,
"",Total:,,,,,,332,269,601,1,1,2
196,"Govt Primary School, AkhoonBandi (Male).",Akhoon Bandi,026010612,,,,384,0,384,,,
"",Akhoon Bandi,026010613,,,,492,0,492,,,,
Total:,,,,,,876,0,876,3,0,3,
"Govt: Girls Primary School, Akh","Akhoon Bandion Bandi (Female).",026010612,,,,0,306,306,,,,
"",,Akhoon Bandi,026010613,,,,0,402,402,,,
"",Total:,,,,,,0,708,708,0,2,2
198,"Govt Primary School, Mohri.",Mohri,026010608,,,,396,328,724,,,
"",,Mohri,026010619,,,,135,125,260,,,
"",Total:,,,,,,531,453,984,2,1,3
199,"Govt Primary School,CheckMohri (Male).",Mohri,026010609,,,,442,0,442,,,
"",,Mohri,026010610,,,,157,0,157,,,
"",,Mohri,026010620,,,,122,0,122,,,
"",,Mohri,026010621,,,,164,0,164,,,
"",,Mohri,026010622,,,,163,0,163,,,
"",Total:,,,,,,1048,0,1048,3,0,3
200,"Govt Girls Primary School, Chec","MohriMohri  (Female).",026010609,,,,0,413,413,,,
"",,Mohri,026010610,,,,0,117,117,,,
"",,Mohri,026010620,,,,0,112,112,,,
"",,Mohri,026010621,,,,0,89,89,,,
"",,Mohri,026010622,,,,0,148,148,,,
"",Total:,,,,,,0,879,879,0,3,3
201,"Govt Girls MiddleSchool,Rehana.",Rehana,026011004,,,,867,723,1590,,,
Total:,,,,,,867,723,1590,2,2,4,
202,"Govt Primary School, Chitri.",Chitri,026011008,,,,312,221,533,,,
"",,Bandi Sher Khan,026011009,,,,16,21,37,,,
"",,Barthal,026011010,,,,24,18,42,,,
"",,Bhuttri,026011011,,,,29,35,64,,,
"",Total:,,,,,,381,295,676,1,1,2
203,"Govt Girls Primary School,Koka.(Male)",Koka,026011006,,,,970,0,970,,,
"",,Ding,026011007,,,,525,0,525,,,
"",,Bhuttri,026011012,,,,19,0,19,,,
"",,Bhuttri,026011013,,,,15,0,15,,,
"",,Bhuttri,026011014,,,,14,0,14,,,
"",Total:,,,,,,1543,0,1543,4,0,4
204,"Govt Primary School, SumbalMohri.(Female)",Koka,026011006,,,,0,804,804,,,
"",,Ding,026011007,,,,0,422,422,,,
"",,Bhuttri,026011012,,,,0,11,11,,,
"",,Bhuttri,026011013,,,,0,19,19,,,
"",,Bhuttri,026011014,,,,0,10,10,,,
"",Total:,,,,,,0,1226,1226,0,4,4
205,"Govt Girls High School,Chappara. (Male)",Pirkot Kotha,026011005,,,,1078,0,1078,,,
Total:,,,,,,1078,0,1078,3,0,3,
206,"Govt Girls High School,Chappara.(Female)",Pirkot Kotha,026011005,,,,0,939,939,,,
"",Total:,,,,,,0,939,939,0,3,3
207,"Govt High School, Noordi.(Male)",Noordi,026011001,,,,476,0,476,,,
"",,Noordi,026011002,,,,445,0,445,,,
"",Total:,,,,,,921,0,921,3,0,3
208,"Govt Girls High School, Noordi.(Female)",Noordi,026011001,,,,0,435,435,,,
"",,Noordi,026011002,,,,0,339,339,,,
"",Total:,,,,,,0,774,774,0,2,2
209,"Govt High School, Noordi.(Male)",Noordi,026011003,,,,1046,0,1046,,,
"",Total:,,,,,,1046,0,1046,3,0,3
210,"Govt Girls High School, Noordi.(Female)",Noordi,026011003,,,,0,905,905,,,
"",Total:,,,,,,0,905,905,0,3,3
211,"Govt PrimarySchool,Malkyar(Male)",Malkyar,026011401,,,,185,0,185,,,
"",Malkyar,026011407,,,,102,0,102,,,,
"",Malkyar,026011408,,,,560,0,560,,,,
Total:,,,,,,847,0,847,3,0,3,
"Govt Primary School,Malkyar.(Female)",Malkyar,026011401,,,,0,445,445,,,,
"",Malkyar,026011407,,,,0,87,87,,,,
"",Malkyar,026011408,,,,0,244,244,,,,
"",Total:,,,,,,0,776,776,0,2,2
213,"Govt Girls Primary School,Malkyar. (Male)",Malkyar,026011402,,,,768,0,768,,,
"",,Malkyar,026011403,,,,452,0,452,,,
"",,Malkyar,026011409,,,,195,0,195,,,
"",Total:,,,,,,1415,0,1415,4,0,4
214,"Govt Girls Primary School,Malkyar. (Female)",Malkyar,026011402,,,,0,690,690,,,
"",,Malkyar,026011403,,,,0,351,351,,,
"",,Malkyar,026011409,,,,0,145,145,,,
"",Total:,,,,,,0,1186,1186,0,4,4
215,"Govt Primary School,MakhanColony.(Male)",Sikandarpur,026010102,,,,572,0,572,,,
"",,Sikandarpur,026010107,,,,713,0,713,,,
"",Total:,,,,,,1285,0,1285,4,0,4
216,"Govt Primary School,MakhanColony.(Female)",Sikandarpur,026010102,,,,0,521,521,,,
"",,Sikandarpur,026010107,,,,0,470,470,,,
"",Total:,,,,,,0,991,991,0,3,3
217,"Basic Health Unit, Dheri Sikanda","Sikandarpurpur.",026010103,,,,560,478,1038,,,
Total:,,,,,,560,478,1038,2,2,4,
"Govt Primary School, DheriSikandarpur.(Male)",Dheri,026011404,,,,227,0,227,,,,
"",Dheri,026011405,,,,419,0,419,,,,
"",,Dheri,026011406,,,,281,0,281,,,
"",,Dheri,026011410,,,,313,0,313,,,
"",Total:,,,,,,1240,0,1240,4,0,4
219,"Govt Primary School, DheriSikandarpur. (Female)",Dheri,026011404,,,,0,181,181,,,
"",,Dheri,026011405,,,,0,390,390,,,
"",,Dheri,026011406,,,,0,204,204,,,
"",,Dheri,026011410,,,,0,239,239,,,
"",Total:,,,,,,0,1014,1014,0,3,3
220,"Govt Girls Primary School,Changi Bandi.",Changi Bandi,026011701,,,,459,332,791,,,
"",Total:,,,,,,459,332,791,2,1,3
221,Govt Girls Primary School Chan,"Changi Bandii Bandi",026011702,,,,530,453,983,,,
"",Total:,,,,,,530,453,983,2,1,3
222,"Govt High School, ChangiBandi. (Male)",Changi Bandi,026011705,,,,396,0,396,,,
"",Changi Bandi,026011706,,,,161,0,161,,,,
"",Changi Bandi,026011707,,,,176,0,176,,,,
"",Changi Bandi,026011708,,,,115,0,115,,,,
Total:,,,,,,848,0,848,3,0,3,
"Govt High School, ChangiBandi. (Female)",Changi Bandi,026011705,,,,0,315,315,,,,
"",Changi Bandi,026011706,,,,0,89,89,,,,
"",,Changi Bandi,026011707,,,,0,152,152,,,
"",,Changi Bandi,026011708,,,,0,82,82,,,
"",Total:,,,,,,0,638,638,0,2,2
224,"Govt Primary School, ChangiBandi.",Changi Bandi,026011703,,,,515,438,953,,,
"",Total:,,,,,,515,438,953,2,2,4
225,"Govt Primary School, ChangiBandi.",Changi Bandi,026011704,,,,419,315,734,,,
"",Total:,,,,,,419,315,734,1,1,2
226,"Govt High School, Kahal.(Male)",Kahal,026011805,,,,232,0,232,,,
"",Kahal,026011806,,,,400,0,400,,,,
"",Kahal,026011807,,,,348,0,348,,,,
"",Kahal,026011808,,,,152,0,152,,,,
"",Kahal,026011809,,,,283,0,283,,,,
"",Check Talokar,026011812,,,,19,0,19,,,,
Total:,,,,,,1434,0,1434,4,0,4,
"Govt High School, Kahal.(Female)",Kahal,026011805,,,,0,203,203,,,,
"",Kahal,026011806,,,,0,371,371,,,,
"",Kahal,026011807,,,,0,311,311,,,,
"",Kahal,026011808,,,,0,152,152,,,,
"",Kahal,026011809,,,,0,239,239,,,,
"",,Check Talokar,026011812,,,,0,12,12,,,
"",Total:,,,,,,0,1288,1288,0,4,4
228,"Govt Primary School, Pind Jamal","Pind Jamal KhanKhan.",026011810,,,,677,551,1228,,,
"",Total:,,,,,,677,551,1228,2,2,4
229,"Govt Primary School, Kamalpur.",Kamalpur,026011811,,,,482,433,915,,,
"",Total:,,,,,,482,433,915,2,1,3
230,"Govt Primary School, Mirpur.(Male)",Mirpur,026011801,,,,325,0,325,,,
"",,Mirpur,026011802,,,,364,0,364,,,
"",,Mirpur,026011803,,,,620,0,620,,,
"",,Mirpur,026011804,,,,129,0,129,,,
"",Total:,,,,,,1438,0,1438,4,0,4
231,"Govt Girls Primary School,Mirpur. (Female)",Mirpur,026011801,,,,0,272,272,,,
"",Mirpur,026011802,,,,0,381,381,,,,
"",Mirpur,026011803,,,,0,545,545,,,,
"",Mirpur,026011804,,,,0,108,108,,,,
Total:,,,,,,0,1306,1306,0,4,4,
"",,,,,,,,,,,,
1,"Govt Primary  School, Tofkian (Male)",Tofkian,026030501,,,,293,0,293,,,
"",,Mirpur,026030502,,,,287,0,287,,,
"",,Tofkian,026030517,,,,241,0,241,,,
"",,Mirpur,026030518,,,,643,0,643,,,
"",Total:,,,,,,1464,0,1464,4,0,4
2,"Govt Girls Primary School,Tofkian(Female)",Tofkian,026030501,,,,0,178,178,,,
"",Mirpur,026030502,,,,0,282,282,,,,
"",Tofkian,026030517,,,,0,225,225,,,,
"",Mirpur,026030518,,,,0,625,625,,,,
Total:,,,,,,0,1310,1310,0,4,4,
"Govt Primary School, Pind Gakhra (Male)",Pind Gakhra,026030503,,,,176,0,176,,,,
"",,Pind Gakhra,026030504,,,,210,0,210,,,
"",,Pind Gakhra,026030505,,,,138,0,138,,,
"",,Pind Gakhra,026030506,,,,508,0,508,,,
"",Total:,,,,,,1032,0,1032,3,0,3
4,"Govt Girls  Primary School, Pind Gakhra(Female)",Pind Gakhra,026030503,,,,0,144,144,,,
"",,Pind Gakhra,026030504,,,,0,181,181,,,
"",,Pind Gakhra,026030505,,,,0,109,109,,,
"",,Pind Gakhra,026030506,,,,0,434,434,,,
"",Total:,,,,,,0,868,868,0,3,3
5,"Govt Primary School, Kotha.",Gherian,026030507,,,,327,225,552,,,
"",,Kotha,026030509,,,,280,234,514,,,
"",Total:,,,,,,607,459,1066,2,2,4
6,"Govt Girls Primary School, Sultanpur.",Sultanpur,026030508,,,,566,495,1061,,,
"",Total:,,,,,,566,495,1061,2,2,4
7,"Govt Primary School, Mumrial.(Male)",Mumrial,026030516,,,,516,0,516,,,
"",,Mumrial,026030520,,,,548,0,548,,,
"",Total:,,,,,,1064,0,1064,3,0,3
8,"Govt Primary School, Mumrial. (Female)",Mumrial,026030516,,,,0,486,486,,,
"",Mumrial,026030520,,,,0,436,436,,,,
Total:,,,,,,0,922,922,0,3,3,
Rest House Nikray,Nikray,026030510,,,,236,188,424,,,,
"",Marchabad,026030511,,,,292,244,536,,,,
"",Total:,,,,,,528,432,960,2,1,3
10,"Govt Middle School, Jaulian (Male).",Jaulian,026030512,,,,701,0,701,,,
"",,Jaulian,026030514,,,,366,0,366,,,
"",Total:,,,,,,1067,0,1067,3,0,3
11,"Govt Middle School, Jaulian (Female).",Jaulian,026030512,,,,0,642,642,,,
"",,Jaulian,026030514,,,,0,334,334,,,
"",Total:,,,,,,0,976,976,0,3,3
12,"Govt Primery School, Jaulian (Male).",Jaulian,026030513,,,,309,0,309,,,
"",,Badalpur,026030515,,,,152,0,152,,,
"",,Badalpur,026030519,,,,615,0,615,,,
"",Total:,,,,,,1076,0,1076,3,0,3
13,"Govt Primery School, Jaulian (Female).",Jaulian,026030513,,,,0,240,240,,,
"",,Badalpur,026030515,,,,0,132,132,,,
"",,Badalpur,026030519,,,,0,536,536,,,
"",Total:,,,,,,0,908,908,0,3,3
14,"Govt Primery School, Darra DadaShaheed","Khanpur/ DarraDada Shaheed",026030104,,,,804,708,1512,,,
"",Total:,,,,,,804,708,1512,2,2,4
15,"Govt Girls Higher Secondary School,Khanpur",Khanpur,026030105,,,,313,280,593,,,
"",Khanpur,026030109,,,,278,284,562,,,,
Total:,,,,,,591,564,1155,2,2,4,
"Govt High School, Khanpur (Male)",Khanpur,026030106,,,,1533,0,1533,,,,
"",Khanpur,026030110,,,,183,0,183,,,,
"",Total:,,,,,,1716,0,1716,4,0,4
17,"Govt High School, Khanpur (Male)",Khanpur,026030111,,,,573,0,573,,,
"",,Khanpur,026030112,,,,557,0,557,,,
"",Total:,,,,,,1130,0,1130,4,0,4
18,"Govt Girls Higher Secondary School,",Khanpur,026030106,,,,0,1639,1639,,,
"",,Khanpur,026030110,,,,0,221,221,,,
"",Total:,,,,,,0,1860,1860,0,4,4
19,"Govt Girls Higher Secondary School,Khanpur (Female)",Khanpur,026030111,,,,0,321,321,,,
"",,Khanpur,026030112,,,,0,559,559,,,
"",Total:,,,,,,0,880,880,0,3,3
20,"Govt Primary School, Kharala (Sap).",Kharala,026030101,,,,142,101,243,,,
"",,Pumbala,026030102,,,,101,75,176,,,
"",Total:,,,,,,243,176,419,1,1,2
21,"Govt Middle School, Khoi Maira (Male).",Khanpur,026030103,,,,957,0,957,,,
"",,Khanpur,026030107,,,,337,0,337,,,
"",,Khanpur,026030108,,,,233,0,233,,,
"",Total:,,,,,,1527,0,1527,4,0,4
22,"Govt Primary School, Khoi Maira(Female).",Khanpur,026030103,,,,0,824,824,,,
"",Khanpur,026030107,,,,0,279,279,,,,
"",Khanpur,026030108,,,,0,249,249,,,,
Total:,,,,,,0,1352,1352,0,4,4,
23,"Govt High School, Bhera(Male).",Bhera,026030401,,,,495,0,495,,,
"",,Chiti,026030403,,,,227,0,227,,,
"",,Dobandi,026030405,,,,368,0,368,,,
"",Total:,,,,,,1090,0,1090,3,0,3
24,"Govt High School, Bhera (Female).",Bhera,026030401,,,,0,425,425,,,
"",,Chiti,026030403,,,,0,198,198,,,
"",,Dobandi,026030405,,,,0,322,322,,,
"",Total:,,,,,,0,945,945,0,3,3
25,"Govt Girls Primary School, Tarnawa.",Nain Sukh,026030402,,,,179,155,334,,,
"",,Tarnawa,026030406,,,,344,368,712,,,
"",Total:,,,,,,523,523,1046,2,2,4
26,"Govt Primary School, Mohra Ghazan.",Mohra Ghazan,026030404,,,,426,334,760,,,
"",,Shohal,026030407,,,,44,36,80,,,
"",Total:,,,,,,470,370,840,2,1,3
27,"Govt High School, Choi(Male).",Choi,026030410,,,,266,0,266,,,
"",,Choi,026030411,,,,930,0,930,,,
"",Total:,,,,,,1196,0,1196,4,0,4
28,"Govt High School, Choi (Female).",Choi,026030410,,,,0,236,236,,,
"",,Choi,026030411,,,,0,806,806,,,
"",Total:,,,,,,0,1042,1042,0,3,3
29,Govt Primary School Choi,Kamalpur,026031205,,,,592,465,1057,,,
Total:,,,,,,592,465,1057,2,1,3,
"Govt Middle School, Saradhana",Saradhana,026030408,,,,380,309,689,,,,
"",,Saradhana,026030409,,,,323,235,558,,,
"",Total:,,,,,,703,544,1247,2,2,4
31,"Govt Primary School, Rani Wah.",Rani Wah,026031501,,,,480,418,898,,,
"",,Rani Wah,026031502,,,,294,246,540,,,
"",Total:,,,,,,774,664,1438,2,2,4
32,"Govt Primary School, Nazarabad.",Shadi,026031503,,,,450,342,792,,,
"",Total:,,,,,,450,342,792,2,1,3
33,"Govt Primary School, Shadi",Shadi,026031504,,,,372,287,659,,,
"",Total:,,,,,,372,287,659,1,1,2
34,"Govt Middle School, Shadi",Shadi,026031505,,,,586,462,1048,,,
"",Total:,,,,,,586,462,1048,2,2,4
35,Govt Priamry School Shadi,Shadi,026031506,,,,461,373,834,,,
"",,Shadi,026031507,,,,31,33,64,,,
"",Total:,,,,,,492,406,898,2,1,3
36,Govt High School Pind Gujran.,Suraj Gali/ Pind,026031508,,,,652,634,1286,,,
"",Total:,,,,,,652,634,1286,2,2,4
37,"Govt Primary School,Suraj Gali.",Suraj Gali,026031509,,,,307,284,591,,,
"",Total:,,,,,,307,284,591,1,1,2
38,"Govt Girls Primary School, Suraj Gali",Suraj Gali,026031510,,,,465,449,914,,,
Total:,,,,,,465,449,914,2,1,3,
"Basic Health Unit, Hattar",Hattar,026030201,,,,265,219,484,,,,
"",Hattar,026030202,,,,288,178,466,,,,
"",Hattar,026030210,,,,313,180,493,,,,
"",Total:,,,,,,866,577,1443,2,2,4
40,"Govt Girls High School, Hattar",Hattar,026030203,,,,743,606,1349,,,
"",Total:,,,,,,743,606,1349,2,2,4
41,"Govt High School, Hattar (Male)",Hattar,026030204,,,,822,0,822,,,
"",,Hattar,026030211,,,,640,0,640,,,
"",Total:,,,,,,1462,0,1462,4,0,4
42,"Govt High School, Hattar (female)",Hattar,026030204,,,,0,703,703,,,
"",,Hattar,026030211,,,,0,564,564,,,
"",Total:,,,,,,0,1267,1267,0,4,4
43,"Govt Primary School, Hattar",Hattar,026030205,,,,744,602,1346,,,
"",Total:,,,,,,744,602,1346,2,2,4
44,"Govt Primary School, VijjianMasoomabad.","BijjianMasoomabad",026030206,,,,201,147,348,,,
"",,Bijjian,026030207,,,,339,258,597,,,
"",Total:,,,,,,540,405,945,2,1,3
45,"Govt Primary School, Kamalpur.",Kamalpur,026030208,,,,337,245,582,,,
"",,Chek Kamalpur,026030209,,,,9,8,17,,,
"",Total:,,,,,,346,253,599,1,1,2
46,"Govt Higher Sceondary School, Bareela.",Bareela,026030301,,,,637,567,1204,,,
Total:,,,,,,637,567,1204,2,1,3,
"Govt Middle School,Qutba Dhak. (Male)",Bareela,026030302,,,,639,0,639,,,,
"",Bareela,026030303,,,,305,0,305,,,,
"",Total:,,,,,,944,0,944,3,0,3
48,"Govt Middle School,QutbaDhak.(Female)",Bareela,026030302,,,,0,578,578,,,
"",,Bareela,026030303,,,,0,241,241,,,
"",Total:,,,,,,0,819,819,0,3,3
49,"Govt Girls Higher Secondary School,Bandi Muneem.",Bareela,026030304,,,,656,571,1227,,,
"",Total:,,,,,,656,571,1227,2,2,4
50,"Govt Girls Primary School, Pind Muneem.",Bareela,026030305,,,,772,668,1440,,,
"",Total:,,,,,,772,668,1440,2,2,4
51,"Govt Girls Primary School, BandiMuneem.",Bandi Muneem,026030306,,,,346,328,674,,,
"",,Bandi Muneem,026030307,,,,230,203,433,,,
"",Total:,,,,,,576,531,1107,2,1,3
52,"Govt Primary School, Bandi Muneem.",Bandi Muneem,026030308,,,,582,496,1078,,,
"",Total:,,,,,,582,496,1078,2,1,3
53,"Govt Girls Middle School, Pind Muneem.",Check Bandi,026030309,,,,420,338,758,,,
"",Total:,,,,,,420,338,758,1,1,2
54,"Basic Health Unit, Khoi Nara. (Male)",Khoi Nara,026030310,,,,638,0,638,,,
"",,Khoi Nara,026030311,,,,306,0,306,,,
"",Total:,,,,,,944,0,944,3,0,3
55,"Basic Health Unit, Khoi Nara.(Female)",Khoi Nara,026030310,,,,0,614,614,,,
"",Khoi Nara,026030311,,,,0,253,253,,,,
Total:,,,,,,0,867,867,0,3,3,
"Govt Middle School, Khoi Nara.",Khoi Nara,026030312,,,,508,388,896,,,,
"",,Khoi Nara,026030313,,,,282,241,523,,,
"",Total:,,,,,,790,629,1419,2,2,4
57,"Govt High School, Najifpur(Male)",Dhunian,026031201,,,,361,0,361,,,
"",,Najijpur,026031207,,,,328,0,328,,,
"",,Najijpur,026031210,,,,281,0,281,,,
"",Total:,,,,,,970,0,970,3,0,3
58,Govt High School Najafpur (Female),Dhunian,026031201,,,,0,277,277,,,
"",,Najijpur,026031207,,,,0,315,315,,,
"",,Najijpur,026031210,,,,0,269,269,,,
"",Total:,,,,,,0,861,861,0,3,3
59,"Govt Primary School, Khoi Kaman",Khoi Kaman,026031204,,,,658,587,1245,,,
"",Total:,,,,,,658,587,1245,2,2,4
60,"Govt Primary School,Najifpur (Male)",Najijpur,026031208,,,,622,0,622,,,
"",,Najijpur,026031209,,,,281,0,281,,,
"",Total:,,,,,,903,0,903,3,0,3
61,"Govt Girls Primary School Najafpur(Female)",Najijpur,026031208,,,,0,507,507,,,
"",,Najijpur,026031209,,,,0,274,274,,,
"",Total:,,,,,,0,781,781,0,2,2
62,"Basic Health Unit, Dartian (Male)",Dartian,026031202,,,,1021,0,1021,,,
"",Taramkan,026031206,,,,134,0,134,,,,
Total:,,,,,,1155,0,1155,4,0,4,
Govt Primary School Dartian (Female),Dartian,026031202,,,,0,812,812,,,,
"",Taramkan,026031206,,,,0,60,60,,,,
"",Total:,,,,,,0,872,872,0,2,2
64,"Govt Middle School, Babotri",Bobatori,026031203,,,,771,646,1417,,,
"",Total:,,,,,,771,646,1417,2,2,4
65,"Govt Primary School, Kainthla",Kainthla,026031306,,,,340,296,636,,,
"",Total:,,,,,,340,296,636,1,1,2
66,"Govt High School, Garamthoon",Sabra,026031307,,,,125,97,222,,,
"",,Garamthoon,026031308,,,,180,167,347,,,
"",,Garamthoon,026031309,,,,397,384,781,,,
"",Total:,,,,,,702,648,1350,2,2,4
67,"Govt High School, Garamthoon",Taramakki,026031310,,,,166,168,334,,,
"",,Sohawa,026031311,,,,192,168,360,,,
"",,Kotehra,026031312,,,,219,180,399,,,
"",Total:,,,,,,577,516,1093,2,2,4
68,Govt Girls Middle School Karwali,Nartopa,026031301,,,,167,153,320,,,
"",,Karwali,026031302,,,,203,171,374,,,
"",Total:,,,,,,370,324,694,1,1,2
69,"Govt Girls Primary School,Rajdhani",Rajdhani,026031303,,,,414,351,765,,,
"",Total:,,,,,,414,351,765,1,1,2
70,"Govt Middle School, Kot jandan",Kot Jandan,026031304,,,,241,249,490,,,
"",Kot Jandan,026031305,,,,165,164,329,,,,
Total:,,,,,,406,413,819,1,1,2,
"Govt Primary School, Bharrary( Male)",Bakka,026031007,,,,121,0,121,,,,
"",Bharrary,026031008,,,,374,0,374,,,,
"",,Bharrary,026031009,,,,395,0,395,,,
"",Total:,,,,,,890,0,890,3,0,3
72,"Govt  Girls Primary School, Bharrary(Muslaimabad)(Female)",Bakka,026031007,,,,0,108,108,,,
"",,Bharrary,026031008,,,,0,325,325,,,
"",,Bharrary,026031009,,,,0,329,329,,,
"",Total:,,,,,,0,762,762,0,2,2
73,"Govt High School, Baghpur Dheri",Baghpur Dheri,026031010,,,,425,360,785,,,
"",Total:,,,,,,425,360,785,1,1,2
74,Govt Primary School Narota,Narota,026031011,,,,483,353,836,,,
"",Total:-,,,,,,483,353,836,1,1,2
75,"Govt Middle School, Pakshahi",Pakshahi,026031012,,,,585,451,1036,,,
"",Total:,,,,,,585,451,1036,2,1,3
76,Govt Primary School Pakshai,Pakshahi,026031013,,,,466,349,815,,,
"",Total:,,,,,,466,349,815,1,1,2
77,"Govt Girls Primary School, Kotla.",Kotla,026031014,,,,759,628,1387,,,
"",Total:,,,,,,759,628,1387,2,2,4
78,"Govt Primary School, Sarbroot",Chaskalan,026031001,,,,139,98,237,,,
"",Shah Qabil,026031002,,,,163,132,295,,,,
"",Sarbroot,026031003,,,,204,166,370,,,,
"",Khoi Bagran,026031004,,,,270,209,479,,,,
"",Ranja,026031006,,,,97,78,175,,,,
Total:,,,,,,873,683,1556,2,2,4,
"Govt Primary School, Beesban",Beesban,026031005,,,,604,526,1130,,,,
"",Total:,,,,,,604,526,1130,2,2,4
80,"Govt Primary School, Desra.",Desra,026031401,,,,259,208,467,,,
"",Total:,,,,,,259,208,467,1,1,2
81,"Govt  Primary School, Sumbal",Jandi,026031402,,,,396,307,703,,,
"",,Jandi,026031403,,,,318,245,563,,,
"",Total:,,,,,,714,552,1266,2,2,4
82,Govt Girls  Primary School Malhat,Saree,026031405,,,,468,373,841,,,
"",Total:,,,,,,468,373,841,1,1,2
83,Govt Middle School Sairee,Saree,026031404,,,,466,362,828,,,
"",Total:,,,,,,466,362,828,1,1,2
84,"Govt High School, Halli (Male)",Halli,026031406,,,,232,0,232,,,
"",,Halli,026031407,,,,685,0,685,,,
"",,Halli,026031408,,,,628,0,628,,,
"",Total:,,,,,,1545,0,1545,4,0,4
85,"Govt Girls High School,Halli (Female)",Halli,026031406,,,,0,190,190,,,
"",,Halli,026031407,,,,0,647,647,,,
"",,Halli,026031408,,,,0,562,562,,,
"",Total:,,,,,,0,1399,1399,0,4,4
86,"Govt Primary School, Makhnial.",Makhnial,026030901,,,,296,196,492,,,
"",,Makhnial,026030902,,,,437,328,765,,,
"",Total:,,,,,,733,524,1257,2,2,4
87,"Govt Primary School, Kohmal Payeen",Kohmal,026030906,,,,797,672,1469,,,
Total:,,,,,,797,672,1469,2,2,4,
88,"Govt Middle School, Dana Ferozpur",Kohmal,026030907,,,,582,468,1050,,,
"",,Romyal,026030911,,,,129,89,218,,,
"",Total:,,,,,,711,557,1268,2,2,4
"",Govt Primary School Kohmal Bala,Kohmal,026030907,,,,273,233,506,,,
"",Total:,,,,,,273,233,506,1,1,2
90,"Govt High School, Barkot",Barkot,026030908,,,,565,489,1054,,,
"",Total:,,,,,,565,489,1054,2,2,4
91,"Govt High School, Kharian",Kharian,026030903,,,,312,243,555,,,
"",,Kharian,026030904,,,,396,314,710,,,
"",Total:,,,,,,708,557,1265,2,2,4
92,"Govt Primary School, Haryala.",Haryala,026030905,,,,268,191,459,,,
"",Total:,,,,,,268,191,459,1,1,2
93,"Govt Middle School, Jalees",Jalees,026030909,,,,337,277,614,,,
"",,Banth,026030910,,,,286,233,519,,,
"",Total:,,,,,,623,510,1133,2,2,4
94,"Govt Middle School, Neelan Bhoto",Neelan Bhoto,026030912,,,,971,736,1707,,,
"",Total:,,,,,,971,736,1707,2,2,4
95,"Govt Primary School, Jabri",Budhar,026031101,,,,315,295,610,,,
"",,Akhorra,026031103,,,,176,140,316,,,
"",Total:,,,,,,491,435,926,2,1,3
96,"Govt Girls High School, Jabri (Male)",Jabri,026031102,,,,889,0,889,,,
Total:,,,,,,889,0,889,3,0,3,
"Govt Girsl High School , Jabri (Female)",Jabri,026031102,,,,0,823,823,,,,
"",Total:,,,,,,0,823,823,0,2,2
98,"Govt Girls Primary School, Bandi Kiayla.",Bandi Kiayla,026031104,,,,474,385,859,,,
"",Total:,,,,,,474,385,859,1,1,2
99,"Govt Middle School,Nullah (Male)",Nullah,026031105,,,,398,0,398,,,
"",,Nullah,026031109,,,,541,0,541,,,
"",Total:,,,,,,939,0,939,3,0,3
100,"Govt Primary School Nullah No. 1(Female)",Nullah,026031105,,,,0,423,423,,,
"",,Nullah,026031109,,,,0,423,423,,,
"",Total:,,,,,,0,846,846,0,3,3
101,"Govt Primary School, Tial.",Tial,026031106,,,,226,201,427,,,
"",Total:,,,,,,226,201,427,1,1,2
102,"Govt Primary School, Darkot (Male)",Darkot,026031107,,,,641,0,641,,,
"",,Darkot,026031110,,,,324,0,324,,,
"",Total:,,,,,,965,0,965,3,0,3
103,"Govt Girls Pirmary School Darkot(Female)",Darkot,026031107,,,,0,101,101,,,
"",,Darkot,026031110,,,,0,669,669,,,
"",Total:,,,,,,0,770,770,0,2,2
104,"Govt Middle School, Kohala Bala",Kohala Bala,026031108,,,,506,391,897,,,
"",Kohala Bala,026031111,,,,360,306,666,,,,
Total:,,,,,,866,697,1563,2,2,4,
"Govt Primary School, Sanjiala.",Sanjliala,026030601,,,,460,396,856,,,,
"",Sanjliala,026030602,,,,290,299,589,,,,
"",Total:,,,,,,750,695,1445,2,2,4
106,"Govt High School, Jab.",Jab,026030603,,,,347,335,682,,,
"",,Jab,026030604,,,,441,399,840,,,
"",Total:,,,,,,788,734,1522,2,2,4
107,"Govt Primary School,Taraar KohalaPayeen.",Kohala Payeen Tar,ar026030605,,,,294,238,532,,,
"",,Kohala Payeen Tar,ar026030606,,,,269,216,485,,,
"",Total:,,,,,,563,454,1017,2,1,3
108,"Govt Girls Middle School, Kohala Payeen.",Kohala Payeen Tar,ar026030607,,,,346,275,621,,,
"",,Kohala Payeen Tar,ar026030608,,,,196,158,354,,,
"",Total:,,,,,,542,433,975,2,1,3
109,"Govt Middle School, Gandhian",Gandhian,026030701,,,,780,637,1417,,,
"",Total:,,,,,,780,637,1417,2,2,4
110,"Govt Girls Primary School,Gandhian(Male)",Gandhian,026030702,,,,405,0,405,,,
"",,Gandhian,026030707,,,,448,0,448,,,
"",Total:,,,,,,853,0,853,3,0,3
111,"Govt Middle School, Gandhain  (Female)",Gandhian,026030702,,,,0,339,339,,,
"",,Gandhian,026030707,,,,0,417,417,,,
"",Total:,,,,,,0,756,756,0,2,2
112,"Basic Health Unit, Guamanwan",Guamanwan,026030703,,,,568,443,1011,,,
"",Total:,,,,,,568,443,1011,2,1,3
113,"Govt Girls Primary School,Kayian",Guamanwan,026030704,,,,651,544,1195,,,
Total:,,,,,,651,544,1195,2,2,4,
114,"Govt High School, Gaumanwan",Gumanwan,026030705,,,,637,569,1206,,,
"",Total:,,,,,,637,569,1206,2,2,4
115,"Govt Girls Primary School No.2,Gaumanwan.",Gumanwan,026030706,,,,663,369,1032,,,
"",Total:,,,,,,663,369,1032,2,1,3
116,"Govt High School, Chajjian. (Male)",Chajjian,026030801,,,,379,0,379,,,
"",,Chajjian,026030802,,,,406,0,406,,,
"",,Chajjian,026030805,,,,240,0,240,,,
"",Total:,,,,,,1025,0,1025,3,0,3
117,"Govt High School, Chajjian. (Female)",Chajjian,026030801,,,,0,395,395,,,
"",,Chajjian,026030802,,,,0,377,377,,,
"",,Chajjian,026030805,,,,0,184,184,,,
"",Total:,,,,,,0,956,956,0,3,3
118,"Govt Primary School, Chaprian.",Seri Bang,026030803,,,,425,261,686,,,
"",,Saral,026030804,,,,174,93,267,,,
"",Total:,,,,,,599,354,953,2,1,3
119,"Govt Higher Secondary School, Bagra(Male).",Bagra,026010703,,,,1187,0,1187,,,
"",Total:,,,,,,1187,0,1187,4,0,4
120,"Govt Higher Secondary School, Bagra(Female).",Bagra,026010703,,,,0,1001,1001,,,
"",Total:,,,,,,0,1001,1001,0,3,3
121,"Govt Primary School Teeran Bagra(Male).",Bagra,026010701,,,,1073,0,1073,,,
Total:,,,,,,1073,0,1073,3,0,3,
122,"Govt Girls Primary  School, Bagra No.2(Female).",Bagra,026010701,,,,0,786,786,,,
"",Total:,,,,,,0,786,786,0,2,2
123,"Govt Girls Primary  School, Bagra No.2",Bagra,026010702,,,,451,339,790,,,
"",,Bagra,026010716,,,,82,46,128,,,
"",Total:,,,,,,533,385,918,2,1,3
124,"Govt Girls Middle School, Baldher (Male)",Baldher,026010704,,,,458,0,458,,,
"",,Baldher,026010706,,,,504,0,504,,,
"",Total:,,,,,,962,0,962,3,0,3
125,"Govt Primary School, Baldher (Female)",Baldher,026010704,,,,0,338,338,,,
"",,Baldher,026010706,,,,0,418,418,,,
"",Total:,,,,,,0,756,756,0,2,2
126,"Govt Girls High School, Baldher",Baldher,026010705,,,,668,549,1217,,,
"",Total:,,,,,,668,549,1217,2,2,4
127,"Govt Girls Primary School, Shourag",Shourag,026010712,,,,61,48,109,,,
"",,Shourag,026010713,,,,130,98,228,,,
"",,Shourag,026010714,,,,187,114,301,,,
"",,Shourag,026010715,,,,261,177,438,,,
"",Total:,,,,,,639,437,1076,2,1,3
128,"Govt Primary School, Ratta Bana.",Ratta Bana,026010707,,,,250,177,427,,,
"",Ratta Bana,026010708,,,,145,106,251,,,,
Total:,,,,,,395,283,678,2,1,3,
"Govt Middle School, Karwala (Male)",Karwala,026010709,,,,139,0,139,,,,
"",Karwala,026010710,,,,468,0,468,,,,
"",,Karwala,026010711,,,,516,0,516,,,
"",Total:,,,,,,1123,0,1123,3,0,3
130,"Govt Girls Primary School, Karwala(Female)",Karwala,026010709,,,,0,111,111,,,
"",,Karwala,026010710,,,,0,378,378,,,
"",,Karwala,026010711,,,,0,424,424,,,
"",Total:,,,,,,0,913,913,0,3,3
131,"Govt High School,Kailag (Male).",Kailag,026010807,,,,361,0,361,,,
"",,Kailag,026010808,,,,200,0,200,,,
"",,Kailag,026010814,,,,648,0,648,,,
"",Total:,,,,,,1209,0,1209,4,0,4
132,"Govt High School,Kailag (Female).",Kailag,026010807,,,,0,264,264,,,
"",,Kailag,026010808,,,,0,135,135,,,
"",,Kailag,026010814,,,,0,560,560,,,
"",Total:,,,,,,0,959,959,0,3,3
133,Govt Primary School Kailag,Kailag,026010809,,,,412,346,758,,,
"",,Kailag,026010815,,,,224,165,389,,,
"",Total:,,,,,,636,511,1147,2,2,4
134,"Govt Primary School,Qazi Maira",Qazi Maira,026010810,,,,404,305,709,,,
"",Total:,,,,,,404,305,709,1,1,2
135,"Govt Middle School, Chitti Dhaki",Chetti Dhaki,026010811,,,,759,575,1334,,,
Total:,,,,,,759,575,1334,2,2,4,
"Govt Girls Primary School, Toru Dhoke.",Toru Dhoke,026010806,,,,666,498,1164,,,,
"",Total:,,,,,,666,498,1164,2,2,4
137,"Govt Girls Primary Schiool, Dobandi",Dobandi,026010805,,,,623,442,1065,,,
"",Total:,,,,,,623,442,1065,2,2,4
138,"Govt High School, Kholian Bala(Male)",Kholian Bala,026010801,,,,550,0,550,,,
"",,Kholian Bala,026010802,,,,338,0,338,,,
"",,Kholian Bala,026010812,,,,436,0,436,,,
"",Total:,,,,,,1324,0,1324,4,0,4
139,"Govt Girls High School, KholianBala(Female)",Kholian Bala,026010801,,,,0,423,423,,,
"",,Kholian Bala,026010802,,,,0,256,256,,,
"",,Kholian Bala,026010812,,,,0,331,331,,,
"",Total:,,,,,,0,1010,1010,0,4,4
140,"Govt Primary School, Kholian Bala.(Male)",Kholian Bala,026010803,,,,720,0,720,,,
"",,Kholian Bala,026010813,,,,558,0,558,,,
"",Total:,,,,,,1278,0,1278,4,0,4
141,"Govt Girls Primary School Kholian Bala(Female)",Kholian Bala,026010803,,,,0,564,564,,,
"",,Kholian Bala,026010813,,,,0,457,457,,,
"",Total:,,,,,,0,1021,1021,0,3,3
142,"Govt Primary School, Chach Maira.",Kholian Bala,026010804,,,,660,482,1142,,,
"",Total:,,,,,,660,482,1142,2,2,4
143,"Govt Primary School, Dureshkheil.",Dureshkheil,026010910,,,,472,440,912,,,
"",Dureshkheil,026010911,,,,245,213,458,,,,
Total:,,,,,,717,653,1370,2,2,4,
144,"Govt Primary School,Phula Gali.",Phula Gali,026010912,,,,361,341,702,,,
"",,Phula Gali,026010913,,,,444,299,743,,,
"",Total:,,,,,,805,640,1445,2,2,4
145,"Govt Girls Primary School, Ghari Sarianat Bajwala.",Bajwala,026010914,,,,340,258,598,,,
"",,Bajwala,026010915,,,,232,161,393,,,
"",Total:,,,,,,572,419,991,2,2,4
146,"Govt Middle School, Ghari Seerian.",Ghari Seerian,026010908,,,,213,161,374,,,
"",,Ghari Seerian,026010909,,,,687,503,1190,,,
"",Total:,,,,,,900,664,1564,2,2,4
147,"Govt Girls Primary School, Bandi SherKhan.",Bandi Sher Khan,026010901,,,,503,419,922,,,
"",,Bandi Sher Khan,026010902,,,,130,102,232,,,
"",Total:,,,,,,633,521,1154,2,2,4
148,"Govt Primary School, Barthal.",Barthal,026010903,,,,358,265,623,,,
"",Total:,,,,,,358,265,623,1,1,2
149,"Govt Primary School, Bhutri (Male)",Bhutri,026010904,,,,320,0,320,,,
"",Bhutri,026010905,,,,247,0,247,,,,
"",Bhutri,026010906,,,,105,0,105,,,,
"",Bhutri,026010907,,,,172,0,172,,,,
Total:,,,,,,844,0,844,3,0,3,
Govt Grils Primary School Bhutri (Femle),Bhutri,026010904,,,,0,220,220,,,,
"",Bhutri,026010905,,,,0,152,152,,,,
"",Bhutri,026010906,,,,0,91,91,,,,
"",,Bhutri,026010907,,,,0,135,135,,,
"",Total:,,,,,,0,598,598,0,2,2
151,"Govt Middle School, Doyan Khushki.",Doyan Khushki,026011104,,,,303,271,574,,,
"",,Doyan Khushki,026011105,,,,422,387,809,,,
"",Total:,,,,,,725,658,1383,2,2,4
152,"Govt Middle School, Chechian.",Chechian,026011106,,,,281,231,512,,,
"",,Chechian,026011107,,,,107,92,199,,,
"",,Chechian,026011108,,,,306,245,551,,,
"",Total:,,,,,,694,568,1262,2,2,4
153,"Govt Girls Primary School, Sangian.",Chechian,026011109,,,,180,139,319,,,
"",Total:,,,,,,180,139,319,1,1,2
154,"Govt English Medium Primary School,Galham.",Galham,026011110,,,,383,347,730,,,
"",,Galham,026011111,,,,378,293,671,,,
"",Total:,,,,,,761,640,1401,2,2,4
155,"Govt Girls High School, Pind KamalKhan. (Male)",Pind Kamal Khan,026011115,,,,384,0,384,,,
"",,Pind Kamal Khan,026011116,,,,647,0,647,,,
"",Total:,,,,,,1031,0,1031,3,0,3
156,"Govt Girls High School, Pind KamalKhan.(Female)",Pind Kamal Khan,026011115,,,,0,297,297,,,
"",Pind Kamal Khan,026011116,,,,0,594,594,,,,
Total:,,,,,,0,891,891,0,3,3,
"Govt Primary School, Bandi Seeraan.",Bandi Seeraan,026011101,,,,529,464,993,,,,
"",Total:,,,,,,529,464,993,2,1,3
158,"Govt Girls Primary School, BandiSeeraan.",Bandi Seeraan,026011102,,,,431,337,768,,,
"",,Bandi Seeraan,026011103,,,,366,294,660,,,
"",Total:,,,,,,797,631,1428,2,2,4
159,"Govt Primary School, Rarra.",Thala,026011112,,,,264,223,487,,,
"",,Rarra,026011114,,,,298,227,525,,,
"",Total:-,,,,,,562,450,1012,2,1,3
160,Govt:Middle School Kahal Bala,Thipra,026011113,,,,303,274,577,,,
"",Total:,,,,,,303,274,577,1,1,2
161,"Govt Primary School, Mang. (Male)",Mang,026011201,,,,904,0,904,,,
"",,Mang,026011213,,,,243,0,243,,,
"",Total:,,,,,,1147,0,1147,4,0,4
162,"Govt Girls High School, Mang. (Female)",Mang,026011201,,,,0,837,837,,,
"",,Mang,026011213,,,,0,200,200,,,
"",Total:,,,,,,0,1037,1037,0,3,3
163,"Govt Primary School,Kali Tarar SharkiBala.",Kali Tarar Utli,026011205,,,,245,218,463,,,
"",Total:,,,,,,245,218,463,1,1,2
164,"Govt High School, Sirya.(Male)",Sirya,026011208,,,,539,0,539,,,
"",Sirya,026011209,,,,413,0,413,,,,
Total:,,,,,,952,0,952,3,0,3,
"Govt High School, Sirya.(Male)",Sirya,026011211,,,,447,0,447,,,,
"",Sirya,026011212,,,,369,0,369,,,,
"",Total:,,,,,,816,0,816,3,0,3
166,"Govt Girls Primary School, Sirya.(Female)",Sirya,026011208,,,,0,472,472,,,
"",,Sirya,026011209,,,,0,358,358,,,
"",,Sirya,026011211,,,,0,384,384,,,
"",,Sirya,026011212,,,,0,335,335,,,
"",Total:,,,,,,0,1549,1549,0,4,4
167,"Govt Primary School, Rajpur.",Bandi Sirya,026011204,,,,257,200,457,,,
"",,Sirya,026011210,,,,222,170,392,,,
"",,Bandi Sirya,026011214,,,,361,297,658,,,
"",Total:,,,,,,840,667,1507,2,2,4
168,"Govt Primary School, Jumaabad.",Sirya,026011207,,,,418,294,712,,,
"",Total:,,,,,,418,294,712,1,1,2
169,"Govt Primary School, Khidu Pinju.",Islampur,026011202,,,,650,547,1197,,,
"",Total:,,,,,,650,547,1197,2,1,3
170,"Govt Primary School, Kali Tarar Gharbi.",Kali Tarar Tarli,026011203,,,,358,309,667,,,
"",Total:,,,,,,358,309,667,1,1,2
171,"Govt Primary School, Bandi Gullu.",Bandi Gullu,026011206,,,,523,419,942,,,
"",,Bandi Gullu,026011215,,,,439,351,790,,,
"",Total:,,,,,,962,770,1732,2,2,4
172,"Govt Girls Higher Secondary School, KotNajibullah.",Moh: Katha/Khand,q 026011303,,,,155,150,305,,,
"",Moh: Bazar/Patwar,Kh0a2n6a0.11306,,,,298,285,583,,,,
"",Moh: Patwar Khan,.026011314,,,,195,176,371,,,,
Total:,,,,,,648,611,1259,2,2,4,
173,"Govt  Higher Secondary School, KotNajibullah (Male).",Moh: Saeedabad,026011310,,,,612,0,612,,,
"",,Moh: Perwaizabad,026011311,,,,215,0,215,,,
"",,Moh: Saeedabad,026011320,,,,400,0,400,,,
"",Total:,,,,,,1227,0,1227,4,0,4
174,"Govt  Higher Secondary School, KotNajibullah (Female).",Moh: Saeedabad,026011310,,,,0,608,608,,,
"",,Moh: Perwaizabad,026011311,,,,0,166,166,,,
"",,Moh: Saeedabad,026011320,,,,0,336,336,,,
"",Total:,,,,,,0,1110,1110,4,0,4
175,"Govt Girls Higher Secondary School, KotNajibullah (Male).",Moh: Khandaq,026011315,,,,550,0,550,,,
"",,Moh: Katha,026011316,,,,538,0,538,,,
"",Total:,,,,,,1088,0,1088,3,0,3
176,"Govt Girls Higher Secondary School, KotNajibullah (Female).",Moh: Khandaq,026011315,,,,0,481,481,,,
"",Moh: Katha,026011316,,,,0,506,506,,,,
Total:,,,,,,0,987,987,0,3,3,
"Govt Primary School No.2, KotNajibullah (Male).",Moh: Muqadman,026011301,,,,453,0,453,,,,
"",Moh: Muqadman,026011302,,,,193,0,193,,,,
"",Moh: Kasran/Phula,026011305,,,,354,0,354,,,,
"",Moh: Nawababad,026011313,,,,132,0,132,,,,
"",Moh: Nawababad,026011326,,,,41,0,41,,,,
"",Moh: Nawababad,026011327,,,,200,0,200,,,,
"",Total:,,,,,,1373,0,1373,4,0,4
178,"Govt Girls Primary School No.2, KotNajibullah (Female).",Moh: Muqadman,026011301,,,,0,377,377,,,
"",,Moh: Muqadman,026011302,,,,0,166,166,,,
"",,Moh: Kasran/Phula,026011305,,,,0,307,307,,,
"",,Moh: Nawababad,026011313,,,,0,313,313,,,
"",,Moh: Nawababad,026011326,,,,0,34,34,,,
"",,Moh: Nawababad,026011327,,,,0,148,148,,,
"",Total:,,,,,,0,1345,1345,0,4,4
179,"Govt Primary School No.1, KotNajibullah (Male).",Moh: Thala,026011304,,,,316,0,316,,,
"",,Moh: Tarkhana,026011307,,,,677,0,677,,,
"",Total:,,,,,,993,0,993,3,0,3
180,"Govt Primary School No.1, KotNajibullah (Male).",Moh: Bandi,026011308,,,,333,0,333,,,
"",,Moh: Takya Bandi,026011309,,,,349,0,349,,,
"",,,,,,,682,0,682,2,0,2
181,"Govt  Girls Primary School No.1, KotNajibullah (Female).",Moh: Thala,026011304,,,,0,292,292,,,
"",,Moh: Tarkhana,026011307,,,,0,608,608,,,
"",Total:,,,,,,0,900,900,0,3,3
182,"Govt  Girls Primary School No.1, KotNajibullah (Female).",Moh: Bandi,026011308,,,,0,316,316,,,
"",Moh: Takya Bandi,026011309,,,,0,344,344,,,,
Total:,,,,,,0,660,660,0,2,2,
183,"Govt Primary School, Kamala.  (Male)",Ganja Kamala,026011318,,,,242,0,242,,,
"",,Ganja Kamala,026011319,,,,834,0,834,,,
"",Total:,,,,,,1076,0,1076,3,0,3
184,"Govt Primary School, Gunga  (Female)",Ganja Kamala,026011318,,,,0,160,160,,,
"",,Ganja Kamala,026011319,,,,0,734,734,,,
"",Total:,,,,,,0,894,894,0,3,3
185,"Worker Welfare Board School, LabourColony (Male)",Moh: Sheni Maira/,a0b2o6u0r 1C1o3l1o2ny,,,,217,0,217,,,
"",,Moh: Sadiq Abad,026011317,,,,115,0,115,,,
"",,Moh: Sheni Maira/,a0b2o6u0r 1C1o3l2o1ny,,,,117,0,117,,,
"",,Moh: Sheni Maira/,a0b2o6u0r 1C1o3l2o2ny,,,,597,0,597,,,
"",,Moh: Sheni Maira/,a0b2o6u0r 1C1o3l2o3ny,,,,43,0,43,,,
"",,Moh: Sheni Maira/,a0b2o6u0r 1C1o3l2o4ny,,,,58,0,58,,,
"",,Moh: Sheni Maira/,a0b2o6u0r 1C1o3l2o5ny,,,,81,0,81,,,
"",Total:,,,,,,1228,0,1228,4,0,4
186,"Worker Welfare Board School, LabourColony (Female)",Moh: Sheni Maira/,a0b2o6u0r 1C1o3l1o2ny,,,,0,178,178,,,
"",Moh: Sadiq Abad,026011317,,,,0,79,79,,,,
"",Moh: Sheni Maira/,a0b2o6u0r 1C1o3l2o1ny,,,,0,39,39,,,,
"",Moh: Sheni Maira/,a0b2o6u0r 1C1o3l2o2ny,,,,0,467,467,,,,
"",Moh: Sheni Maira/,a0b2o6u0r 1C1o3l2o3ny,,,,0,28,28,,,,
"",Moh: Sheni Maira/,a0b2o6u0r 1C1o3l2o4ny,,,,0,46,46,,,,
"",Moh: Sheni Maira/,a0b2o6u0r 1C1o3l2o5ny,,,,0,117,117,,,,
Total:,,,,,,0,954,954,0,3,3,
187,"Govt Girls Primary School, Nazimabad.",Sarai Gadai,026011501,,,,509,369,878,,,
"",Total:,,,,,,509,369,878,1,1,2
188,"Govt High School, Sarai Gadai.",Sarai Gadai,026011502,,,,653,585,1238,,,
"",Total:,,,,,,653,585,1238,2,1,3
189,"Govt Girls Primary School, Sarai Gadai.",Sarai Gadai,026011503,,,,599,503,1102,,,
"",Total:,,,,,,599,503,1102,2,1,3
190,"Govt Higher Secondary School, Dingi.(Male)",Dingi,026021203,,,,709,0,709,,,
"",,Jhaar,026021207,,,,223,0,223,,,
"",Total:,,,,,,932,0,932,3,0,3
191,"Govt Higher Secondary School, Dingi.(Male)",Dingi,026021204,,,,864,0,864,,,
"",,Dingi,026021209,,,,135,0,135,,,
"",Total:,,,,,,999,0,999,3,0,3
192,"Basic Health Unit, Dingi. (Female)",Dingi,026021203,,,,0,567,567,,,
"",,Jhaar,026021207,,,,0,197,197,,,
"",Total:,,,,,,0,764,764,0,2,2
193,"Basic Health Unit, Dingi. (Female)",Dingi,026021204,,,,0,838,838,,,
"",Dingi,026021209,,,,0,70,70,,,,
Total:,,,,,,0,908,908,0,3,3,
"Govt Girls Primary School, Mottian.(Male)",Mottian,026021205,,,,791,0,791,,,,
"",Mottian,026021206,,,,231,0,231,,,,
"",Total:,,,,,,1022,0,1022,3,0,3
195,"Govt  Primary School, Mottian.(Female)",Mottian,026021205,,,,0,637,637,,,
"",,Mottian,026021206,,,,0,154,154,,,
"",Total:,,,,,,0,791,791,0,2,2
196,"Govt Girls Middle School, Dhedan. (Male)",Dhedan,026021201,,,,944,0,944,,,
"",,Dhedan,026021202,,,,433,0,433,,,
"",,Dhedan,026021208,,,,118,0,118,,,
"",Total:,,,,,,1495,0,1495,4,0,4
197,"Govt Girls Primary School, Dhedan.(Female)",Dhedan,026021201,,,,0,857,857,,,
"",,Dhedan,026021202,,,,0,345,345,,,
"",,Dhedan,026021208,,,,0,31,31,,,
"",Total:,,,,,,0,1233,1233,0,4,4
198,"Govt Girls High School, ChambaPind.(Female)",Chamba Pind,026021501,,,,0,760,760,,,
"",Total:,,,,,,0,760,760,2,0,2
199,"Govt Girls Primary School, ChambaPind. (Male)",Chamba Pind,026021501,,,,814,0,814,,,
"",Total:,,,,,,814,0,814,0,2,2
200,"Govt Primary School, Mohri Pir Bakhsh.",Mohri Pir Bakhsh,026021502,,,,498,430,928,,,
"",Total:,,,,,,498,430,928,1,1,2
201,"Govt Primary School, Ladha",Ladha,026011504,,,,594,548,1142,,,
Total:,,,,,,594,548,1142,2,1,3,
"Govt Primary School, Mohri Malya",Mohri Malya,026021503,,,,565,507,1072,,,,
Total:,,,,,,565,507,1072,2,1,3
1,"Govt High School, Ghazi.(Male)",,,Ghazi,027010104,,346,0,346,,,
"",,,Ghazi,027010105,,582,0,582,,,,
"",,,Ghazi,027010120,,457,0,457,,,,
"",,,Ghazi,027010121,,356,0,356,,,,
Total:,,,,,,1741,0,1741,4,0,4,
"Govt High School, Ghazi.(Female)",,,Ghazi,027010104,,0,281,281,,,,
"",,,Ghazi,027010105,,0,568,568,,,,
"",,,Ghazi,027010120,,0,387,387,,,,
"",,,Ghazi,027010121,,0,339,339,,,,
"",Total:,,,,,,0,1575,1575,0,4,4
3,"Govt Girls Zubaida Aman DegreeCollege, Ghazi.",,,Ghazi,027010106,,283,261,544,,,
"",,,,Ghazi,027010107,,362,293,655,,,
"",Total:,,,,,,645,554,1199,2,2,4
4,"Govt Girls Zubaida Aman DegreeCollege, Ghazi.",,,Ghazi,027010108,,442,401,843,,,
"",Total:,,,,,,442,401,843,1,1,2
5,"Govt Primary School, Khalo.(Male)",,,Khalo,027010101,,435,0,435,,,
"",,,Khalo,027010102,,531,0,531,,,,
"",,,Khalo,027010103,,179,0,179,,,,
"",,,Khalo,027010117,,17,0,17,,,,
"",,,Khalo,027010118,,185,0,185,,,,
"",,,Khalo,027010119,,73,0,73,,,,
Total:,,,,,,1420,0,1420,4,0,4,
"Govt Girls High School,Khalo.(Female)",,,Khalo,027010101,,0,435,435,,,,
"",,,Khalo,027010102,,0,506,506,,,,
"",,,Khalo,027010103,,0,198,198,,,,
"",,,Khalo,027010117,,0,13,13,,,,
"",,,Khalo,027010118,,0,136,136,,,,
"",,,,Khalo,027010119,,0,53,53,,,
"",Total:,,,,,,0,1341,1341,0,4,4
7,"Senior Model High School, SobraCity.",,,Sobra,027010112,,497,407,904,,,
"",,,,Sobra,027010113,,381,318,699,,,
"",Total:,,,,,,878,725,1603,2,2,4
8,"Wapda Degree Collage, Sobra City.(Male)",,,Sobra,027010114,,855,0,855,,,
"",,,,Sobra,027010115,,332,0,332,,,
"",,,,Sobra (PFL Colony),027010116,,148,0,148,,,
"",Total:,,,,,,1335,0,1335,4,0,4
9,"Wapda Degree Collage, Sobra City.(Female)",,,Sobra,027010114,,0,783,783,,,
"",,,,Sobra,027010115,,0,251,251,,,
"",,,,Sobra (PFL Colony),027010116,,0,135,135,,,
"",Total:,,,,,,0,1169,1169,0,4,4
10,"Govt Primary School, Barwasa.",,,Barwasa,027010109,,131,94,225,,,
"",,,Barwasa,027010110,,120,94,214,,,,
"",,,Barwasa,027010111,,226,223,449,,,,
Total:,,,,,,477,411,888,1,1,2,
"Govt Primary School, Qazipur. (Male)",Qazipur,027010201,,,,646,0,646,,,,
"",,Qazipur,027010202,,,,131,0,131,,,
"",,Qazipur,027010207,,,,295,0,295,,,
"",Total:,,,,,,1072,0,1072,3,0,3
12,"Govt Middle School, Qazipur.(Female)",Qazipur,027010201,,,,0,592,592,,,
"",,Qazipur,027010202,,,,0,98,98,,,
"",,Qazipur,027010207,,,,0,500,500,,,
"",Total:,,,,,,0,1190,1190,0,4,4
13,"Govt Primary School, Hassanpur.",Hassanpur,027010203,,,,349,199,548,,,
"",,Hassanpur,027010204,,,,390,296,686,,,
"",,Hassanpur,027010208,,,,212,203,415,,,
"",Total:,,,,,,951,698,1649,2,2,4
14,"Govt Primary School, Aldo Jabee.",Aldo Jabee,027010205,,,,412,306,718,,,
"",,Aldo Jabee,027010206,,,,337,246,583,,,
"",,Aldo Jabee,027010209,,,,215,145,360,,,
"",Total:,,,,,,964,697,1661,2,2,4
15,"Govt Girls Primary School, MianDheri.",Mian Dheri,027010301,,,,289,205,494,,,
"",Mian Dheri,027010303,,,,480,426,906,,,,
Total:,,,,,,769,631,1400,2,2,4,
16,"Govt Girls Primary School,  DheriNaqarchian.",Mian Dheri,027010302,,,,309,242,551,,,
"",,Mian Dheri,027010308,,,,342,274,616,,,
"",Total:,,,,,,651,516,1167,2,2,4
17,"Govt Primary School, Shiekh Choor.",Shiekh Choor,027010304,,,,227,200,427,,,
"",,Shiekh Choor,027010309,,,,244,194,438,,,
"",Total:,,,,,,471,394,865,1,1,2
18,"Govt High School, Dheri Naqarchian.",Chack Mirpur,027010305,,,,46,22,68,,,
"",,"MirpurAlmaroof",027010306,,,,56,35,91,,,
"",,Naqarchian,027010307,,,,434,347,781,,,
"",,Naqarchian,027010310,,,,156,131,287,,,
"",Total:,,,,,,692,535,1227,2,2,4
19,"Govt High School, Jhamrah.",Badaros,027010501,,,,275,227,502,,,
"",,Badaros,027010503,,,,361,295,656,,,
"",,Jabbar,027010507,,,,171,106,277,,,
"",Total:,,,,,,807,628,1435,2,2,4
20,"Govt Primary School, ChechianRukar.",Badaros,027010502,,,,433,363,796,,,
Total:,,,,,,433,363,796,2,1,3,
"Govt Primary School, Jhamrah.",Badaros,027010504,,,,318,270,588,,,,
"",,Badaros,027010505,,,,243,186,429,,,
"",Total:,,,,,,561,456,1017,2,1,3
22,"Govt Primary School, Baghdara.",Baghdara,027010406,,,,368,267,635,,,
"",,Dhoke,027010506,,,,205,140,345,,,
"",Total:,,,,,,573,407,980,2,1,3
23,"Govt Primary School, Kala Katha.",Padarra,027010508,,,,214,155,369,,,
"",,Kala Katha,027010509,,,,199,188,387,,,
"",Total:,,,,,,413,343,756,1,1,2
24,"Govt Girls Primary  School,KohiDara.",Khoi Darra,027010510,,,,405,326,731,,,
"",Total:,,,,,,405,326,731,1,1,2
25,"Govt Primary School, Tar Chatti.",Tar Chatti,027010407,,,,530,364,894,,,
"",Total:,,,,,,530,364,894,2,1,3
26,"Govt Middle School, Amgah.",Amgah,027010408,,,,488,459,947,,,
"",Total:,,,,,,488,459,947,2,1,3
27,"Govt Primary School,Khairbara.(Male)",Khairbara,027010601,,,,649,0,649,,,
"",Bandi,027010603,,,,368,0,368,,,,
Total:,,,,,,1017,0,1017,3,0,3,
Govt Girls Middle School Khair bara (,"Khairbaraemale)",027010601,,,,0,531,531,,,,
"",,Bandi,027010603,,,,0,251,251,,,
"",Total:,,,,,,0,782,782,0,2,2
29,"Govt Primary School,Chamiari.",Chamiari,027010602,,,,684,539,1223,,,
"",Total:,,,,,,684,539,1223,2,2,4
30,"Govt High School, Ghazi Hamlet.",Pipliala,027010604,,,,695,597,1292,,,
"",Total:,,,,,,695,597,1292,2,2,4
31,"Govt High School, Ghazi Hamlet.",Pipliala,027010605,,,,452,390,842,,,
"",Total:,,,,,,452,390,842,2,1,3
32,"Govt Primary School, Pipliala.(Male)",Pipliala,027010606,,,,464,0,464,,,
"",,Pipliala,027010609,,,,535,0,535,,,
"",Total:,,,,,,999,0,999,3,0,3
33,Govt Girls Primary School Pipliala (Fe,"Piplialaale)",027010606,,,,0,342,342,,,
"",,Pipliala,027010609,,,,0,437,437,,,
"",Total:,,,,,,0,779,779,0,2,2
34,"Govt Primary School, Hamlet No.1,Ghazi. (Male)",Gharra,027010607,,,,729,0,729,,,
"",Gharra,027010608,,,,326,0,326,,,,
"",Gharra,027010610,,,,282,0,282,,,,
Total:,,,,,,1337,0,1337,4,0,4,
35,"Govt Girls Primary School No.1,Ghazi Hamlet. (Female)",Gharra,027010607,,,,0,623,623,,,
"",,Gharra,027010608,,,,0,297,297,,,
"",,Gharra,027010610,,,,0,275,275,,,
"",Total:,,,,,,0,1195,1195,0,4,4
36,"Govt High School, Kotehra.",Kotehra,027010401,,,,708,598,1306,,,
"",Total:,,,,,,708,598,1306,2,2,4
37,"Govt Primary School, Kotehra.",Kotehra,027010402,,,,352,281,633,,,
"",,Kotehra,027010403,,,,456,371,827,,,
"",Total:,,,,,,808,652,1460,2,2,4
38,"Govt Middle School,Thali Kot.",Thali Kot,027010404,,,,339,263,602,,,
"",,Thali Kot,027010405,,,,369,320,689,,,
"",Total:,,,,,,708,583,1291,2,1,3
39,"Govt High School, Kundi.",Kundi,027010701,,,,396,343,739,,,
"",Kundi,027010702,,,,459,375,834,,,,
Total:,,,,,,855,718,1573,2,2,4,
"Govt High School, Kundi.",Kundi,027010703,,,,289,263,552,,,,
"",Kundi,027010704,,,,297,277,574,,,,
"",Kundi,027010705,,,,188,174,362,,,,
"",Total:,,,,,,774,714,1488,2,2,4
41,"Govt Primary School, Kundi.",Kundi,027010706,,,,164,127,291,,,
"",,Kundi,027010707,,,,285,279,564,,,
"",,Kundi,027010708,,,,322,305,627,,,
"",Total:,,,,,,771,711,1482,2,2,4
42,"Govt Girls Middle School,UmerKhana.",Umer Khana,027010709,,,,371,340,711,,,
"",,Umer Khana,027010710,,,,288,241,529,,,
"",Total:,,,,,,659,581,1240,2,2,4
43,"Govt High School, Salamkhand.",Salamkhand,027010711,,,,523,525,1048,,,
"",Total:,,,,,,523,525,1048,2,2,4
44,"Govt Primary School, Sirra.",Salamkhand,027010712,,,,555,496,1051,,,
"",Total:,,,,,,555,496,1051,2,2,4
45,"Wapda Boys High School, MainColony Turbela.",Dall,027010801,,,,200,146,346,,,
"",Dall,027010802,,,,91,76,167,,,,
"",Dall,027010803,,,,271,222,493,,,,
Total:,,,,,,562,444,1006,2,1,3,
"Wapda Girls High School,MainColony Turbela Dam Project.",Dall,027010804,,,,177,129,306,,,,
"",Dall,027010805,,,,75,54,129,,,,
"",,Dall,027010806,,,,224,207,431,,,
"",Total:,,,,,,476,390,866,2,1,3
47,"Wapda Girls High School,MainColony Turbela Dam Project.",Dall,027010807,,,,116,84,200,,,
"",,Dall,027010808,,,,344,304,648,,,
"",Total:,,,,,,460,388,848,1,1,2
48,"Govt Primary School, Derra.",Mohat,027010809,,,,481,328,809,,,
"",,Mohat,027010810,,,,45,39,84,,,
"",Total:,,,,,,526,367,893,2,1,3
49,"Govt Primary School, Sirikot. (Male)",Sirikot,027010903,,,,1380,0,1380,,,
"",Total:,,,,,,1380,0,1380,4,0,4
50,"Govt Higher Secondary School,Sirikot. (Female)",Sirikot,027010903,,,,0,1328,1328,,,
"",Total:,,,,,,0,1328,1328,0,4,4
51,"Govt Girls Community Model School,Serai.",Sirikot,027010907,,,,627,578,1205,,,
"",Total:,,,,,,627,578,1205,2,2,4
52,"Govt Girls High School, Sirikot(Male).",Sirikot,027010906,,,,1023,0,1023,,,
"",Total:,,,,,,1023,0,1023,3,0,3
53,"Govt Girls High School, Sirikot(Female).",Sirikot,027010906,,,,0,916,916,,,
Total:,,,,,,0,916,916,0,3,3,
54,"Govt Girls Primary School, Chinarkot.",Sirikot,027010908,,,,736,527,1263,,,
"",,Sirikot,027010910,,,,33,31,64,,,
"",Total:,,,,,,769,558,1327,2,2,4
55,"Govt Girls Primary School, Chontrai.",Sirikot,027010901,,,,589,508,1097,,,
"",Total:,,,,,,589,508,1097,2,2,4
56,"Govt Girls Primary School, DorahUsman Mani.",Sirikot (Dorah),027010902,,,,394,345,739,,,
"",Total:,,,,,,394,345,739,1,1,2
57,"Govt Middle School, Kheroch.",Sirikot,027010904,,,,484,444,928,,,
"",Total:,,,,,,484,444,928,2,1,3
58,"Govt Middle School, Galai.(Male)",Sirikot (Galai),027010905,,,,1093,0,1093,,,
"",,Sirikot (Galai),027010909,,,,31,0,31,,,
"",Total:,,,,,,1124,0,1124,4,0,4
59,"Govt Middle School, Galai.(Female)",Sirikot (Galai),027010905,,,,0,971,971,,,
"",,Sirikot (Galai),027010909,,,,0,33,33,,,
"",Total:,,,,,,0,1004,1004,0,3,3
60,"Govt Primary School, Choi Kiari.",Gojra,027011001,,,,483,384,867,,,
Total:,,,,,,483,384,867,1,1,2,
"Govt Middle School, Garhan",Garhan,027011002,,,,425,367,792,,,,
"",,Garhan,027011003,,,,330,255,585,,,
"",,,,,,,44,37,81,,,
"",Total:,,,,,,799,659,1458,2,2,4
62,Govt Primary School Bail,Bail,027011004,,,,399,303,702,,,
"",,Bail,027011005,,,,327,291,618,,,
"",Total:,,,,,,726,594,1320,2,2,4
63,"Govt Primary School, Jammu.",Jammu,027011101,,,,465,416,881,,,
"",Total:,,,,,,465,416,881,1,1,2
64,"Govt Primary School, Essa.",Essa,027011102,,,,490,432,922,,,
"",Total:,,,,,,490,432,922,2,1,3
65,"Govt Primary School, Jallo.",Pahi,027011103,,,,553,452,1005,,,
"",,Jallo,027011104,,,,368,313,681,,,
"",Total:,,,,,,921,765,1686,2,2,4
66,"Govt Middle School, Brug.",Sathana,027020301,,,,131,110,241,,,
"",,Brug,027020302,,,,287,181,468,,,
"",Total:,,,,,,418,291,709,1,1,2
67,"Govt Primary School, Laqab.",Laqab,027020303,,,,195,146,341,,,
Total:,,,,,,195,146,341,1,1,2,
68,"Govt High School,Gali (Male).",Gali,027020402,,,,143,0,143,,,
"",,Gali,027020403,,,,201,0,201,,,
"",,Gali,027020404,,,,104,0,104,,,
"",,Gali,027020405,,,,146,0,146,,,
"",,Gali,027020406,,,,132,0,132,,,
"",,Gali,027020407,,,,377,0,377,,,
"",Total:,,,,,,1103,0,1103,4,0,4
69,"Govt Girls Middle School, Gali(Female).",Gali,027020402,,,,0,91,91,,,
"",,Gali,027020403,,,,0,151,151,,,
"",,Gali,027020404,,,,0,77,77,,,
"",,Gali,027020405,,,,0,115,115,,,
"",,Gali,027020406,,,,0,101,101,,,
"",,Gali,027020407,,,,0,292,292,,,
"",Total:,,,,,,0,827,827,0,3,3
70,"Govt Middle School, Choora.",Choora,027020408,,,,340,257,597,,,
"",Choora,027020409,,,,236,157,393,,,,
Total:,,,,,,576,414,990,2,1,3,
"Govt Middle School, Kangrocha.",Devi,027020410,,,,271,210,481,,,,
"",,Devi,027020411,,,,241,174,415,,,
"",,Devi,027020412,,,,302,194,496,,,
"",Total:,,,,,,814,578,1392,2,2,4
72,"Govt Primary School, Chakli.",Ashra,027020401,,,,193,145,338,,,
"",,Chakli,027020413,,,,156,111,267,,,
"",Total:,,,,,,349,256,605,1,1,2
73,"Govt Girls Primary School, Faroosa.",Chakli,027020414,,,,292,222,514,,,
"",Total:,,,,,,292,222,514,1,1,2
74,"Govt Primary School, Degra.",Degra,027020501,,,,252,109,361,,,
"",Total:,,,,,,252,109,361,1,1,2
75,"Govt Primary School, Parba.",Parba,027020502,,,,199,145,344,,,
"",,Parba,027020503,,,,180,122,302,,,
"",,Parba,027020504,,,,147,120,267,,,
"",,Parba,027020505,,,,149,143,292,,,
"",,Parba,027020506,,,,111,74,185,,,
"",Total:,,,,,,786,604,1390,2,2,4
76,"Govt Middle School, Kalilar.",Kalilar,027020101,,,,545,504,1049,,,
Total:,,,,,,545,504,1049,2,2,4,
77,"Govt Primary School,Charoona.",Charoona,027020102,,,,629,511,1140,,,
"",Total:,,,,,,629,511,1140,2,2,4
78,"Govt Primary School,Charwai.",Charwai,027020103,,,,377,299,676,,,
"",,Charwai,027020104,,,,193,148,341,,,
"",Total:,,,,,,570,447,1017,2,1,3
79,"Govt Primary School,Kupri.",Kupri,027020801,,,,141,116,257,,,
"",,Kupri,027020802,,,,136,147,283,,,
"",,Kupri,027020803,,,,200,158,358,,,
"",,Kupri,027020804,,,,100,88,188,,,
"",Total:,,,,,,577,509,1086,2,2,4
80,"Govt High School, Kupri.",Kupri,027020805,,,,196,177,373,,,
"",Kupri,027020806,,,,445,376,821,,,,
"",Kupri,027020807,,,,36,19,55,,,,
"",Kupri,027020808,,,,87,79,166,,,,
Total:,,,,,,764,651,1415,2,2,4,
"Govt Primary School,Kaneer.",Amb,027020901,,,,119,100,219,,,,
"",Kaneer,027020902,,,,333,278,611,,,,
"",Kaneer,027020903,,,,209,138,347,,,,
"",Total:,,,,,,661,516,1177,2,2,4
82,"Govt Primary School, Bait Gali.",Bait Gali,027020904,,,,232,184,416,,,
"",,Bait Gali,027020905,,,,604,487,1091,,,
"",Total:,,,,,,836,671,1507,2,2,4
83,"Govt Primary School, Khabal.",Kia,027020701,,,,161,115,276,,,
"",,Khabal,027020201,,,,271,137,408,,,
"",Total:,,,,,,432,252,684,1,1,2
84,"Govt High School, Nara Amazai.",Nara,027020601,,,,414,361,775,,,
"",Total:,,,,,,414,361,775,1,1,2
85,"Govt Middle School, Shingri.",Bela,027020603,,,,396,304,700,,,
"",,Shingri,027020607,,,,403,230,633,,,
"",,Shingri,027020608,,,,114,73,187,,,
"",,Bringwal,027020605,,,,56,28,84,,,
"",Total:,,,,,,969,635,1604,2,2,4
86,"Govt Primary School, Kupla.",Dheryan,027020602,,,,78,41,119,,,
"",Kupla,027020604,,,,244,159,403,,,,
"","ShahMuhammad",027020606,,,,268,175,443,,,,
Total:,,,,,,590,375,965,2,1,3,
87,"Govt Degree College, Khalabat(Male).",,,Babu Chowk S-1,026060101,,606,0,606,,,
"",,,,Moh: Tanki S-1,026060102,,563,0,563,,,
"",Total:,,,,,,1169,0,1169,4,0,4
88,"Govt Primary School No.1,S-1 KTS(Female).",,,Babu Chowk S-1,026060101,,0,545,545,,,
"",,,,Moh: Tanki S-1,026060102,,0,496,496,,,
"",Total:,,,,,,0,1041,1041,0,3,3
89,"Govt Degree College, Khalabat(Male).",,,Police Chowki,026060103,,824,0,824,,,
"",,,,Chandni Chowk,026060104,,658,0,658,,,
"",Total:,,,,,,1482,0,1482,4,0,4
90,"Govt Primary School No.2, S-1 KTS(Female).",,,Police Chowki,026060103,,0,712,712,,,
"",,,,Chandni Chowk,026060104,,0,609,609,,,
"",Total:,,,,,,0,1321,1321,0,4,4
91,"Govt Centenial Model High School S-1, KTS (Male)",,,Quareshi Chowk,026060105,,610,,610,,,
"",,,Syedan Chowk,026060106,,585,0,585,,,,
"",,,Moh: Thapla,026060107,,621,0,621,,,,
Total:,,,,,,1697,0,1697,4,0,4,
"Govt Girls High School , S- 1 KTS(Female)",,Quareshi Chowk,026060105,,0,512,512,,,,,
"",,,Syedan Chowk,026060106,,0,516,516,,,,
"",,,,Thapla,026060107,,0,511,511,,,
"",Total:,,,,,,0,1539,1539,0,4,4
93,Govt High School Sec No. 2 KTS    (Male),,Azam Chowk,026060201,,269,0,269,,,,
"",,,,Syedan Chowk,026060202,,405,0,405,,,
"",,,,Moh: Lalu Gali,026060203,,448,0,448,,,
"",Total:,,,,,,1122,0,1122,4,0,4
94,"Govt Girls Higher Secondary SchoolNo.2, KTS. (Female)",,,Azam Chowk,026060201,,0,266,266,,,
"",,,,Syedan Chowk,026060202,,0,371,371,,,
"",,,,Moh: Lalu Gali,026060203,,0,414,414,,,
"",Total:,,,,,,0,1051,1051,0,3,3
95,"Govt High School,S-2 KTS. (Male)",,,Moh: Lalu Gali,026060204,,583,0,583,,,
"",,,,Moh: Baseera,026060205,,767,0,767,,,
"",Total:,,,,,,1350,0,1350,4,0,4
96,"Govt Girls Higher Secondary SchoolNo.2, KTS. (Female)",,,Moh: Lalu Gali,026060204,,0,562,562,,,
"",,,Moh: Baseera,026060205,,0,665,665,,,,
Total:,,,,,,0,1227,1227,0,4,4,
"Govt Primary School No.1, S-2 KTS(Male)",,,Hussaini Chowk S-2,026060206,,670,0,670,,,,
"",,,Moh: Dhari S-2,026060207,,549,0,549,,,,
"",Total:,,,,,,1219,0,1219,4,0,4
98,"Govt Primary School No.3, S-2 KTS(Female)",,,Hussaini Chowk S-2,026060206,,0,562,562,,,
"",,,,Moh: Dhari S-2,026060207,,0,493,493,,,
"",Total:,,,,,,0,1055,1055,0,3,3
99,"Govt High School, S-3 KTS (Male).",,,Moh: Anowra,026060404,,838,0,838,,,
"",Total:,,,,,,838,0,838,3,0,3
100,"Govt High School, S-3 KTS (Male).",,,Moh: Dhari,026060405,,513,0,513,,,
"",,,,Moh: Khewa,026060406,,422,0,422,,,
"",total:,,,,,,935,0,935,3,0,3
101,"Govt Girls High School,S-3 KTS(Female).",,,Moh: Anowra,026060404,,0,775,775,,,
"",,,,Moh: Dhari,026060405,,0,490,490,,,
"",,,,Moh: Khewa,026060406,,0,398,398,,,
"",Total:,,,,,,0,1663,1663,0,4,4
102,"Govt Middle School,S-3 Khalabat. (Male)",,"Moh: BadhooColony",026060501,,577,0,577,,,,
"",,,Moh: New Khewa,026060502,,491,0,491,,,,
Total:,,,,,,1068,0,1068,3,0,3,
"Govt Girls Degree College, S-3 KTS.(Female)",,,"Moh: BadhooColony",026060501,,0,435,435,,,,
"",,,Moh: New Khewa,026060502,,0,399,399,,,,
"",Total:,,,,,,0,834,834,0,3,3
104,"Govt Primary School N0.1, S-3 KTS (Male).",,"Moh:Dhari ChowkS-3",026060503,,544,0,544,,,,
"",,,,Moh: Mamaya,026060504,,447,0,447,,,
"",,,,Moh: Kacchi S-3,026060505,,347,0,347,,,
"",Total:,,,,,,1338,0,1338,4,0,4
105,"Govt Primary School N0.2, S-3 KTS (Female).",,"Moh:Dhari ChowkS-3",026060503,,0,531,531,,,,
"",,,,Moh: Mamaya,026060504,,0,390,390,,,
"",,,,Moh: Kacchi S-3,026060505,,0,337,337,,,
"",Total:,,,,,,0,1258,1258,0,4,4
106,"Govt Primary School No.2, S-4 KTS (Male).",,Moh: Darband S-4,026060301,,326,0,326,,,,
"",,,,Moh: Darband S-4,026060303,,1109,0,1109,,,
"",Total:,,,,,,1435,0,1435,4,0,4
107,"Govt Technical Training Center,S-4 KTS (Female).",,Moh: Darband S-4,026060301,,0,262,262,,,,
"",,,,Moh: Darband S-4,026060303,,0,900,900,,,
"",Total:,,,,,,0,1162,1162,0,4,4
108,"Govt High School, S-4 KTS (Male).",,,Moh: New Qazian,026060302,,391,0,391,,,
"",,,Moh: Khalabat S-4,026060304,,608,0,608,,,,
Total:,,,,,,999,0,999,3,0,3,
109,"Govt High School, S-4 KTS (Male).",,,Moh: Khalabat S-4,026060305,,395,0,395,,,
"",,,,Moh: Daragri,026060306,,576,0,576,,,
"",Total:,,,,,,971,0,971,3,0,3
110,"Govt Girls Higher Secondary SchoolNo.4, KTS (Female).",,,Moh: New Qazian,026060302,,0,361,361,,,
"",,,,Moh: Khalabat S-4,026060304,,0,560,560,,,
"",Total:,,,,,,0,921,921,0,3,3
111,"Govt Girls Higher Secondary SchoolNo.4, KTS (Female).",,,Moh: Khalabat S-4,026060305,,0,354,354,,,
"",,,,Moh: Daragri,026060306,,0,472,472,,,
"",Total:,,,,,,0,826,826,0,3,3
112,"Govt Primary School No.1, S-4 KTS .",,,Moh: Darband S-4,026060307,,672,574,1246,,,
"",Total:,,,,,,672,574,1246,2,2,4
113,"Govt Middle School,S-4 KTS (Male).",,,Moh: Phuldar S-4,026060401,,545,0,545,,,
"",,,,Moh: Khabal S-4,026060402,,489,0,489,,,
"",Total:,,,,,,1034,0,1034,3,0,3
114,"Govt Middle School,S-4 KTS (Male).",,,Moh: Kia S-4,026060403,,440,0,440,,,
"",,,Moh: Civil HS S-4,026060407,,691,0,691,,,,
Total:,,,,,,1131,0,1131,4,0,4,
"Govt Girls Primary School, Moh:Khabal S-4 KTS (Female).",,,Moh: Phuldar S-4,026060401,,0,472,472,,,,
"",,,,Moh: Khabal S-4,026060402,,0,419,419,,,
"",,,,Moh: Kia S-4,026060403,,0,365,365,,,
"",,,,"Moh: Civil Hosp, S-",026060407,,0,564,564,,,
"",Total:,,,,,,0,1820,1820,0,4,4
116,"Govt Primary School, DoyanAbi.(Male)",Doyan Abi,026011601,,,,650,0,650,,,
"",,Alam,026011605,,,,269,0,269,,,
"",Total:,,,,,,919,0,919,3,0,3
117,"Govt Girls Primary School, Doyan Abi","Doyan Abi(Female).",026011601,,,,0,567,567,,,
"",,Alam,026011605,,,,0,268,268,,,
"",Total:,,,,,,0,835,835,0,3,3
118,"Govt Primary School, New Jora PindHaripur. (Male)",Meelam,026011602,,,,395,0,395,,,
"",,Meelam,026011603,,,,683,0,683,,,
"",,Meelam,026011604,,,,145,0,145,,,
"",Total:,,,,,,1223,0,1223,4,0,4
119,"Govt Commerce College, Haripur.(Female)",Meelam,026011602,,,,0,338,338,,,
"",Meelam,026011603,,,,0,663,663,,,,
"",Meelam,026011604,,,,0,135,135,,,,
Total:,,,,,,0,1136,1136,0,4,4,
120,"Govt Primary School, Makhan. (Male)",Makhan,026020601,,,,806,0,806,,,
"",,Makhan,026020602,,,,597,0,597,,,
"",Total:,,,,,,1403,0,1403,4,0,4
121,"Govt Girls Middle School,Makhan. (F","Makhanmale)",026020601,,,,0,733,733,,,
"",,Makhan,026020602,,,,0,498,498,,,
"",Total:,,,,,,0,1231,1231,0,4,4
122,"Govt High School, Dobandi. (Male)",Dobandi,026020605,,,,1026,0,1026,,,
"",Total:,,,,,,1026,0,1026,3,0,3
123,"Govt High School, Dobandi( Female)",Dobandi,026020605,,,,0,868,868,,,
"",total:,,,,,,0,868,868,0,3,3
124,"Govt Primary School, Chour (Male).",Chour,026020701,,,,1275,0,1275,,,
"",Total:,,,,,,1275,0,1275,4,0,4
125,"Govt Primary School, Chour (Female).",Chour,026020701,,,,0,1035,1035,,,
"",Total:,,,,,,0,1035,1035,0,3,3
126,"Govt Girls Primary School, Chour.(Male)",Chour,026020702,,,,624,0,624,,,
"",Check Sikander,ur 026020704,,,,186,0,186,,,,
"",Khewa,026020803,,,,1,0,1,,,,
Total:,,,,,,811,0,811,3,0,3,
127,"Govt Girls Primary School, Chour.(Feamle)",Chour,026020702,,,,0,508,508,,,
"",,Check Sikander,ur 026020704,,,,0,115,115,,,
"",,Khewa,026020803,,,,0,0,0,,,
"",Total:,,,,,,0,623,623,0,2,2
128,"Govt Primary School, Qazian.",Qazian,026020703,,,,474,427,901,,,
"",,Qazian,026020705,,,,408,371,779,,,
"",Total:,,,,,,882,798,1680,2,2,4
129,"Govt Primary School, Padhana.",Padahana,026020804,,,,540,425,965,,,
"",Total:,,,,,,540,425,965,2,1,3
130,"Govt Girls High School , Basso Maira.(Male)","Jaugal (BassoMaira)",026020801,,,,1029,0,1029,,,
"",Total:,,,,,,1029,0,1029,3,0,3
131,"Govt Girls High School , BassoMaira.(Female)","Jaugal (BassoMaira)",026020801,,,,0,971,971,,,
"",Total:,,,,,,0,971,971,0,3,3
132,"Basic Health Unit, Jaugal.",Jaugal,026020802,,,,419,342,761,,,
Total:,,,,,,419,342,761,1,1,2,
"Govt Girls Higher Secondary School,Panian. (Female)",Panian,026020901,,,,0,914,914,,,,
"",Panian,026020905,,,,0,261,261,,,,
"",Panian,026020906,,,,0,166,166,,,,
"",,Panian,026020907,,,,0,34,34,,,
"",Total:,,,,,,0,1375,1375,0,4,4
134,"Govt Primary School No.2, Panian.",Panian,026020902,,,,337,298,635,,,
"",,Panian,026020908,,,,254,206,460,,,
"",Total:,,,,,,591,504,1095,2,2,4
135,"Govt Primary School No.1, Panian.",Panian,026020903,,,,284,263,547,,,
"",,Panian,026020909,,,,144,122,266,,,
"",,Panian,026020910,,,,157,134,291,,,
"",Total:,,,,,,585,479,1104,2,2,4
136,"Govt Primary School,Pharoo.",Pharoo,026020904,,,,368,287,655,,,
"",,Pharoo,026020911,,,,162,143,305,,,
"",Total:,,,,,,530,430,960,2,1,3
137,"Govt Middle School, New Mamaya.",Mamaya,026020101,,,,130,104,234,,,
"",,Narra,026020102,,,,280,227,507,,,
"",,Bahdo,026020103,,,,21,17,38,,,
"",,Khalabat,026020104,,,,0,0,0,,,
"",Total:,,,,,,431,348,779,1,1,2
"","Govt Higher Secondary School,Panian.(Male)",Panian,026020901,,,,1058,0,1058,,,
138,,Panian,026020905,,,,303,0,303,,,
"",,Panian,026020906,,,,167,0,167,,,
"",,Panian,026020907,,,,48,0,48,,,
"",Total:,,,,,,1576,0,1576,4,0,4
139,"Govt Primary School, Abdullah Pur.",Abdullah Pur,026021701,,,,367,260,627,,,
"",Total:,,,,,,367,260,627,1,1,2
140,"Govt Primary School, Ganiya.",Ganiya,026021702,,,,292,252,544,,,
"",,Todu,026021703,,,,282,231,513,,,
"",Total:,,,,,,574,483,1057,2,1,3
141,"Govt Primary School, Kangra Village.",Kangra Village,026021706,,,,1001,745,1746,,,
"",,Kangra (Moh: D,rg0a2ri6)021707,,,,71,48,119,,,
"",Total:,,,,,,1072,793,1865,2,2,4
142,"Govt Girls High School, Kangra.(Male)",Kangra Colony,-1026021704,,,,982,0,982,,,
"",Total:,,,,,,982,0,982,3,0,3
143,"Govt Girls High School, Kangra.(Female)",Kangra Colony,-1026021704,,,,0,829,829,,,
"",Total:,,,,,,0,829,829,0,3,3
144,"Govt High School,Kangra.",Kangra Colony,-1026021709,,,,750,691,1441,,,
Total:,,,,,,750,691,1441,2,2,4,
145,"Govt High School,Kangra.",Kangra Colony,-1026021708,,,,700,588,1288,,,
"",Total:,,,,,,700,588,1288,2,2,4
146,"Govt Primary School No.2, Kangra.(Male)",Kangra Colony,-2026021705,,,,380,0,380,,,
"",,Kangra Colony,-2026021710,,,,399,0,399,,,
"",,Kangra Colony,-2026021711,,,,530,0,530,,,
"",Total:,,,,,,1309,0,1309,4,0,4
147,"Govt Girls Community MiddleSchool, Kangra Colony S-2 (Female).",Kangra Colony,-2026021705,,,,0,298,298,,,
"",,Kangra Colony,-2026021710,,,,0,284,284,,,
"",,Kangra Colony,-2026021711,,,,0,522,522,,,
"",Total:,,,,,,0,1001,1001,0,3,3
148,"Govt Girls Middle School, Bugnian.",Baka,026021101,,,,638,576,1214,,,
"",Total:,,,,,,638,576,1214,2,2,4
149,"Govt Primary School, BakaJabbi.(Male)",Baka,026021102,,,,379,0,379,,,
"",,Baka,026021103,,,,670,0,670,,,
"",Total:,,,,,,1049,0,1049,3,0,3
150,"Govt Girls  Primary School, BakaJabbi. (Female)",Baka,026021102,,,,0,287,287,,,
"",Baka,026021103,,,,0,510,510,,,,
Total:,,,,,,0,797,797,0,2,2,
151,"Govt Girls MiddleSchool,Bhera.(Male)",Bhera,026021001,,,,638,0,638,,,
"",,Bhera,026021002,,,,384,0,384,,,
"",,Bhera,026021003,,,,409,0,409,,,
"",Total:,,,,,,1431,0,1431,4,0,4
152,"Govt Girls Primary School,Bhera.(Female)",Bhera,026021001,,,,0,581,581,,,
"",,Bhera,026021002,,,,0,337,337,,,
"",,Bhera,026021003,,,,0,293,293,,,
"",Total:,,,,,,0,1211,1211,0,4,4
153,"Govt Girls High School, KaluPind.(Male)",Kalu Pind,026021006,,,,577,0,577,,,
"",,Kalu Pind,026021007,,,,486,0,486,,,
"",Total:,,,,,,1063,0,1063,3,0,3
154,"Govt Girls High School, Kalu Pind.(Female)",Kalu Pind,026021006,,,,0,462,462,,,
"",,Kalu Pind,026021007,,,,0,425,425,,,
"",Total:,,,,,,0,887,887,0,3,3
155,"Govt: Girls High School, Gadwallian.(Male)",Gadwallian,026021004,,,,512,0,512,,,
"",Gadwallian,026021005,,,,722,0,722,,,,
Total:,,,,,,1234,0,1234,4,0,4,
"Govt: Girls High School, Gadwallian.(Female)",Gadwallian,026021004,,,,0,478,478,,,,
"",,Gadwallian,026021005,,,,0,664,664,,,
"",Total:,,,,,,0,1142,1142,0,4,4
157,"Govt High School, Sarri.",Sarri,026021008,,,,455,420,875,,,
"",,Sarri,026021011,,,,240,221,461,,,
"",Total:,,,,,,695,641,1336,2,2,4
158,"Govt Primary School, Sarri.",Sarri,026021009,,,,281,248,529,,,
"",,Sarri,026021010,,,,225,215,440,,,
"",Total:,,,,,,506,463,969,2,2,4
159,"Govt Primary School,Koklian.",Koklian,026021104,,,,365,311,676,,,
"",,Koklian,026021105,,,,357,276,633,,,
"",Total:,,,,,,722,587,1309,2,2,4
160,"Govt Primary School,Gharian.",Gharian,026021106,,,,328,285,613,,,
"",,Gharian,026021107,,,,152,144,296,,,
"",,Gharian,026021108,,,,287,218,505,,,
"",Total:,,,,,,767,647,1414,2,2,4
161,"Govt English Medium PrimarySchool, Dheendah.(Male)",Dheendah,026021806,,,,272,0,272,,,
"",Dheendah,026021808,,,,683,0,683,,,,
Total:,,,,,,955,0,955,3,0,3,
162,"Govt English Medium PrimarySchool, Dheendah.(Male)",Dheendah,026021807,,,,408,0,408,,,
"",,Dheendah,026021809,,,,427,0,427,,,
"",Total:,,,,,,835,0,835,3,0,3
163,"Govt  High School,Dheendah.(Female)",Dheendah,026021806,,,,0,229,229,,,
"",,Dheendah,026021808,,,,0,622,622,,,
"",Total:,,,,,,0,851,851,0,3,3
164,"Govt  High School,Dheendah.(Female)",Dheendah,026021807,,,,0,341,341,,,
"",,Dheendah,026021809,,,,0,392,392,,,
"",Total:,,,,,,0,733,733,0,2,2
165,"Govt Primary School, Kalas.(Male)",Kalas,026021801,,,,310,0,310,,,
"",,Kalas,026021803,,,,371,0,371,,,
"",,Kalas,026021805,,,,266,0,266,,,
"",Total:,,,,,,947,0,947,3,0,3
166,"Govt Primary School, Kalas.(Male)",Kalas,026021802,,,,514,0,514,,,
"",Kalas,026021804,,,,403,0,403,,,,
Total:,,,,,,917,0,917,3,0,3,
"Govt Girls Primary School,Kalas.(Female)",Kalas,026021801,,,,0,237,237,,,,
"",Kalas,026021803,,,,0,293,293,,,,
"",,Kalas,026021805,,,,0,244,244,,,
"",Total:,,,,,,0,774,774,0,2,2
168,"Govt Girls Primary School,Kalas.(Female)",Kalas,026021802,,,,0,416,416,,,
"",Kalas,026021804,,,,0,358,358,,,,
Total:,,,,,,0,774,774,0,2,2,
