"",1,,GGPS No. 3 Tank,,گورنمنٹ گرلز پرائمری سکول نمبر ٣ ٹانک,,Mohalla Maidan,,,,062050101,,0,,460,,460,,0,,3,,3,,Female,
"",,,,,,,Mohalla Sheikhan Wala / Qazian Wala,,,,062050205,,0,,490,,490,,,,,,,,,
"",2,,GGPS Mianwali,,گورنمنٹ گرلز پرائمری سکول مياں ولی,,Mohalla Maidan,,,,062050101,,609,,0,,609,,4,,0,,4,,Male,
"",,,,,,,Mohalla Sheikhan Wala / Qazian Wala,,,,062050205,,615,,0,,615,,,,,,,,,
"",3,,GSSCMHS No.1 Tank,,گورنمنٹ شہيدشيرنوازسينٹنيل ماڈل ہائی سکول نمبر١ ٹانک,,Mohalla Maidan,,,,062050102,,0,,383,,383,,0,,2,,2,,Female,
"",,,,,,,Mohalla Qasaban,,,,062050103,,0,,357,,357,,,,,,,,,
"",4,,GPS No.2 Branch,,گورنمنٹ پرائمری سکول نمبر٢برانچ,,Mohalla Maidan,,,,062050102,,510,,0,,510,,3,,0,,3,,Male,
"",,,,,,,Mohalla Qasaban,,,,062050103,,436,,0,,436,,,,,,,,,
"",5,,GPS No.3,,گورنمنٹ پرائمری سکول نمبر٣,,Gulshan  Colony / Phul Shah Basti,,,,062050104,,0,,521,,521,,0,,2,,2,,Female,
"",,,,,,,Gulshan Colony,,,,062050106,,0,,192,,192,,,,,,,,,
"",6,,"M.C Building, Tank",,ميونسپل کميٹی بلڈنگ، ٹانک,,Gulshan  Colony / Phul Shah Basti,,,,062050104,,617,,0,,617,,2,,0,,2,,Male,
"",,,,,,,Gulshan Colony,,,,062050106,,254,,0,,254,,,,,,,,,
"",7,,"GGPS Mohalla Mehsoodan, Tank",,"گورنمنٹ گرلز پرائمری سکول محلہ محسودان, ٹانک",,Phul Shah Basti / Moh:Mehsoodan,,,,062050105,,0,,374,,374,,0,,3,,3,,Female,
"",,,,,,,Barki Abad,,,,062050107,,0,,541,,541,,,,,,,,,
"",8,,GHS No.3 Tank,,گورنمٹ ہائی سکول نمبر٣ ٹانک,,Phul Shah Basti / Moh:Mehsoodan,,,,062050105,,489,,0,,489,,2,,0,,2,,Male,
"",,,,,,,Barki Abad,,,,062050107,,670,,0,,670,,,,,,,,,
"",9,,GGMS Qutab Colony Tank,,گورنمٹ گرلز مڈل سکول قطب کالونی ٹانک,,Qutab Colony,,,,062050206,,0,,437,,437,,0,,3,,3,,Female,
"",,,,,,,Qutab Colony,,,,062050207,,0,,435,,435,,,,,,,,,
"",,,,,,,Qutab Colony,,,,062050208,,0,,288,,288,,,,,,,,,
"",10,,GPS Qutab Colony Tank,,گورنمنٹ   پرائمری سکول قطب کالونی ٹانک,,Qutab Colony,,,,062050206,,672,,0,,672,,3,,0,,3,,Male,
"",,,,,,,Qutab Colony,,,,062050207,,545,,0,,545,,,,,,,,,
"",,,,,,,Qutab Colony,,,,062050208,,339,,0,,339,,,,,,,,,
"",11,,GGHS No.1 Tank,,گورنمٹ گرلز  ہائی سکول نمبر١ ٹانک,,Mohalla Sheikhan Wala / Sabir Abad,,"!",,062050202,,0,,568,,568,,0,,3,,3,,Female,
"",,,,,,,Mohalla Sheikhan Wala/ Qazian Wala,,,,062050204,,0,,332,,332,,,,,,,,,
"",12,,GHS No.2 Tank,,گورنمٹ ہائی سکول نمبر٢ ٹانک,,Mohalla Sheikhan Wala / Sabir Abad,,"!",,062050202,,734,,0,,734,,3,,0,,3,,Male,
"",,,,,,,Mohalla Sheikhan Wala/ Qazian Wala,,,,062050204,,417,,0,,417,,,,,,,,,
"",13,,"Govt. Girls Degree College, Tank",,گورنمٹ گرلز ڈگری کالج ٹانک,,Sheikhan Wala,,,,062050203,,0,,741,,741,,0,,2,,2,,Female,
"",14,,GPS Sabirabad,,گورنمنٹ پرائمری سکول صابر آباد,,Sheikhan Wala,,,,062050203,,921,,0,,921,,2,,0,,2,,Male,
"",,,,Mohalla Khudrianwala,,""""" """"#$$ $$&",,062050201,,0,,458,,458,,,,,,,,,,,,
"",,,,Mohalla Khudrian Wala/ Dost Muhammad Kati Khel,,"'()+,"""" """"#$$ $&$",,062050301,,0,,469,,469,,,,,,,,,,,,
"",16,,GPS No.1 Tank,,گورنمنٹ پرائمری سکول نمبر١ٹانک,,Mohalla Khudrianwala,,""""" """"#$$ $$&",,062050201,,609,,0,,609,,3,,0,,3,,Male,
"",,,,,,,Mohalla Khudrian Wala/Dost Muhammad Kati Khel,,"'()+,"""" """"#$$ $&$",,062050301,,545,,0,,545,,,,,,,,,
"",17,,GGPS No.2 Tank,,گورنمنٹ گرلز پرائمری سکول نمبر٢ ٹانک,,Mohalla Dost Muhammad Kati Khel,,"'()+,",,062050302,,0,,342,,342,,0,,2,,2,,Female,
"",,,,,,,Mohalla Doctor Rab Nawaz,,- .#/ 0,,062050308,,0,,455,,455,,,,,,,,,
"",18,,GPS No.2 Tank,,گورنمنٹ پرائمری سکول نمبر٢ ٹانک,,Mohalla Dost Muhammad Kati Khe,,"'()+,",,062050302,,450,,0,,450,,2,,0,,2,,Male,
"",,,,,,,Mohalla Doctor Rab Nawaz,,- .#/ 0,,062050308,,496,,0,,496,,,,,,,,,
"",19,,GGHS No.2 Tank,,گورنمٹ گرلز ہائی سکول نمبر٢ ٹانک,,Civil Line,,123,,062050303,,0,,395,,395,,0,,2,,2,,Female,
"",,,,,,,Civil Line,,123,,062050304,,0,,166,,166,,,,,,,,,
"",,,,,,,Wazir Abad,,""""" """"-,",,062050305,,0,,276,,276,,,,,,,,,
"",20,,Agricultural Office Tank,,زراعت دفتر ٹانک,,Civil Line,,123,,062050303,,653,,0,,653,,4,,0,,4,,Male,
"",,,,,,,Civil Line,,123,,062050304,,314,,0,,314,,,,,,,,,
"",,,,,,,Wazir Abad,,""""" """"-,",,062050305,,397,,0,,397,,,,,,,,,
"",21,,GGPS Wapda Coloney,,گورنمنٹ گرلز پرائمری سکول واپڈه کالونی,,Ellahi Abad/Sakhi Abad,,4566 66 78,,062050306,,0,,204,,204,,0,,2,,2,,Female,
"",,,,,,,Ellahi Abad,,566 66 78,,062050307,,0,,461,,461,,,,,,,,,
"",22,,GMS Cantt: Tank,,گورنمٹ مڈل سکول کينٹ ٹانک,,Ellahi Abad/Sakhi Abad,,4566 66 78,,062050306,,294,,0,,294,,2,,0,,2,,Male,
"",,,,,,,Ellahi Abad,,566 66 78,,062050307,,546,,0,,546,,,,,,,,,
"",23,,GPS Kirri Wadati,,گورنمنٹ پرائمری سکول کڑی ودتی,,Mullazai (Badin Khel/Wadati),,"9: , ';<=>-?",,062010101,,751,,504,,1255,,2,,1,,3,,Combined,
"",24,,GHS Mullazai,,گورنمٹ ہائی سکول م0زئی,,Mullazai(Mohalla Haji Khel / Suleman Zai),,9>-@ 'AB=>-?,,062010102,,785,,664,,1449,,2,,1,,3,,Combined,
"",25,,GGPS Mullazai,,گورنمنٹ گرلز پرائمری سکول م0زئی,,Mullazai(Mohalla Zangi Khel / Khawaji Khel),,9'A C 'D-=>-?,,062010103,,0,,970,,970,,0,,2,,2,,Female,
"",26,,GPS No.2 Mullazai,,گورنمنٹ پرائمری سکول نمبر٢ م0زئی,,Mullazai(Mohalla Gulshan Abad / Johar Abad),,"9FEE EE G=>-?",,062010104,,0,,524,,524,,0,,3,,3,,Female,
"",,,,,,,Mullazai (Kaka Khel),,9'H=>-?,,062010105,,0,,369,,369,,,,,,,,,
"",,,,,,,Mullazai (Kaka Khel Sharki),,9IJ'H=>-?,,062010106,,0,,329,,329,,,,,,,,,
"",27,,GHS Kaka Khel (South Portion),,گورنمٹ ہائی سکول ککا خيل)جنوبی حصہ(,,Mullazai (Kaka Khel),,9'H=>-?,,062010105,,496,,0,,496,,3,,0,,3,,Male,
"",,,,,,,Mullazai (Kaka Khel Sharki),,9IJ'H=>-?,,062010106,,487,,0,,487,,,,,,,,,
"",28,,GPS Midad Khel,,گورنمنٹ پرائمری سکول ميداد خيل,,Midad Khel,,',,062010201,,302,,218,,520,,2,,1,,3,,Combined,
"",,,,,,,Midad Khel (Dara Bain),,9K # =',,062010202,,353,,232,,585,,,,,,,,,
"",29,,GHS Umer Khel,,گورنمنٹ ہائی سکول عمر خيل,,Umar Khel (Said Muhammad Karoona),,"9L,#M)N='O",,062010203,,0,,51,,51,,0,,3,,3,,Female,
"",,,,Umar Khel (Fakiraan),,9P='O,,062010204,,0,,269,,269,,,,,,,,,,,,
"",,,,Umar Khel (Mir Azam Karoona),,"9L,#MQ R='O",,062010207,,0,,178,,178,,,,,,,,,,,,
"",,,,Umar Khel (Nai Abadi),,9STT TT U='O,,062010208,,0,,470,,470,,,,,,,,,,,,
"",,,,Umar Khel(Lagharr Mala Khel),,9'?VV VVW='O,,062010205,,0,,99,,99,,,,,,,,,,,,
"",,,,Umar Khel(Babar Mala Khel),,9'?X='O,,062010209,,0,,161,,161,,,,,,,,,,,,
"",,,,Behtani Bai Cast,,+>ZZZZ [,,062010206,,0,,0,,0,,,,,,,,,,,,
"",,,,Umar Khel (Said Muhammad Karoona),,"9L,#M)N='O",,062010203,,90,,0,,90,,,,,,,,,,,,
"",,,,Umar Khel (Fakiraan),,9P='O,,062010204,,388,,0,,388,,,,,,,,,,,,
"",,,,,,,Umar Khel (Mir Azam Karoona),,"9L,#MQ R='O",,062010207,,368,,0,,368,,,,,,,,,
"",,,,,,,Umar Khel (Nai Abadi),,9STT TT U='O,,062010208,,835,,0,,835,,,,,,,,,
"",,,,,,,Behtani Bai Cast,,+>ZZ ZZ [,,062010206,,0,,0,,0,,,,,,,,,
"",31,,GPS No. 2 Ama Khel,,گورنمنٹ پرائمری سکول نمبر ٢ اماخيل,,Ama Khel (Shadi Khel / Sahibzi),,9S\! 'S='],,062010304,,0,,515,,515,,0,,2,,2,,Female,
"",,,,,,,Ama Khel (Balokar / Fateh Khel),,9'̂_`='],,062010305,,0,,374,,374,,,,,,,,,
"",32,,GPS No.1 Ama Khel,,گورنمنٹ پرائمری سکول نمبر١ اماخيل,,Ama Khel (Shadi Khel / Sahibzi),,9S\! 'S='],,062010304,,592,,0,,592,,3,,0,,3,,Male,
"",,,,,,,Ama Khel (Balokar / Fateh Khel),,9'̂_`='],,062010305,,430,,0,,430,,,,,,,,,
"",33,,RHC Ama Khel,,ار ايچ سی اماخيل,,Ama Khel,,'],,062010306,,0,,691,,691,,0,,4,,4,,Female,
"",,,,,,,Ama Khel (Shahi Khel),,9'a='],,062010307,,0,,599,,599,,,,,,,,,
"",34,,GHS Ama Khel Tank,,گورنمٹ ہائی سکول اماخيل ٹانک,,Ama Khel,,'],,062010306,,945,,0,,945,,4,,0,,4,,Male,
"",,,,,,,Ama Khel (Shahi Khel),,9'a='],,062010307,,770,,0,,770,,,,,,,,,
"",35,,GMS Nandoor,,گورنمنٹ مڈل سکول نندور,,Ama Khel(Nandoor),,"9TT TT Q#,b=']",,062010301,,466,,351,,817,,2,,2,,4,,Combined,
"",,,,,,,Ama Khel(Nandoor),,"9#,b=']",,062010302,,455,,357,,812,,,,,,,,,
"",36,,GPS Faqirabad,,گورنمنٹ پرائمری سکول فقير آباد,,Ama Khel (Faqir Abad / Astan Khel),,9'cP='],,062010303,,487,,368,,855,,1,,1,,2,,Combined,
"",37,,GMS Lakki MichanKhel,,گورنمنٹ مڈل سکول لکی مچن خيل,,Nasran (Lakki Michen Khel),,"9'd%% ZZ ZZ e g=h",,062011001,,472,,345,,817,,2,,2,,4,,Combined,
"",,,,,,,Nasran (Kiri Shah Noor / Chini Michen Khel),,"9'd%% ZZ ZZ e 5jZZ ZZk #S_=h",,062011002,,681,,466,,1147,,,,,,,,,
"",38,,GPS Nasran,,گورنمنٹ پرائمری سکول نصران,,Daud Khel,,' l,,062011003,,518,,334,,852,,2,,2,,4,,Combined,
"",,,,,,,Langer Khel,,'m,,062011004,,235,,167,,402,,,,,,,,,
"",,,,,,,Nasran,,h,,062011005,,375,,313,,688,,,,,,,,,
"",39,,GPS Taju Khel,,گورنمنٹ پرائمری سکول تاجو خيل,,Pai (Taju Khel / Dewani Khel),,9'n'G =>ZZ ZZ,,062010403,,0,,454,,454,,0,,2,,2,,Female,
"",,,,,,,Pai (Baber / Shadman Khel),,9']o X=>ZZ ZZ,,062010405,,0,,571,,571,,,,,,,,,
"",40,,GPS No.1 Pai,,گورنمنٹ پرائمری سکول نمبر١ پائی,,Pai (Taju Khel / Dewani Khel),,9'n'G =>ZZ ZZ,,062010403,,642,,0,,642,,3,,0,,3,,Male,
"",,,,,,,Pai (Baber / Shadman Khel),,9']o X>ZZ ZZ,,062010405,,708,,0,,708,,,,,,,,,
"",41,,GPS No.2 Pai,,گورنمنٹ پرائمری سکول نمبر٢ پائی,,Pai (Chaki Khel),,9'p=>ZZ ZZ,,062010402,,548,,0,,548,,1,,0,,1,,Male,
"",42,,GGPS Mohallah Quesrashian Pai,,گورنمنٹ گرلز پرائمری سکول محلہ قريشياں پائی,,Pai (Chaki Khel),,9'p=>ZZ ZZ,,062010402,,0,,414,,414,,0,,1,,1,,Female,
"",43,,GHS Pai,,گورنمٹ ہائی سکول پائی,,Pai (Shadman Khel),,9']o=>ZZ ZZ,,062010404,,627,,518,,1145,,1,,1,,2,,Combined,
"",44,,GPS Gharibabad,,گورنمنٹ پرائمری سکول غريب آباد,,Pai (Gharib Abad),,"9q"""" """" r=>ZZ ZZ",,062010401,,30,,25,,55,,1,,1,,2,,Combined,
"",,,,,,,Pai (Gharib Abad/ Bahadur Karoona),,"9L,#M# sq"""" """" r=>ZZ ZZ",,062010406,,113,,104,,217,,,,,,,,,
"",45,,GHS Muhammad Akbar,,گورنمٹ ہائی سکول محمد اکبر,,Pai (Gharib Abad),,"9q"""" """" r=>ZZ ZZ",,062010401,,54,,0,,54,,3,,0,,3,,Male,
"",,,,,,,Pai (Gharib Abad/ Bahadur Karoona),,"9L,#M# sq"""" """" r=>ZZ ZZ",,062010406,,226,,0,,226,,,,,,,,,
"",,,,,,,Muhammad Akbar,,t ),,062010501,,877,,0,,877,,,,,,,,,
"",46,,GPS No. 1 Muhammad Akbari,,گورنمٹ پرائمری سکول  نمبر1 محمد اکبر,,Muhammad Akbar,,t ),,062010501,,0,,759,,759,,0,,3,,3,,Female,
"",Pai (Gharib Abad),,"9q"""" """" r=>ZZ ZZ",,062010401,,0,,36,,36,,,,,,,,,,,,,,,
"",Pai (Gharib Abad/ Bahadur Karoona),,"9L,#M# sq"""" """" r=>ZZ ZZ",,062010406,,0,,208,,208,,,,,,,,,,,,,,,
"",47,,GMS Wandazalo,,گورنمنٹ مڈل سکول وانڈه ذلو,,Wanda Zalu,,"u $$ $$v ,",,062010502,,356,,0,,356,,2,,0,,2,,Male,
"",,,,,,,Wanda Zalu (Mir Hamza Karoona),,"9L,#M wR=u $$v$$,",,062010503,,455,,0,,455,,,,,,,,,
"",48,,GPS Wandazalo,,گورنمنٹ پرائمری سکول وانڈه ذلو,,Wanda Zalu,,"u $$ $$v ,",,062010502,,0,,259,,259,,0,,2,,2,,Female,
"",,,,,,,Wanda Zalu (Mir Hamza Karoona),,"9L,#M wR=u $$v$$,",,062010503,,0,,398,,398,,,,,,,,,
"",49,,GPS No.1 Tajori,,گورنمنٹ پرائمری سکول نمبر١ تجوڑی,,Tajori,,Sxy,,062010901,,0,,343,,343,,0,,2,,2,,Female,
"",,,,,,,Tajori,,Sxy,,062010902,,0,,849,,849,,,,,,,,,
"",50,,GHS Tajori,,گورنمٹ ہائی سکول تجوڑی,,Tajori,,Sxy,,062010901,,480,,0,,480,,3,,0,,3,,Male,
"",,,,,,,Tajori,,Sxy,,062010902,,987,,0,,987,,,,,,,,,
"",51,,GGPS Abizar,,گورنمنٹ گرلز پرائمری سکول ابی زر,,Abizar (Namdari),,9S# z=#-{,,062010903,,0,,505,,505,,0,,2,,2,,Female,
"",,,,,,,Abizar,,"#-{",,062010904,,0,,505,,505,,,,,,,,,
"",52,,GPS Abizar,,گورنمنٹ پرائمری سکول ابی زر,,Abizar (Namdari),,9S# z=#-{,,062010903,,625,,0,,625,,3,,0,,3,,Male,
"",,,,,,,Abizar,,"#-{",,062010904,,650,,0,,650,,,,,,,,,
"",53,,GGHS Gul Imamm,,گورنمٹ گرلز ہائی سکول گل امام,,Gul Imam (Ibrahim Khel / Badinzai),,"9>-;<|"""" """"}=~]",,062010803,,0,,953,,953,,0,,2,,2,,Female,
"",54,,GHSS Gul Imam (Right Portion),,گورنمٹ ہائيرسيکينڈری سکول گل امام )داياں حصہ(,,Gul Imam (Ibrahim Khel / Badinzai),,"9>-;<|"""" """"}=~]",,062010803,,1264,,0,,1264,,2,,0,,2,,Male,
"",55,,GHSS Gul Imam (Left Portion),,گورنمٹ ہائيرسيکينڈری سکول گل امام )باياں حصہ(,,Gul Imam (Nasran / Mangla),,9h=~],,062010804,,529,,0,,529,,3,,0,,3,,Male,
"",,,,,,,Gul Imam,,~],,062010805,,559,,0,,559,,,,,,,,,
"",,,,,,,Gul Imam (Mohallah Salim Zai),,9>-=~],,062010806,,289,,0,,289,,,,,,,,,
"",56,,GPS Sher Ali,,گورنمنٹ پرائمری سکول شير علی,,Sher Ali,,,,062010601,,428,,0,,428,,2,,0,,2,,Male,
"",,,,,,,Wanda Dost Muhammad,,")+,$$ $$v ,",,062010602,,195,,0,,195,,,,,,,,,
"",,,,,,,Shadi Khel,,'S,,062010608,,373,,0,,373,,,,,,,,,
"",57,,GMS Sher Ali,,گورنمٹ مڈل سکول شير علی,,Sher Ali,,,,062010601,,0,,327,,327,,0,,2,,2,,Female,
"",,,,,,,Wanda Dost Muhammad,,")+,$$v$$,",,062010602,,0,,126,,126,,,,,,,,,
"",,,,,,,Shadi Khel,,'S,,062010608,,0,,272,,272,,,,,,,,,
"",58,,GHS Akbari,,گورنمٹ ہائی سکول اکبری,,Akbari / Hazrat Ali Karoona,,"L,#MSt",,062010603,,347,,0,,347,,3,,0,,3,,Male,
"",,,,,,,Akbari / Muhammad Ameer Patwari Karoona,,"L,#MS#R )St",,062010604,,325,,0,,325,,,,,,,,,
"",,,,,,,Akbari,,St,,062010606,,320,,0,,320,,,,,,,,,
"",,,,,,,Akbari/ Mohallah Baloch,,`St,,062010607,,218,,0,,218,,,,,,,,,
"",59,,GGMS Daraki,,گورنمٹ گرلز مڈل سکول درکی,,Daraki (Shadman Khel),,9']=#,,062010701,,0,,221,,221,,0,,2,,2,,Female,
"",,,,Daraki (Sardari Khel/ Ibrahim Khel),,"9 |"""" """"}'S#=#",,062010706,,0,,163,,163,,,,,,,,,,,,
"",,,,Daraki (Badin Zai / Ibrahim Khel),,"9 |"""" """"}>-;<=#",,062010702,,0,,253,,253,,,,,,,,,,,,
"",,,,Daraki/ Habibi Karoona,,"L,#M#",,062010703,,0,,205,,205,,,,,,,,,,,,
"",,,,Daraki/ Badin Zai,,>-;<#,,062010707,,0,,195,,195,,,,,,,,,,,,
"",,,,Daraki (Shadman Khel),,9']=#,,062010701,,305,,0,,305,,,,,,,,,,,,
"",Daraki (Sardari Khel/ Ibrahim Khel),,"9|"""" """"}'S#=#",,062010706,,202,,0,,202,,,,,,,,,,,,,,,
"",Daraki (Badin Zai / Ibrahim Khel),,"9 |"""" """"}>-;<=#",,062010702,,891,,0,,891,,,,,,,,,,,,,,,
"",,,,Daraki/ Habibi Karoona,,"L,#M#",,062010703,,275,,0,,275,,,,,,,,,,,,
"",,,,,,,Daraki/ Badin Zai,,>-;<#,,062010707,,272,,0,,272,,,,,,,,,
"",61,,GGPS Hassan Jan Koroona Daraki,,گورنمنٹ گرلز پرائمرسکول حسن جان کورونہ درکی,,Daraki (Sardari Khel),,9']=#,,062010701,,152,,111,,263,,1,,1,,2,,Combined,
"",,,,,,,Daraki (Sardari Khel/ Ibrahim Khel),,"9|"""" """"}'S#=#",,062010706,,100,,81,,181,,,,,,,,,
"",62,,GPS Andari,,گورنمنٹ پرائمری سکول اندری,,Andari,,S#,,062010605,,612,,0,,612,,2,,0,,2,,Male,
"",,,,,,,Umar Khan,,O,,062010704,,151,,0,,151,,,,,,,,,
"",,,,,,,Khyber,,,,062010705,,201,,0,,201,,,,,,,,,
"",63,,GGPS Andari,,گورنمنٹ گرلز پرائمری سکول اندری,,Andari,,S#,,062010605,,0,,435,,435,,0,,2,,2,,Female,
"",,,,,,,Umar Khan,,O,,062010704,,0,,112,,112,,,,,,,,,
"",,,,,,,Khyber,,,,062010705,,0,,125,,125,,,,,,,,,
"",64,,GPS Mamdu Galu,,گورنمنٹ پرائمری سکول ممدو گلو,,Ghazi,,S-,,062010801,,161,,0,,161,,1,,0,,1,,Male,
"",,,,,,,Mumdu Galu,,",",,062010802,,155,,0,,155,,,,,,,,,
"",65,,GGPS Mamdu Galu,,گورنمنٹ گرلز  پرائمری سکول ممدو گلو,,Ghazi,,S-,,062010801,,0,,114,,114,,0,,1,,1,,Female,
"",,,,,,,Mumdu Galu,,",",,062010802,,0,,114,,114,,,,,,,,,
"",66,,GPS Shah Alam,,گورنمنٹ پرائمری سکول شاه عالم,,Shah Alam,,,,062020501,,652,,452,,1104,,2,,2,,4,,Combined,
"",,,,,,,Thathi Mianwali,,,,062020502,,232,,186,,418,,,,,,,,,
"",67,,GPS Rodi Khel,,گورنمنٹ پرائمری سکول روڈی خيل,,Rodi Khel,,"'S0,#",,062020601,,744,,492,,1236,,2,,1,,3,,Combined,
"",68,,GPS No. 1 Kot Kat,,گورنمنٹ پرائمری سکول نمبر١ کوٹ کٹ,,Kot Kat,,M,,062020503,,0,,530,,530,,0,,2,,2,,Female,
"",,,,,,,Ashpari,,S,,062020504,,0,,160,,160,,,,,,,,,
"",,,,,,,Nalla Mullazai,,>-?,,062020505,,0,,0,,0,,,,,,,,,
"",,,,,,,Jafran,,,,062020602,,0,,47,,47,,,,,,,,,
"",69,,GMS Kot Kat,,گورنمنٹ مڈل سکول کوٹ کٹ,,Kot Kat,,M,,062020503,,674,,0,,674,,3,,0,,3,,Male,
"",,,,,,,Ashpari,,S,,062020504,,252,,0,,252,,,,,,,,,
"",,,,,,,Nalla Mullazai,,>-?,,062020505,,0,,0,,0,,,,,,,,,
"",,,,,,,Jafran,,,,062020602,,79,,0,,79,,,,,,,,,
"",70,,GPS Pirwana,,گورنمنٹ پرائمری سکول پيروانہ,,Pir Wana,,"L ,",,062020701,,302,,235,,537,,2,,1,,3,,Combined,
"",,,,,,,Gola Kurai,,> #M2,,062020702,,281,,210,,491,,,,,,,,,
"",71,,GMS Naurang,,گورنمنٹ مڈل سکول نورنگ,,Naurang,,"#",,062020901,,435,,377,,812,,1,,1,,2,,Combined,
"",72,,GGPS No.1 Kot Pathan,,گورنمنٹ گرلز پرائمری سکول نمبر١ کوٹ پٹھان,,Kot Pathan,,M,,062020605,,0,,270,,270,,0,,3,,3,,Female,
"",,,,,,,Kot Pathan,,M,,062020606,,0,,753,,753,,,,,,,,,
"",73,,GPS No.1 Kot Pathan,,گورنمنٹ پرائمری سکول نمبر١کوٹ پٹھان,,Kot Pathan,,M,,062020605,,405,,0,,405,,4,,0,,4,,Male,
"",,,,Kot Pathan,,M,,062020606,,1241,,0,,1241,,,,,,,,,,,,
"",,,,Toran Kohna,,"#",,062020902,,0,,29,,29,,,,,,,,,,,,
"",Toran Nau,,"#",,062020903,,0,,432,,432,,,,,,,,,,,,,,,
"",Audal,,,,062020904,,0,,56,,56,,,,,,,,,,,,,,,
"",,,,Sheren,,,,062020907,,0,,179,,179,,,,,,,,,,,,
"",,,,,,,Noor Chiri,,"S ZZ ZZ#",,062020908,,0,,59,,59,,,,,,,,,
"",75,,GHS Touran Nau,,گورنمٹ ہائی سکول توران نو,,Toran Kohna,,"#",,062020902,,34,,0,,34,,3,,0,,3,,Male,
"",,,,,,,Toran Nau,,"#",,062020903,,519,,0,,519,,,,,,,,,
"",,,,,,,Audal,,,,062020904,,74,,0,,74,,,,,,,,,
"",,,,,,,Sheren,,,,062020907,,232,,0,,232,,,,,,,,,
"",,,,,,,Noor Chiri,,"S ZZ ZZ#",,062020908,,65,,0,,65,,,,,,,,,
"",76,,GPS Azami,,گورنمنٹ پرائمری سکول اعظمی,,Khanu,,¡¢,,062020905,,164,,120,,284,,2,,1,,3,,Combined,
"",,,,,,,Azami,,£,,062020906,,290,,251,,541,,,,,,,,,
"",77,,GGMS Ranwal,,گورنمٹ گرلز مڈل سکول رنوال,,Rakh Ranwal,,"#¤ #",,062020801,,0,,1,,1,,0,,3,,3,,Female,
"",,,,,,,Ranwal,,"#",,062020802,,0,,398,,398,,,,,,,,,
"",,,,,,,Ranwal,,"#",,062020803,,0,,579,,579,,,,,,,,,
"",,,,,,,Thathairi Malook,,"¥¦S§"""" """"  ̈ ̈©",,062020804,,0,,75,,75,,,,,,,,,
"",78,,GHS Ranwal,,گورنمٹ ہائی سکول رنوال,,Rakh Ranwal,,"#¤ #",,062020801,,2,,0,,2,,4,,0,,4,,Male,
"",,,,,,,Ranwal,,"#",,062020802,,513,,0,,513,,,,,,,,,
"",,,,,,,Ranwal,,"#",,062020803,,752,,0,,752,,,,,,,,,
"",,,,,,,Thathairi Malook,,"¥¦S§"""" """"  ̈ ̈©",,062020804,,90,,0,,90,,,,,,,,,
"",79,,GGHS Shahbaz,,گورنمٹ گرلز ہائی سکول شہباز,,Shahbaz,,-«,,062020703,,0,,396,,396,,0,,3,,3,,Female,
"",,,,,,,Shahbaz (Mohalla Shorian),,"9¡"""" """"#¬=-«",,062020704,,0,,316,,316,,,,,,,,,
"",,,,,,,Shahbaz (Mohalla Naseer Abad),,9­=-«,,062020705,,0,,462,,462,,,,,,,,,
"",80,,GHS Shahbaz,,گورنمٹ ہائی سکول شہباز,,Shahbaz,,-«,,062020703,,556,,0,,556,,5,,0,,5,,Male,
"",,,,,,,Shahbaz (Mohalla Shorian),,"9¡"""" """"#¬=-«",,062020704,,419,,0,,419,,,,,,,,,
"",,,,,,,Shahbaz (Mohalla Naseer Abad),,9­=-«,,062020705,,654,,0,,654,,,,,,,,,
"",81,,GPS Diyal Jamal,,گورنمنٹ پرائمری سکول ڈيال جمال,,Jamal Kurai,,> #M®,,062030201,,90,,67,,157,,1,,1,,2,,Combined,
"",,,,,,,Diyal,,""""" """"0",,062030202,,165,,115,,280,,,,,,,,,
"",82,,GGPS Bara Khel,,گورنمنٹ گرلز پرائمری سکول بره خيل,,Doulat Khan,,",",,062030203,,0,,118,,118,,0,,2,,2,,Female,
"",,,,,,,Bara Khel,,',,062030204,,0,,374,,374,,,,,,,,,
"",,,,,,,Gandi Bara Khel,,'S°,,062030205,,0,,208,,208,,,,,,,,,
"",83,,GMS Bara Khel,,گورنمنٹ مڈل سکول بره خيل,,Doulat Khan,,",",,062030203,,212,,0,,212,,3,,0,,3,,Male,
"",,,,,,,Bara Khel,,',,062030204,,428,,0,,428,,,,,,,,,
"",,,,,,,Gandi Bara Khel,,'S°,,062030205,,293,,0,,293,,,,,,,,,
"",84,,GPS Gul Din Koroona,,گورنمنٹ پرائمری سکول گل دين کورونہ,,Bhagwal,,±,,062021005,,143,,103,,246,,2,,2,,4,,Combined,
"",,,,Manjhi Khel,,'2],,062030102,,481,,274,,755,,,,,,,,,,,,
"",,,,Kot ALLAH daad,,3M,,062030103,,257,,241,,498,,,,,,,,,,,,
"",Khair Awan,,́,,062030104,,28,,19,,47,,,,,,,,,,,,,,,
"",,,,Mashoqa,,μ¶,,062030105,,4,,2,,6,,,,,,,,,,,,
"",,,,,,,Habib Watoo,,"·,",,062030106,,0,,0,,0,,,,,,,,,
"",,,,,,,Muharam,,~ ̧,,062030101,,226,,178,,404,,,,,,,,,
"",86,,GMS Cheena,,گورنمنٹ مڈل سکول چھينہ,,Sarfaraz,,- 1,,062021001,,0,,0,,0,,1,,1,,2,,Combined,
"",,,,,,,Nadir Ali Shah,,"#",,062021002,,0,,0,,0,,,,,,,,,
"",,,,,,,Kahu (China),,"9o»""""1⁄4"""" ©ZZ ZZ=3⁄4",,062021004,,442,,398,,840,,,,,,,,,
"",,,,,,,Dagar Kham,,~¿0,,062021007,,0,,0,,0,,,,,,,,,
"",87,,GPS Kahu,,گورنمنٹ پرائمری سکول کہو,,Kahu,,3⁄4,,062021003,,303,,264,,567,,1,,1,,2,,Combined,
"",88,,GGPS Safdar Ali Shah,,گورنمنٹ گرلز پرائمری سکول صفدر علی شاه,,Safdar Ali Shah,,"#À",,062021006,,243,,189,,432,,1,,1,,2,,Combined,
"",89,,GGMS Koro Khan,,گورنمٹ گرلز مڈل سکول کوڑو خان,,Koro Khan,,",xM",,062020603,,0,,193,,193,,0,,3,,3,,Female,
"",,,,,,,Koro Khan,,",xM",,062020604,,0,,719,,719,,,,,,,,,
"",90,,GPS Koro Khan,,گورنمنٹ پرائمری سکول کوڑو خان,,Koro Khan,,",xM",,062020603,,207,,0,,207,,3,,0,,3,,Male,
"",,,,,,,Koro Khan,,",xM",,062020604,,893,,0,,893,,,,,,,,,
"",91,,GGPS Gara Balouch,,گورنمنٹ گرلز پرائمری سکول گره بلوچ,,Gara Baloch,,` ¿,,062020106,,0,,361,,361,,0,,2,,2,,Female,
"",,,,,,,Gara Baloch (Purani Abadi),,9STT TTÁÁ ÁÂÁ=` ¿,,062020107,,0,,618,,618,,,,,,,,,
"",92,,GPS No.1 Gara Balouch,,گورنمنٹ  پرائمری سکول  نمبر١گره بلوچ,,Gara Baloch,,` ¿,,062020106,,492,,0,,492,,3,,0,,3,,Male,
"",,,,,,,Gara Baloch (Purani Abadi),,9STT TTÁÁ ÁÂÁ=` ¿,,062020107,,715,,0,,715,,,,,,,,,
"",93,,GGMS Gara Balouch,,گورنمٹ گرلز مڈل سکول گره بلوچ,,Gara Baloch,,` ¿,,062020108,,1001,,0,,1001,,3,,0,,3,,Male,
"",94,,GGPS Kot Piran,,گورنمنٹ گرلز پرائمری سکول کوٹ پيران,,Tank Dehat (Kot Piran),,9M=Ã Ä,,062020101,,291,,214,,505,,1,,1,,2,,Combined,
"",95,,District Council Building Tank,,ڈسٹرکٹ کونسل بلڈنگ ٹانک,,Tank Dehat (Yar Muhammad Koroona / Shahi Abad),,"9aL,#M)#"""" """"=Ã Ä",,062020104,,654,,486,,1140,,1,,1,,2,,Combined,
"",96,,GPS Kirri Ahmad Shah,,گورنمنٹ پرائمری سکول کڑی احمد شاه,,Tank Dehat (Kiri Ahmad Shah / Naimat Khel),,9'ÅÆ S_=Ã Ä,,062020105,,816,,547,,1363,,2,,1,,3,,Combined,
"",97,,Office of the XEN Public Health,,دفتر ايکسين پبلک ہيلتھ,,Tank Dehat (Yaqoob Colony),,9ÇÈ=Ã Ä,,062020102,,749,,496,,1245,,2,,1,,3,,Combined,
"",98,,GHS Gara Balouch,,گورنمٹ ہائی سکول گره بلوچ,,Tank Dehat (Daray Khan/Nai Basti),,9UÉ#  =Ã Ä,,062020103,,560,,413,,973,,1,,1,,2,,Combined,
"",99,,GHS Maghzai,,گورنمٹ ہائی سکول مغزئی,,Waraspoon (Maghzai),,"9>Ê=Ëx,",,062020401,,653,,411,,1064,,2,,1,,3,,Combined,
"",100,,GPS No.2 Maghzai,,گورنمنٹ پرائمری سکول نمبر2 مغزئی,,Waraspoon (Maghzai/Shadi Khel),,"9'S>Ê=Ëx,",,062020402,,616,,399,,1015,,2,,1,,3,,Combined,
"",101,,GMS Umer Adda,,گورنمنٹ مڈل سکول عمر اڈه,,Waraspoon (Jandar/Kot Isa Khan),,"9Ì5Í"""" """"M#Ï=Ëx,",,062020407,,664,,502,,1166,,2,,1,,3,,Combined,
"",102,,GGHS Aslam Khan Koroona,,گورنمٹ گرلز ہائی سکول اسلم خان کورونہ,,Waraspoon (Kot Said Khan),,"9NM=Ëx,",,062020408,,399,,330,,729,,2,,2,,4,,Combined,
"",,,,,,,Waraspoon (Kiri Ashaqi/Puk),,"9 ÄZZ ZZÐS_=Ëx,",,062020409,,374,,289,,663,,,,,,,,,
"",103,,GPS Fazal Mir Koroona,,گورنمنٹ پرائمری سکول فضل مير کورونہ,,Waraspoon (Kiri Haider),,"9#ÑS_=Ëx,",,062020403,,252,,216,,468,,1,,1,,2,,Combined,
"",,,,,,,Waraspoon (Kiri Haider/Moh:Balo Khel),,"9'̀#ÑS_=Ëx,",,062020404,,155,,132,,287,,,,,,,,,
"",,,,,,,Waraspoon (Kiri Haider),,"9#ÑS_=Ëx,",,062020405,,376,,279,,655,,,,,,,,,
"",,,,,,,Waraspoon (Kiri Haider),,"9#ÑS_=Ëx,",,062020406,,300,,233,,533,,,,,,,,,
"",104,,GHS Kirri Haider,,گورنمٹ ہائی سکول کڑی حيدر,,Waraspoon (Kiri Haider/Moh:Balo Khel),,"9'̀#ÑS_=Ëx,",,062020404,,154,,131,,285,,2,,2,,4,,Combined,
"",,,,,,,Waraspoon (Kiri Haider),,"9#ÑS_=Ëx,",,062020405,,377,,278,,655,,,,,,,,,
"",105,,BHU Kirri Haider,,بی ايچ يو کڑی حيدر,,Waraspoon (Kiri Haider),,"9#ÑS_=Ëx,",,062020406,,300,,232,,532,,1,,1,,2,,Combined,
"",106,,GMS Warooki,,گورنمنٹ مڈل سکول وڑوکی,,Dhana (Waroki),,"9,x,=o»Ò",,062020301,,699,,570,,1269,,2,,1,,3,,Combined,
"",107,,GPS Kirri Marwati,,گورنمنٹ پرائمری سکول کڑی مروتی,,Dhana (Kiri Marwati),,"9:,ÓS_=o»Ò",,062020302,,462,,379,,841,,2,,2,,4,,Combined,
"",108,,GGMS Ali Khel,,گورنمنٹ گرلز مڈل سکول علی خيل,,Dhana (Ali Khel/Janaki),,9ÔÕ '=o»Ò,,062020303,,698,,648,,1346,,3,,2,,5,,Combined,
"",109,,GHS Bazai,,گورنمٹ ہائی سکول بذئے,,Tatta (Bazai),,9Ö $$$$v=×,,062020207,,826,,629,,1455,,2,,1,,3,,Combined,
"",110,,GMS Chessan Kach,,گورنمنٹ مڈل سکول چيسن کچ,,Tatta (Chasen Kach),,"9Ød%%Ù"""" """"=×",,062020208,,276,,0,,276,,3,,0,,3,,Male,
"",,,,,,,Tatta (Chasen Kach),,"9Ød%%Ù"""" """"=×",,062020210,,842,,0,,842,,,,,,,,,
"",111,,GPS Chessan Kach,,گورنمنٹ پرائمری سکول چيسن کچ,,Tatta (Chasen Kach),,"9Ød%%Ù"""" """"=×",,062020208,,0,,213,,213,,0,,2,,2,,Female,
"",,,,,,,Tatta (Chasen Kach),,"9Ød%%Ù"""" """"=×",,062020210,,0,,573,,573,,,,,,,,,
"",112,,GPS Kirri Latti,,گورنمنٹ پرائمری سکول کڑی لٹی,,Tatta (Kiri Lati),,9ÛS_ =×,,062020206,,320,,279,,599,,1,,1,,2,,Combined,
"",113,,GPS Kot Gulan,,گورنمنٹ پرائمری سکول کوٹ گ0ن,,Tatta (Aba Khel/Kot Gulan),,9ÜM '=×,,062020209,,611,,483,,1094,,2,,1,,3,,Combined,
"",114,,GGPS Kirri Umer Khan,,گورنمنٹ گرلز پرائمری سکول کڑی عمر خان,,Kirri Lati,,ÛS_,,062020203,,0,,610,,610,,0,,4,,4,,Female,
"",,,,,,,Kirri Umer Khan/ Kirri Dabak,,Ä S_OS_,,062020204,,0,,891,,891,,,,,,,,,
"",,,,,,,Tatta (Kiri Umar Khan),,9OS_ =×,,062020205,,0,,72,,72,,,,,,,,,
"",115,,GPS Kiri Umer Khan,,گورنمنٹ پرائمری سکول کڑی عمر خان,,Kirri Lati,,ÛS_,,062020203,,758,,0,,758,,4,,0,,4,,Male,
"",,,,,,,Kirri Umer Khan/ Kirri Dabak,,Ä S_OS_,,062020204,,1137,,0,,1137,,,,,,,,,
"",,,,,,,Tatta (Kiri Umar Khan),,9OS_ =×,,062020205,,107,,0,,107,,,,,,,,,
"",116,,GGPS Manazai,,گورنمنٹ گرلز پرائمری سکول منزئی,,Tatta (Manzai),,9>Ý=×,,062020201,,799,,602,,1401,,2,,1,,3,,Combined,
"",,,,,,,Tatta (Kanazai),,9Ö $$Þ$$=×,,062020202,,289,,225,,514,,,,,,,,,
"",117,,GPS Kanazai,,گورنمنٹ پرائمری سکول کنزائی,,Tatta (Kanazai),,9Ö $$Þ$$=×,,062020202,,289,,225,,514,,2,,1,,3,,Combined,
"",118,,GGMS Fateh Chadrar,,گورنمٹ گرلز مڈل سکول فتح چدھرڑ,,Fateh Chadrar,,"xß$$&$$ZZ ZZ̂",,062030401,,0,,369,,369,,0,,2,,2,,Female,
"",,,,,,,Fateh Chadrar (Gharbi),,"9{r=xß$$&$$ZZ ZZ̂",,062030402,,0,,310,,310,,,,,,,,,
"",,,,,,,Fateh Chadrar (Masjid Shaheedan),,"9àá=xß$$&$$ZZ ZZ̂",,062030406,,0,,266,,266,,,,,,,,,
"",119,,BHU Fateh Chadrar,,بی ايچ يو فتح چدھرڑ,,Fateh Chadrar,,"xß$$&$$ZZ ZZ̂",,062030401,,412,,0,,412,,3,,0,,3,,Male,
"",,,,,,,Fateh Chadrar (Gharbi),,"9{r=xß$$&$$ZZ ZZ̂",,062030402,,372,,0,,372,,,,,,,,,
"",,,,,,,Fateh Chadrar (Masjid Shaheedan),,"9àá=xß$$&$$ZZ ZZ̂",,062030406,,329,,0,,329,,,,,,,,,
"",120,,GGPS Pathar,,گورنمنٹ گرلز پرائمری سکول پتھر,,Gara Pather,,â ¿,,062030404,,0,,856,,856,,0,,2,,2,,Female,
"",,,,,,,Kalu Parangi,,Dã,,062030405,,0,,129,,129,,,,,,,,,
"",121,,GPS Pathar,,گورنمنٹ پرائمری سکول پتھر,,Gara Pather,,â ¿,,062030404,,1195,,0,,1195,,3,,0,,3,,Male,
"",,,,,,,Kalu Parangi,,Dã,,062030405,,161,,0,,161,,,,,,,,,
"",122,,GPS Kot Mitho,,گورنمنٹ پرائمری سکول کوٹ مٹھو,,Kot Mittu,,äM,,062030403,,921,,702,,1623,,2,,1,,3,,Combined,
"",123,,GHS Tatoor,,گورنمٹ ہائی سکول تتور,,Toran Tatoor,,"#åå ååæ#",,062030501,,181,,134,,315,,2,,1,,3,,Combined,
"",,,,,,,Tatoor,,"#åå ååæ",,062030502,,533,,434,,967,,,,,,,,,
"",,,,,,,Tatoor,,"#åå ååæ",,062030503,,414,,272,,686,,,,,,,,,
"",124,,GMS Budha,,گورنمنٹ مڈل سکول بڈھا,,Budha,,ç$$ $$v,,062030505,,950,,716,,1666,,2,,1,,3,,Combined,
"",125,,GPS Gara Hayat,,گورنمنٹ پرائمری سکول گره حيات,,Hayat,,è,,062030504,,1036,,664,,1700,,2,,1,,3,,Combined,
"",126,,GPS Zaman Waran,,گورنمنٹ پرائمری سکول زمان وارن,,Shah Zamani,,]-,,062030506,,488,,303,,791,,1,,1,,2,,Combined,
"",127,,GGPS Dabbara,,گورنمنٹ گرلز پرائمری سکول ڈبره,,Band Piru,,",é",,062030706,,0,,240,,240,,0,,4,,4,,Female,
"",,,,,,,Dabara,,0,,062030707,,0,,358,,358,,,,,,,,,
"",,,,,,,Dabara (Urdu Kaley),,"9ê, # =0",,062030708,,0,,325,,325,,,,,,,,,
"",,,,,,,Dabara (Urdu Kaley),,"9ê, # =0",,062030709,,0,,431,,431,,,,,,,,,
"",128,,GPS No.1 Dabbara,,گورنمنٹ پرائمری سکول نمبر1 ڈبره,,Dabara,,0,,062030707,,629,,0,,629,,2,,0,,2,,Male,
"",,,,,,,Dabara (Urdu Kaley),,"9ê, # =0",,062030708,,405,,0,,405,,,,,,,,,
"",129,,B.H.U Dabbara,,بی ايچ يو ڈبره,,Band Piru,,",é",,062030706,,388,,0,,388,,2,,0,,2,,Male,
"",,,,,,,Dabara (Urdu Kaley),,"9ê, # =0",,062030709,,662,,0,,662,,,,,,,,,
"",130,,GGPS Garwaki Michen Khel,,گورنمنٹ گرلز پرائمری سکول گروکی مچن خيل,,Ghasha (Garwaki Michen Khel),,"9'd%% ZZ ZZ e,¿=ë",,062030704,,0,,363,,363,,0,,2,,2,,Female,
"",,,,,,,Ghasha (Garwaki),,"9,¿=ë",,062030705,,0,,483,,483,,,,,,,,,
"",131,,GPS Garwaki,,گورنمنٹ پرائمری سکول گروکی,,Ghasha (Garwaki Michen Khel),,"9'd%% ZZ ZZ e,¿=ë",,062030704,,403,,0,,403,,2,,0,,2,,Male,
"",,,,,,,Ghasha (Garwaki),,"9,¿=ë",,062030705,,631,,0,,631,,,,,,,,,
"",132,,GPS Attak Khel,,گورنمنٹ پرائمری سکول اتک خيل,,Ghasha (Kot Lal Khan / Maziani),,"9"""" """"ìíM=ë",,062030701,,761,,512,,1273,,2,,1,,3,,Combined,
"",133,,GHS Kot Hakim,,گورنمٹ ہائی سکول کوٹ حکيم,,Ghasha (Kot Jata / Kot Hakim),,"9îM o»kM=ë",,062030702,,614,,445,,1059,,2,,1,,3,,Combined,
"",134,,GPS Haji Gulzaar,,گورنمنٹ پرائمری سکول حاجی گلزار,,Ghasha (Kot Wali / Kot Gulzar),,"9# ïM,M=ë",,062030703,,592,,537,,1129,,1,,1,,2,,Combined,
"",135,,GGPS Sheikh Uttar,,گورنمنٹ گرلز پرائمری سکول شيخ اتُار,,Uttar (Gharbi),,9{r=#,,062030605,,0,,826,,826,,0,,4,,4,,Female,
"",,,,,,,Uttar (Sharki),,9IJ=#,,062030606,,0,,183,,183,,,,,,,,,
"",,,,,,,Uttar (Gulgay Kot),,9MÖðñòó=#,,062030607,,0,,114,,114,,,,,,,,,
"",,,,,,,Uttar (Gharbi),,9{r=#,,062030608,,0,,488,,488,,,,,,,,,
"",136,,GPS Sheikh Uttar,,گورنمنٹ پرائمری سکول شيخ اتُار,,Uttar (Gharbi),,9{r=#,,062030605,,939,,0,,939,,2,,0,,2,,Male,
"",,,,,,,Uttar (Sharki),,9IJ=#,,062030606,,297,,0,,297,,,,,,,,,
"",137,,GHS Sheikh Uttar,,گورنمٹ ہائی سکول شيخ اتُار,,Uttar (Gulgay Kot),,9MÖðñòó=#,,062030607,,162,,0,,162,,2,,0,,2,,Male,
"",,,,,,,Uttar (Gharbi),,9{r=#,,062030608,,566,,0,,566,,,,,,,,,
"",138,,GGPS Sheikh Sultan,,گورنمنٹ گرلز پرائمری سکول شيخ سلطان,,Sheikh Sultan,,ôõ,,062030601,,0,,25,,25,,0,,2,,2,,Female,
"",,,,,,,Sheikh Sultan (Khaas),,9ö=ôõ,,062030603,,0,,541,,541,,,,,,,,,
"",,,,,,,Sheikh Sultan (Janoobi),,9{÷=ôõ,,062030609,,0,,148,,148,,,,,,,,,
"",,,,,,,Sheikh Sultan (Baloch Abad/ Amaan Abad),,9TT TT]TT TT`=ôõ,,062030602,,0,,285,,285,,,,,,,,,
"",,,,,,,Nai Abadi Sheikh Sultan,,ôõSTTTT U,,062030604,,0,,8,,8,,,,,,,,,
"",,,,,,,Sheikh Sultan (Shumaali),,9ø=ôõ,,062030610,,0,,248,,248,,,,,,,,,
"",139,,GMS Sheikh Sultan Kot Habib ullah,,گورنمنٹ مڈل سکول شيخ سلطان کوٹ حبيب A,,Sheikh Sultan,,ôõ,,062030601,,54,,0,,54,,2,,0,,2,,Male,
"",,,,Sheikh Sultan (Khaas),,9ö=ôõ,,062030603,,812,,0,,812,,,,,,,,,,,,
"",,,,Sheikh Sultan (Janoobi),,9{÷=ôõ,,062030609,,227,,0,,227,,,,,,,,,,,,
"",,,,Sheikh Sultan,,ôõ,,062030602,,414,,0,,414,,,,,,,,,,,,
"",Nai Abadi Sheikh Sultan,,ôõSTTTT U,,062030604,,15,,0,,15,,,,,,,,,,,,,,,
"",,,,Sheikh Sultan (Shumaali),,9ø=ôõ,,062030610,,390,,0,,390,,,,,,,,,,,,
"",141,,BHU Shadda,,بی ايچ يو شاده,,Mian Khan,,¡,,062030304,,5,,5,,10,,2,,1,,3,,Combined,
"",,,,,,,Matta,,ù,,062030305,,171,,114,,285,,,,,,,,,
"",,,,,,,Gara Shada,,¿,,062030306,,667,,519,,1186,,,,,,,,,
"",142,,GPS Jamal Awan,,گورنمنٹ پرائمری سکول جمال اعوان,,Jamal Awan,,®,,062030301,,534,,405,,939,,1,,1,,2,,Combined,
"",143,,GMS Mamraiz Pathan,,گورنمنٹ مڈل سکول ممريز پٹھان,,Mumraiz Baloch,,"` """" """" ú",,062030302,,284,,261,,545,,2,,1,,3,,Combined,
"",,,,,,,Mumraiz Pathan,,""""" """" ú",,062030303,,444,,347,,791,,,,,,,,,
"",,,,,,,Rakh Dabara,,0¤ #,,062030307,,0,,0,,0,,,,,,,,,
"",144,,GHS Gomal Bazar,,گورنمٹ ہائی سکول گومل بازار,,Gomal (Kot Kachki),,"95ZZûZZ ûüM =þ",,062030909,,642,,0,,642,,3,,0,,3,,Male,
"",,,,,,,Gomal (Shehar),,9=þ,,062030910,,278,,0,,278,,,,,,,,,
"",145,,GPS No.1 Gomal,,گورنمنٹ پرائمری سکول نمبر1 گومل,,Gomal (Kot Mehsoodan),,9M=þ,,062030901,,564,,364,,928,,2,,1,,3,,Combined,
"",146,,GGMS Gomal,,گورنمٹ گرلز مڈل سکول گومل,,Gomal (Moh:Sheikhan),,9=þ,,062030902,,565,,383,,948,,2,,2,,4,,Combined,
"",,,,,,,Gomal (Moh: Kanazai),,9Ö=þ,,062030903,,697,,506,,1203,,,,,,,,,
"",147,,GPS Batiyari,,گورنمنٹ پرائمری سکول کوٹ بٹياری,,Gomal (Kot Battiari Shumaali),,"9øS#ð"""" """" » jM=þ",,062030904,,363,,225,,588,,2,,2,,4,,Combined,
"",,,,,,,Gomal (Kot Battiari Janoobi),,"9{÷S#ð"""" """" » jM=þ",,062030905,,384,,305,,689,,,,,,,,,
"",148,,GGPS Kot Azam,,گورنمنٹ گرلز پرائمری سکول کوٹ اعظم,,Gomal (Kot Azam),,9QM =þ,,062030906,,0,,221,,221,,0,,3,,3,,Female,
"",,,,,,,Gomal (Kot Azam Janoobi),,9{÷QM =þ,,062030907,,0,,472,,472,,,,,,,,,
"",,,,,,,Gomal (Kot Azam Nai Abadi),,9SUQM =þ,,062030908,,0,,165,,165,,,,,,,,,
"",149,,GMS Kot Azam,,گورنمنٹ مڈل سکول کوٹ اعظم,,Gomal (Kot Azam Shumaali),,9øQM =þ,,062030906,,361,,0,,361,,3,,0,,3,,Male,
"",,,,,,,Gomal (Kot Azam Janoobi),,9{÷QM =þ,,062030907,,609,,0,,609,,,,,,,,,
"",,,,,,,Gomal (Kot Azam Nai Abadi),,9SUQM =þ,,062030908,,226,,0,,226,,,,,,,,,
"",150,,GPS Raghza,,گورنمنٹ  پرائمری سکول رغزه,,Ghorazai (Raghza Shumaali),,9ø#=>- #,,062031001,,0,,586,,586,,0,,3,,3,,Female,
"",,,,,,,Ghorazai (Raghza Janoobi),,9{÷#=>- #,,062031002,,0,,340,,340,,,,,,,,,
"",151,,GMS Raghza,,گورنمنٹ مڈل سکول رغزه,,Ghorazai (Raghza Shumaali),,9ø#=>- #,,062031001,,784,,0,,784,,3,,0,,3,,Male,
"",,,,,,,Ghorazai (Raghza Janoobi),,9{÷#=>- #,,062031002,,401,,0,,401,,,,,,,,,
"",152,,GMS Manji,,گورنمنٹ مڈل سکول مانجھی,,Ghorazai (Manji),,92]=>- #,,062031003,,257,,194,,451,,2,,2,,4,,Combined,
"",,,,,,,Ghorazai (Manji ),,92]=>- #,,062031004,,467,,338,,805,,,,,,,,,
"",,,,,,,Ghorazai (Manji Azam Abad),,9TT TT Q 2]=>- #,,062031005,,248,,132,,380,,,,,,,,,
"",153,,GGPS Burki Abad,,گورنمنٹ گرلز پرائمری سکول برکی آباد,,Sarangzoona (Girdawai),,"9Ö ,=L,",,062030801,,552,,393,,945,,3,,2,,5,,Combined,
"",,,,,,,Sarangzoona (Kot Sangeen),,"9M=L,",,062030802,,329,,180,,509,,,,,,,,,
"",,,,,,,Sarangzoona (Kot Ghulam Muhammad),,"9)~M=L,",,062030803,,230,,157,,387,,,,,,,,,
"",154,,GPS Murtaza,,گورنمنٹ پرائمری سکول مرتض  ٰی,,Sarangzoona (Murtaza),,"9566 66Ó=L,",,062030804,,806,,561,,1367,,2,,2,,4,,Combined,
"",155,,GGPS Kot Nawaz,,گورنمنٹ گرلز پرائمری سکول کوٹ نواز,,Sarangzoona (Kot Nawaz),,"9-M=L,",,062030805,,0,,773,,773,,0,,3,,3,,Female,
"",,,,Sarangzoona (Kot Nawaz),,"9-M=L,",,062030807,,0,,509,,509,,,,,,,,,,,,
"",,,,Sarangzoona (Kot Nawaz),,"9-M=L,",,062030805,,1007,,0,,1007,,,,,,,,,,,,
"",,,,Sarangzoona (Kot Nawaz),,"9-M=L,",,062030807,,763,,0,,763,,,,,,,,,,,,
"",157,,GHS Kot Khadak,,گورنمٹ ہائی سکول کوٹ خدک,,Sarangzoona (Kot Khadak),,"9¥$$ $$&M=L,",,062030806,,603,,341,,944,,1,,1,,2,,Combined,
"",158,,GGPS  Atta Muhammad Korona,,گورنمنٹ گرلز پرائمری سکول وعطا محمد کورونہ,,Gomal (Kot kachki),,"95ZZûZZ ûüM =þ",,062030909,,0,,487,,487,,0,,1,,1,,Female,
"",,,,,,,Gomal (Shehar),,9=þ,,062030910,,0,,157,,157,,,,,,,,,
"",159,,GPS No. 3 Gara Balouch,,گورنمنٹ پرائمری سکول نمبر ٣ گره بلوچ,,Gara Baloch,,` ¿,,062020108,,0,,805,,805,,0,,2,,2,,Female,
"",160,,GPS Salar Abad,,گورنمنٹ پرائمری سکول س0ر  ٓاباد,,Mullazai(Mohalla Zangi Khel / Khawaji Khel),,9'A C 'D-=>-?,,062010103,,1194,,0,,1194,,3,,0,,3,,Male,
"",161,,GHS Kaka Khel North Portion,,گورنمنٹ ہائی سکول  ککا خيل )شمالی حصہ(,,Mullazai(Mohalla Gulshan Abad / Johar Abad,,"9FEE EE G=>-?",,062010104,,724,,0,,724,,2,,0,,2,,Male,
"",162,,GPS Umer Khel Gharbi,,گورنمنٹ پرائمری سکول عمر خيل غربی,,Umar Khel (Gharbi),,{r'O,,062010205,,179,,0,,179,,2,,0,,2,,Male,
"",,,,,,,Umar Khel(Babar Mala Khel),,9'?X='O,,062010209,,285,,0,,285,,,,,,,,,
"",163,,GPS No.1 Gul Imam,,گورنمنٹ پرائمری سکول نمبر ١ گل امام,,Gul Imam (Nasran / Mangla),,9h=~],,062010804,,0,,389,,389,,0,,3,,3,,Female,
"",,,,,,,Gul Imam,,~],,062010805,,0,,436,,436,,,,,,,,,
"",,,,,,,Gul Imam (Mohallah Salim Zai),,9>-=~],,062010806,,0,,141,,141,,,,,,,,,
"",164,,GPS No.1 Akbari,,گورنمنٹ پرائمری سکول نمبر ١اکبری,,Akbari / Hazrat Ali Karoona,,"L,#MSt",,062010603,,0,,206,,206,,0,,2,,2,,Female,
"",Akbari / Muhammad Ameer Patwari Karoona,,"L,#MS#R )St",,062010604,,0,,232,,232,,,,,,,,,,,,,,,
"",Akbari,,St,,062010606,,0,,231,,231,,,,,,,,,,,,,,,
"",Akbari/ Mohallah Baloch,,`St,,062010607,,0,,147,,147,,,,,,,,,,,,,,,
