"",,,,,,,,,,,,
1,2,3,4,5,6,7,8,9,10,11,12,13
178,178. Govt: Primary School Gandili (Comb),1.Gandli,051030101,,,,192,146,338,2,2,4
"",2.Gandli,051030102,,,,604,491,1095,,,,
"",3.Kotka Dakass,051030103,,,,135,99,234,,,,
"",.,,,,,,931,736,1667,2,2,4
179,"179. Govt: Higher Secondary School Slima SikanderKhel (M)",1.Slima Sikander Khel,051030104,,,,888,0,888,4,0,4
"",2.Nasim Akbar Shah,051030106,,,,304,0,304,,,,
"",.,,,,,,1192,0,1192,4,0,4
180,180. Govt: Primary School No.2 Slima Sikander Khel (F),1.Slima Sikander Khel,051030104,,,,0,732,732,0,4,4
"",2.Nasim Akbar Shah,051030106,,,,0,279,279,,,,
"",.,,,,,,0,1011,1011,0,4,4
181,181. Govt: Primary School Kotka Behram shah (Comb),1.Kotka Beharam Shah,051030105,,,,276,196,472,2,2,4
"",1.Kotka Beharam Shah,051030107,,,,303,228,531,,,,
"",.,,,,,,579,424,1003,2,2,4
182,182. Govt: High School Shahbaz Azmat Khel (Male) PS-I,1 .Shabaz Azmat Khel,051030201,,,,761,0,761,4,0,4
"",1 .Shabaz Azmat Khel,051030210,,,,212,0,212,,,,
"",2.Shabaz Azmat Khel,051030202,,,,245,0,245,,,,
"",2.Shabaz Azmat Khel,051030211,,,,277,0,277,,,,
"",.,,,,,,1495,0,1495,4,0,4
183,"183. G.C.M.S (ADJ) Govt: Primary School ShahbazAzmat Khel (Female) PS-I",1 .Shabaz Azmat Khel,051030201,,,,0,661,661,0,4,4
"",1 .Shabaz Azmat Khel,051030210,,,,0,150,150,,,,
"",2. Shabaz Azmat Khel,051030202,,,,0,226,226,,,,
"",2. Shabaz Azmat Khel,051030211,,,,0,220,220,,,,
"",.,,,,,,0,1257,1257,0,4,4
184,"184. Govt: High School Shahbaz Azmat Khel (Male) PS-II",Shahbaz Azmat Khel,051030203,,,,739,0,739,4,0,4
"",Shahbaz Azmat Khel,051030204,,,,773,0,773,,,,
"",.,,,,,,1512,0,1512,4,0,4
"",185. G.C.M.S (ADJ) Govt: Primary School Shahbaz,3. Shabaz Azmat Khel,051030203,,,,0,586,586,0,4,4
"",Azmat Khel (Female) PS-II,"4, Shabaz Azmat Khel",051030204,,,,0,562,562,,,
"",.,,,,,,0,1148,1148,0,4,4
186,"186. Govt: Girls High School Shahbaz Azmat Khel(Comb) PS-I",1 .Shabaz Azmat Khel,051030205,,,,582,0,582,4,0,4
"",1 .Shabaz Azmat Khel,051030212,,,,438,0,438,,,,
"",.,,,,,,1020,0,1020,4,0,4
187,"187. Govt: Girls High School Shahbaz Azmat Khel(Comb) PS-II",1 .Shabaz Azmat Khel,051030205,,,,0,250,250,0,3,3
"",1 .Shabaz Azmat Khel,051030212,,,,0,626,626,,,,
"",.,,,,,,0,876,876,0,3,3
188,"188. Government Primary School Ghani Michin Khel(Combined)",Ghani Michin Khel,051030206,,,,626,479,1105,2,2,4
"",.,,,,,,626,479,1105,2,2,4
189,"189. Government Primary School Mardi Khel(Combined)",Mardi Khel,051030207,,,,451,387,838,2,1,3
"",.,,,,,,451,387,838,2,1,3
190,190. Govt Girls Primary School Emal Khel (Comb),1. Emal Khel,051030208,,,,742,569,1311,2,2,4
"",2. Emal Khel,051030209,,,,209,155,364,,,,
"",.,,,,,,951,724,1675,2,2,4
194,"194. Govt: Middle School No.2 Jhandu Khel (MalkDaraz) (Male)",1. Jhandu Khel,051030401,,,,929,0,929,3,0,3
"",.,,,,,,929,0,929,3,0,3
195,"195. Govt: Middle School No.2 Jhandu Khel (MalkDaraz) (Male)",2.Jhandu Khel,051030402,,,,468,0,468,4,0,4
"",2.Jhandu Khel,051030408,,,,228,0,228,,,,
"",3. Jhandu Khel,051030403,,,,719,0,719,,,,
"",.,,,,,,1415,0,1415,4,0,4
196,196. GHS Jandu Khel (Female),1.Jhandu Khel,051030401,,,,0,770,770,0,4,4
"",2. Jhandu Khel,051030402,,,,0,386,386,,,,
"",2. Jhandu Khel,051030408,,,,0,190,190,,,,
"",3. Jhandu Khel,051030403,,,,0,525,525,,,,
"",.,,,,,,0,1871,1871,0,4,4
197,197. GPS Fazal Manan Jandu Khel (Combined),1. Noor Mali,051030404,,,,378,288,666,2,2,4
"",1. Noor Mali,051030409,,,,543,402,945,,,,
"",.,,,,,,921,690,1611,2,2,4
198,198. Govt: Girls High School Adami Sultan Shah (Comb),1. Adhami Piran,051030405,,,,833,630,1463,2,2,4
"",.,,,,,,833,630,1463,2,2,4
199,199. GMS Jalal Sada Khel (Combined),Adami Piran,051030406,,,,1023,666,1689,2,2,4
"",.,,,,,,1023,666,1689,2,2,4
200,200. GMS Adamai Rasool Khan (Comb),1. Titer Khel,051030407,,,,540,456,996,2,2,4
"",.,,,,,,540,456,996,2,2,4
201,201. Govt: Girls High School Shamshi Khel (Male) PS-I,1.ShamshiKHel,051030501,,,,794,0,794,4,0,4
"",1.ShamshiKHel,051030502,,,,496,0,496,,,,
"",.,,,,,,1290,0,1290,4,0,4
202,202. GHS Shamshi Khel (Female) PS-I,1.ShamshiKHel,051030501,,,,0,549,549,0,4,4
"",1.ShamshiKHel,051030502,,,,0,584,584,,,,
"",.,,,,,,0,1133,1133,0,4,4
203,203. Govt: Girls High School Shamshi Khel (Male) PS-II,2.Shamshsi Khel,051030503,,,,401,0,401,3,0,3
"",2.Shamshsi Khel,051030507,,,,363,0,363,,,,
"",.,,,,,,764,0,764,3,0,3
204,204. GHS Shamshi Khel (Female) PS-II,2.Shamshsi Khel,051030503,,,,0,372,372,0,3,3
"",2.Shamshsi Khel,051030507,,,,0,345,345,,,,
"",.,,,,,,0,717,717,0,3,3
205,205. Govt: High School Barati Michin Khel (Male),1. Shamshi Khel,051030504,,,,382,0,382,4,0,4
"",1. Shamshi Khel,051030508,,,,235,0,235,,,,
"",2. Barati Michen Khel,051030505,,,,173,0,173,,,,
"",2. Barati Michen Khel,051030509,,,,349,0,349,,,,
"",3. Momen Mughal Khel,051030506,,,,11,0,11,,,,
"",.,,,,,,1150,0,1150,4,0,4
206,206. GPS Bharati Michin Khel (Female),Shamshi Khel,051030504,,,,0,326,326,0,4,4
"",Shamshi Khel,051030508,,,,0,243,243,,,,
"",Bharati Michin Khel,051030505,,,,0,169,169,,,,
"",Bharati Michin Khel,051030509,,,,0,343,343,,,,
"",Momin Mughal Khel,051030506,,,,0,8,8,,,,
"",.,,,,,,0,1089,1089,0,4,4
213,213. Govt: High School Ghoriwala (Male) PS-I,1. Ghoriwala,051030701,,,,849,0,849,3,0,3
"",.,,,,,,849,0,849,3,0,3
"",,2.Ghoriwala,051030702,,,,1099,0,1099,4,0,4
"",,2.Ghoriwala,051030711,,,,304,0,304,,,
"",.,,,,,,1403,0,1403,4,0,4
215,215. Govt: Girls High School Ghoriwala (Female) PS-I,1. Ghoriwala,051030701,,,,0,688,688,0,4,4
"",2.Ghoriwala,051030702,,,,0,898,898,,,,
"",2.Ghoriwala,051030711,,,,0,299,299,,,,
"",.,,,,,,0,1885,1885,0,4,4
216,216. Govt: High School Ghoriwala (Male) PS-II,Ghoriwala,051030703,,,,667,0,667,2,0,2
"",.,,,,,,667,0,667,2,0,2
217,217. Govt: High School Ghoriwala (Male) PS-II,Ghoriwala,051030704,,,,373,0,373,3,0,3
"",Ghoriwala,051030712,,,,373,0,373,,,,
"",.,,,,,,746,0,746,3,0,3
218,218. Govt: Girls High School Ghoriwala (Female) PS-II,Ghoriwala,051030703,,,,0,606,606,0,4,4
"",Ghoriwala,051030704,,,,0,289,289,,,,
"",Ghoriwala,051030712,,,,0,281,281,,,,
"",.,,,,,,0,1176,1176,0,4,4
219,"219. Govt: Working Folks Grammer School Ghoriwala(Comb) PS-I",1. Ghoriwala,051030705,,,,896,652,1548,2,2,4
"",1. Ghoriwala,051030706,,,,160,95,255,,,,
"",1. Ghoriwala,051030713,,,,170,85,255,,,,
"",.,,,,,,1226,832,2058,2,2,4
220,220. Govt: Primary School No.1 Ghuriwala (Comb),1. Ghoriwala,051030707,,,,271,218,489,2,2,4
"",1. Ghoriwala,051030714,,,,555,460,1015,,,,
"",1. Ghoriwala,051030715,,,,106,79,185,,,,
"",.,,,,,,932,757,1689,2,2,4
221,"221. Govt: Working Folks Grammer School Ghoriwala(Comb) PS-II",Ghoriwala,051030708,,,,339,278,617,2,2,4
"",Kot Mehtar,051030710,,,,263,184,447,,,,
"",.,,,,,,602,462,1064,2,2,4
222,222. Govt: Primary School Kot Mehter (Comb),1. Kot  Mehter,051030709,,,,725,602,1327,2,2,4
"",.,,,,,,725,602,1327,2,2,4
375,375. Govt: High School Ghazi Marjan (M) PS-I,1.Sperka Awal,053010101,,,,977,0,977,2,2,4
"",1.Sperka Awal,053010107,,,,530,0,530,,,,
"",,,,,,1507,0,1507,2,2,4,
376,376. Govt: High School Ghazi Marjan (F) PS-II,1.Sperka Awal,053010101,,,,0,934,934,2,2,4
"",,1.Sperka Awal,053010107,,,,0,406,406,,,
"",.,,,,,,0,1340,1340,2,2,4
377,"377. Govt: Middle School Tirkhoba Gul Jawar (Comb)PS-I",1. Sperka Awal,053010102,,,,465,0,465,4,0,4
"",1. Sperka Awal,053010108,,,,501,0,501,,,,
"",2. Sperka Awal,053010103,,,,344,0,344,,,,
"",2. Sperka Awal,053010109,,,,271,0,271,,,,
"",.,,,,,,1581,0,1581,4,0,4
378,"378. Govt: Middle School Tirkhoba Gul Jawar (Comb)PS-II",1. Sperka Awal,053010102,,,,0,383,383,0,4,4
"",,1. Sperka Awal,053010108,,,,0,294,294,,,
"",,2. Sperka Awal,053010103,,,,0,266,266,,,
"",,2. Sperka Awal,053010109,,,,0,204,204,,,
"",.,,,,,,0,1147,1147,0,4,4
379,379. Govt: High School Bodin Khel (Iqbal) (Comb),1. Sperka Awal,053010104,,,,163,126,289,2,2,4
"",,2. Sperka Awal,053010105,,,,377,266,643,,,
"",,3. Sperka Awaf,053010106,,,,386,271,657,,,
"",.,,,,,,926,663,1589,2,2,4
380,"380. Govt: Degree College Badin Khel (Doctor Khan)(Comb)",1. Sperka Doem,053010201,,,,932,612,1544,2,2,4
"",.,,,,,,932,612,1544,2,2,4
381,"381. Govt: High School Sher Ajam Khan Painda Khel(M) PS-I",1. Sperka Doem,053010202,,,,800,0,800,4,0,4
"",,1. Sperka Doem,053010203,,,,662,0,662,,,
"",.,,,,,,1462,0,1462,4,0,4
382,"382. Govt: High School Sher Ajam Khan Painda Khel(M) PS-II",1. Sperka Doem,053010204,,,,368,0,368,4,0,4
"",,2.Spsrka Doem,053010205,,,,1004,0,1004,,,
"",.,,,,,,1372,0,1372,4,0,4
383,383. Govt: Girls Primary School Farid Painda Khel (F),1. Sperka Doem,053010202,,,,0,516,516,0,4,4
"",,1. Sperka Doem,053010203,,,,0,437,437,,,
"",,1. Sperka Doem,053010204,,,,0,239,239,,,
"",,2.Spsrka Doem,053010205,,,,0,638,638,,,
"",.,,,,,,0,1830,1830,0,4,4
384,"384. Govt: Girls Primary School Kotka Inayatullah(Combined)",1. Sperka Doem,053010206,,,,387,294,681,1,1,2
"",.,,,,,,387,294,681,1,1,2
385,385. GGPS kotka Nekam Khan Topan Killa (Comb),1. Sperka Doem,053010207,,,,1184,774,1958,2,2,4
"",.,,,,,,1184,774,1958,2,2,4
386,386. GGPS Haq Nawaz Eidal Khel (Combined),Eidal Khel,053010301,,,,430,273,703,2,2,4
"",,Eidal Khel,053010302,,,,137,90,227,,,
"",,Eidal Khel,053010312,,,,184,137,321,,,
"",.,,,,,,751,500,1251,2,2,4
387,387. Govt: High School Kotka Ayaz Bander Killa (Comb),Ziraki Pirba Khel,053010303,,,,597,419,1016,2,2,4
"",,Ziraki Pirba Khel,053010313,,,,536,398,934,,,
"",.,,,,,,1133,817,1950,2,2,4
Eidal Khel,053010304,,,,1332,0,1332,4,0,4,,
Eidal Khel,053010305,,,,203,0,203,,,,,
"",.,,,,,,1736,0,1736,4,0,4
389,"389. Govt: Girls High School Landi Jalander Miraj udDin (Female)",1.EidalKhel,053010304,,,,0,973,973,0,4,4
"",1.EidalKhel,053010305,,,,0,151,151,,,,
"",1.EidalKhel,053010314,,,,0,161,161,,,,
"",.,,,,,,0,1285,1285,0,4,4
390,"390. Govt: High School Kotka Muhammad Khan(Comb) PS-I",1.Khander Khan Khel,053010306,,,,257,202,459,2,1,3
"",1.Khander Khan Khel,053010315,,,,254,214,468,,,,
"",.,,,,,,511,416,927,2,1,3
391,"391. Govt: High School Kotka Muhammad Khan(Comb) PS-II",1.Khander Khan Khel,053010307,,,,962,749,1711,2,2,4
"",.,,,,,,962,749,1711,2,2,4
392,392. GMS Ayub Khan Killa (Male),3.Khander Khan Khel,053010308,,,,1364,0,1364,4,0,4
"",.,,,,,,1364,0,1364,4,0,4
393,393. GPS Wazir Killa (Female),Khandar Khan Khel,053010308,,,,0,1299,1299,0,4,4
"",.,,,,,,0,1299,1299,0,4,4
394,394. Govt: High School Azim Kila (Comb),1.Khander Khan Khel,053010309,,,,754,616,1370,2,2,4
"",.,,,,,,754,616,1370,2,2,4
395,395. GGPS Kotka Rajab Ali (Combined),2.Khander Khan Khel,053010310,,,,1048,833,1881,2,2,4
"",.,,,,,,1048,833,1881,2,2,4
396,396. GHS Dandi Wazir (Combined),Khandar Khan Khel,053010311,,,,864,623,1487,2,2,4
"",.,,,,,,864,623,1487,2,2,4
397,397. GPS Kamal Waligai (Comb),1.Musa Khel Waligai,053010401,,,,991,746,1737,2,2,4
"",.,,,,,,991,746,1737,2,2,4
398,398. GPS Musa Khel Waligai (Combined),Musa Khel Waligai,053010402,,,,261,188,449,2,2,4
"",Musa Khel Waligai,053010412,,,,324,264,588,,,,
"",.,,,,,,585,452,1037,2,2,4
399,399. GGHS Abas Khan Sirki Khel (Combined),1.SirkiKhel,053010403,,,,450,386,836,2,2,4
"",1.SirkiKhel,053010413,,,,725,634,1359,,,,
"",.,,,,,,1175,1020,2195,2,2,4
1.Ziraki pirba khel,053010404,,,,424,221,645,2,2,4,,
1.Ziraki pirba khel,053010405,,,,229,192,421,,,,,
1.Ziraki pirba khel,053010409,,,,352,383,735,,,,,
"",.,,,,,,1395,1094,2489,2,2,4
401,401. GHS Kotka Asad Khan Qamar Killa (Male),Ziraki Pirba Khel,053010407,,,,870,0,870,4,0,4
"",Ziraki Pirba Khel,053010410,,,,860,0,860,,,,
"",.,,,,,,1730,0,1730,4,0,4
402,"402. Govt: High School Kotka Awal Khan Qamer Killa(Female)",1 Ziraki pirba khel,053010407,,,,0,764,764,0,4,4
"",1 Ziraki pirba khel,053010410,,,,0,704,704,,,,
"",.,,,,,,0,1468,1468,0,4,4
403,403. Govt: Primary School Adam Killa (Comb),Ziraki Pirba Khel,053010408,,,,608,0,608,4,0,4
"",Ziraki Pirba Khel,053010411,,,,645,0,645,,,,
"",.,,,,,,1253,0,1253,4,0,4
404,404. GHS Qamar Killa (F),Ziraki Pirba Khel,053010408,,,,0,538,538,0,4,4
"",Ziraki Pirba Khel,053010411,,,,0,479,479,,,,
"",.,,,,,,0,1017,1017,0,4,4
405,405. Govt: High School Kotka Habibullah (M) PS-I,1. Aral Tarf Awal,053020101,,,,989,0,989,4,0,4
"",1. Aral Tarf Awal,053020102,,,,782,0,782,,,,
"",.,,,,,,1771,0,1771,4,0,4
406,406. Govt: High School Kotka Habibullah (F) PS-II,1. Aral Tarf Awal,053020101,,,,0,845,845,0,4,4
"",1. Aral Tarf Awal,053020102,,,,0,499,499,,,,
"",.,,,,,,0,1344,1344,0,4,4
407,"407. Govt: Elementary College Kotka Habibullah (M) PS-I",1. Aral Tarf Awal,053020103,,,,823,0,823,4,0,4
"",1. Aral Tarf Awal,053020104,,,,580,0,580,,,,
"",.,,,,,,1403,0,1403,4,0,4
408,"408. Govt: Elementary College Kotka Habibullah (F) PS-II",1. Aral Tarf Awal,053020103,,,,0,562,562,0,3,3
"",1. Aral Tarf Awal,053020104,,,,0,367,367,,,,
"",.,,,,,,0,929,929,0,3,3
409,"409. Govt Girls Primary School (Malik MuhammadIlyas) (M)",1. Aral Tarf Awal,053020105,,,,771,0,771,4,0,4
"",1. Aral Tarf Awal,053020106,,,,1033,0,1033,,,,
"",.,,,,,,1804,0,1804,4,0,4
410,410. Govt: Primary School Azeem Bakar Khel (F),1. Aral Tarf Awal,053020105,,,,0,611,611,0,4,4
"",1. Aral Tarf Awal,053020106,,,,0,540,540,,,,
"",.,,,,,,0,1151,1151,0,4,4
411,"411. Govt Girls Primary School Jangi Kalla (Abdullah)(comb)",1.Aral Tarf Awal,053020107,,,,1153,802,1955,2,2,4
"",.,,,,,,1153,802,1955,2,2,4
412,412. Govt: Primary School Gull Rauf Pir Ba Khel (M),1 Aral Tarf Awal,053020108,,,,656,0,656,4,0,4
"",,1 Aral Tarf Awal,053020110,,,,361,0,361,,,
"",,2. Aral Tarf Awal,053020109,,,,303,0,303,,,
"",,2. Aral Tarf Awal,053020111,,,,260,0,260,,,
"",.,,,,,,1580,0,1580,4,0,4
413,413. Govt: Girls Primary School Sayed Ayaz (F),1 Aral Tarf Awal,053020108,,,,0,535,535,0,4,4
"",,1 Aral Tarf Awal,053020110,,,,0,272,272,,,
"",,2. Aral Tarf Awal,053020109,,,,0,226,226,,,
"",,2. Aral Tarf Awal,053020111,,,,0,154,154,,,
"",.,,,,,,0,1187,1187,0,4,4
414,414. Union Council Office Domel (Male) PS-I,1.Aral Tarf Doem,053020201,,,,522,0,522,4,0,4
"",,1.Aral Tarf Doem,053020209,,,,542,0,542,,,
"",.,,,,,,1064,0,1064,4,0,4
415,415. Union Council Office Domel (Male) PS-II,2. Aral Tarf Doem,053020202,,,,685,0,685,4,0,4
"",,2. Aral Tarf Doem,053020203,,,,583,0,583,,,
"",.,,,,,,1268,0,1268,4,0,4
416,416. Govt: Middle School Noor Sahib Khan (Female),1 .Aral Tarf Doem,053020201,,,,0,407,407,0,4,4
"",,1 .Aral Tarf Doem,053020209,,,,0,346,346,,,
"",,2.Aral Tarf Doem,053020202,,,,0,432,432,,,
"",,2.Aral Tarf Doem,053020203,,,,0,403,403,,,
"",.,,,,,,0,1588,1588,0,4,4
417,417. Govt: Middle School Aklim Khan Killa (Comb),1.Aral Tarf Doem,053020204,,,,312,216,528,2,2,4
"",,1.Aral Tarf Doem,053020205,,,,729,419,1148,,,
"",,1.Aral Tarf Doem,053020210,,,,341,176,517,,,
"",.,,,,,,1382,811,2193,2,2,4
418,"418. Govt: Girls Primary School Ihsan Spina Tangi No.2 (Comb)",1 .Aral Tarf Doem,053020206,,,,671,421,1092,2,2,4
"",,1 .Aral Tarf Doem,053020211,,,,541,317,858,,,
"",.,,,,,,1212,738,1950,2,2,4
419,419. GHS Wali Zar (Combined),2.Aral Tarf Doem,053020207,,,,626,379,1005,2,2,4
"",,2.Aral Tarf Doem,053020212,,,,673,482,1155,,,
"",.,,,,,,1299,861,2160,2,2,4
"",.,,,,,,1051,562,1613,2,2,4
421,"421. Government Technical Training Center BannuTownship (Combined) PS-I",Bezan Khel,053020301,,,,645,456,1101,2,2,4
"",.,,,,,,645,456,1101,2,2,4
422,"422. Government Technical Training Center BannuTownship (Combined) PS-II",Bezan Khel,053020302,,,,457,329,786,2,2,4
"",,Bezan Khel,053020303,,,,61,37,98,,,
"",,Bezan Khel,053020307,,,,191,138,329,,,
"",.,,,,,,709,504,1213,2,2,4
423,423. GHS Bezan Khel (Combined) PS-I,Bezan Khel,053020304,,,,491,372,863,2,1,3
"",.,,,,,,491,372,863,2,1,3
424,424. GHS Bezan Khel (Combined) PS-II,Bezan Khel,053020305,,,,1587,1286,2873,2,2,4
"",.,,,,,,1587,1286,2873,2,2,4
425,425. GMS Dwamanza Bezan Khel (M) PS-I,1. Bizan Khel,053020306,,,,766,0,766,4,0,4
"",,1. Bizan Khel,053020308,,,,595,0,595,,,
"",.,,,,,,1361,0,1361,4,0,4
426,426. GMS Dwamanza Bezan Khel (F) PS-II,1. Bizan Khel,053020306,,,,0,559,559,0,3,3
"",,1. Bizan Khel,053020308,,,,0,359,359,,,
"",.,,,,,,0,918,918,0,3,3
427,427. Govt. Middle School Dabek Said Khel (Comb),1. Umer Zai Wazir,053020401,,,,972,627,1599,2,2,4
"",,1. Umer Zai Wazir,053020402,,,,32,5,37,,,
"",,1. Umer Zai Wazir,053020407,,,,232,163,395,,,
"",.,,,,,,1236,795,2031,2,2,4
428,428. Govt. Girls Primary School Khiall Badshah (M),1. Umer Zai Wazir,053020403,,,,1200,0,1200,4,0,4
"",.,,,,,,1200,0,1200,4,0,4
429,429. Govt. Primary School No. 1 Dabek Said Khel (M),1. Umer Zai Wazir,053020403,,,,1261,0,1261,4,0,4
"",.,,,,,,1261,0,1261,4,0,4
430,"430. Govt. Girls Primary School No. 2 Dabek Said Khel(F)",1. Umer Zai Wazir,053020403,,,,0,1662,1662,0,4,4
"",.,,,,,,0,1662,1662,0,4,4
431,431. Govt. Middle School Doger Umer Zai (Comb),2. Umer Zai Wazir,053020404,,,,812,596,1408,2,2,4
"",.,,,,,,812,596,1408,2,2,4
"",,Umer Zai Wazir,053020405,,,,694,618,1312,2,1,3
"",,Umer Zai Wazir,053020408,,,,287,251,538,,,
"",.,,,,,,981,869,1850,2,1,3
433,"433. Govt. Girls Primary School Dogar Umerzai (HajiMuqadam) (comb)",2. Umer Zai Wazir,053020406,,,,126,71,197,2,1,3
"",,2. Umer Zai Wazir,053020409,,,,340,261,601,,,
"",,,,,,0,466,332,798,2,1,3
"",,,,,,,76111,57366,133477,195,168,363
"",,,,,,,,,,,,
1,2,3,4,5,6,7,8,9,10,11,12,13
113,113. Govt: Middle School Inam Tughal Khel (Comb),1.Tughel Khel,051020101,,,,586,445,1031,2,2,4
"",.,,,,,,586,445,1031,2,2,4
114,114. Govt: Middle School Jalat Tughal Khel (Comb),2.Tughel Khel,051020103,,,,543,439,982,2,2,4
"",.,,,,,,543,439,982,2,2,4
115,"115. Govt: Girls Middle School Hathi Khel Banochi(Comb)",2.Hathi Khel Banochi,051020105,,,,421,345,766,2,1,3
"",.,,,,,,421,345,766,2,1,3
116,116. Govt: Primary School Mirdaraz Tughel Khel (MALE),1.Tughel Khel,051020102,,,,857,0,857,4,0,4
"",2.Tughel Khel,051020104,,,,600,0,600,,,,
"",Amber Shah,051020106,,,,94,0,94,,,,
"",.,,,,,,1551,0,1551,4,0,4
117,117. GHS Syed Tughel Khel (FEMALE),1.Tughel Khel,051020102,,,,0,697,697,0,4,4
"",2.Tughel Khel,051020104,,,,0,453,453,,,,
"",Amber Shah,051020106,,,,0,79,79,,,,
"",.,,,,,,0,1229,1229,0,4,4
118,"118. Govt: Girls Primary School Zalim Mandan (WaliKhan) (Comb)",1.Naqashband,051020107,,,,115,103,218,2,2,4
"",2. Zalim Dalo Khel,051020108,,,,656,504,1160,,,,
"",.,,,,,,771,607,1378,2,2,4
119,"119. Govt: Girls Middle School Saleh Khan Mandan(Comb)",1.Sabu Khel Khattak.,051020201,,,,732,591,1323,2,2,4
"",2.Dalo Khel Abdur Rahim,051020205,,,,215,197,412,,,,
"",.,,,,,,947,788,1735,2,2,4
120,"120. Govt: Girls Primary School Rastab Ali Sabu Khel(M)",1.Sabu Khel Khattak.,051020202,,,,680,0,680,4,0,4
1.Sabu Khel Khattak.,051020203,,,,799,0,799,,,,,
"",.,,,,,,1479,0,1479,4,0,4
121,121. Govt: Girls Primary School Sabu Khel Pai Kala (F),1.Sabu Khel Khattak.,051020202,,,,0,307,307,0,4,4
"",,1.Sabu Khel Khattak.,051020203,,,,0,858,858,,,
"",.,,,,,,0,1165,1165,0,4,4
122,122. Govt: Primary School Inayat Mita khel (Comb),1.Qasim Khel Inayat,051020204,,,,637,447,1084,2,2,4
"",,2.Dalo Khel Naurang,051020206,,,,351,240,591,,,
"",.,,,,,,988,687,1675,2,2,4
123,"123. Govt: High School Shurkrullah Hussain Mandan(Male)",1. Shkurullah Hussain,051020207,,,,619,0,619,4,0,4
"",,1. Shkurullah Hussain,051020208,,,,429,0,429,,,
"",.,,,,,,1048,0,1048,4,0,4
124,124. GGHS Gul Khan Merzali Khel (Female),Shukrullah Hussain,051020207,,,,0,357,357,0,3,3
"",,Shukrullah Hussain,051020208,,,,0,465,465,,,
"",.,,,,,,0,822,822,0,3,3
125,125. Govt: Primary School Bada Mir Abass (Comb),1.Bangash Khel,051020209,,,,802,636,1438,2,2,4
"",.,,,,,,802,636,1438,2,2,4
126,126. Govt: High School Mandan Bada Mir Abass (Comb),1.Bangash Khel,051020210,,,,918,675,1593,2,2,4
"",.,,,,,,918,675,1593,2,2,4
140,140. Govt: High School Bhader Manek Khel (Comb) PS-I,1.Abass Khel,051020501,,,,554,420,974,2,2,4
"",,2.Bodin Khel Mir Khwas,051020504,,,,601,505,1106,,,
"",.,,,,,,1155,925,2080,2,2,4
141,"141. Govt: Primary School Kafshi Khel Asghar Ali(Comb)","1.Kafshi Khel MuzaferKhan",051020502,,,,720,513,1233,2,2,4
"",,"2. Kafshi Khel MuzaferKhan",051020503,,,,225,205,430,,,
"",,"2. Kafshi Khel MuzaferKhan",051020520,,,,133,71,204,,,
"",.,,,,,,1078,789,1867,2,2,4
142,"142. Govt: High School Bhader Manek Khel (Comb) PS-II",3. Zul qader Mandan,051020505,,,,240,205,445,2,1,3
"",,4. Manek Khel Bhader,051020506,,,,175,141,316,,,
"",.,,,,,,415,346,761,2,1,3
143,"143. Govt: Middle School Atlas Khan Beri Khel Mandan(Comb)",1.Bhader Mir Azam,051020507,,,,261,183,444,2,2,4
"",,2.Mian Khel Hakeem,051020508,,,,126,65,191,,,
"",,3.Kuri Sheikhan,051020509,,,,390,357,747,,,
"",,4.Yark Khel,051020510,,,,837,652,1489,,,
"",.,,,,,,1614,1257,2871,2,2,4
144,144. Govt: Primary School Shukurllah Beri Khel (Comb),1.Beri Khel,051020511,,,,571,467,1038,2,2,4
"",,2.Beri Khel,051020512,,,,388,332,720,,,
"",.,,,,,,959,799,1758,2,2,4
145,145. Govt: Girls Middle School Faiz Talab Abass (Comb),1.Faiz Talab Abass,051020513,,,,412,0,412,4,0,4
2.Faiz Talab Abass,051020514,,,,614,0,614,,,,,
"",,3.Faiz Talab Abass,051020515,,,,275,0,275,,,
"",.,,,,,,1301,0,1301,4,0,4
146,"146. Govt: Girls Middle School Faiz Talab Abass (Comb)PS-II",1.Faiz Talab Abass,051020513,,,,0,353,353,0,4,4
"",2.Faiz Talab Abass,051020514,,,,0,513,513,,,,
"",3.Faiz Talab Abass,051020515,,,,0,218,218,,,,
"",.,,,,,,0,1084,1084,0,4,4
147,"147. Govt: Primary School Kotka Muhammad Ali(Kauser Fateh Khel (Comb)",1.Fateh Khel Kauser,051020516,,,,643,401,1044,2,2,4
"",1.Fateh Khel Kauser,051020521,,,,486,344,830,,,,
"",.,,,,,,1129,745,1874,2,2,4
148,148. GGCMS Kauser Fateh Khel (Comb),2. Fateh Khel Kauser,051020517,,,,290,221,511,2,2,4
"",2. Fateh Khel Kauser,051020522,,,,300,183,483,,,,
"",.,,,,,,590,404,994,2,2,4
149,149. Govt: Middle School Khawajamad (Comb),1.Khawajamad,051020518,,,,605,513,1118,2,2,4
"",.,,,,,,605,513,1118,2,2,4
150,"150. Govt Primary School Gull Baz Khan Mandan(Comb)",2.Khawajamad,051020519,,,,798,636,1434,2,2,4
"",.,,,,,,798,636,1434,2,2,4
151,"151. Govt Higher Secondary School Hakeem Haved(Male) PS-I",1.Haved Khass,051020601,,,,1424,0,1424,4,0,4
"",1.Haved Kahss,051020602,,,,738,0,738,,,,
"",.,,,,,,2162,0,2162,4,0,4
152,"152. Govt Higher Secondary School Hakeem Haved(Female) PS-II",Haved Khas,051020601,,,,0,676,676,0,3,3
"",Haved Khas,051020602,,,,0,380,380,,,,
"",.,,,,,,0,1056,1056,0,3,3
153,"153. Govt: Girls Primary School Multani Landidak(Comb)",2.Landidak Mulatni,051020604,,,,558,328,886,2,1,3
"",.,,,,,,558,328,886,2,1,3
154,154. Govt: Primary School Hawed Khass (Comb),2.Landidak Haved,051020605,,,,681,557,1238,2,2,4
"",2.Landidak Haved,051020606,,,,655,499,1154,,,,
"",.,,,,,,1336,1056,2392,2,2,4
155,"155. Govt: Higher Secondary School Ismail Khel (M) PS-I",1.Ismail Khel,051020701,,,,880,0,880,4,0,4
"",4.Musa Khel,051020710,,,,506,0,506,,,,
"",.,,,,,,1386,0,1386,4,0,4
156,156. Govt: Primary School School Ismail Khel (M),2.Ismail Khel,051020702,,,,889,0,889,3,0,3
"",.,,,,,,889,0,889,3,0,3
157,"157. Govt: Higher Secondary School Ismail Khel (F) PS-II",1.Ismail Khel,051020701,,,,0,720,720,0,4,4
"",2.Ismail Khel,051020702,,,,0,664,664,,,,
"",4.Musa Khel,051020710,,,,0,448,448,,,,
"",.,,,,,,0,1832,1832,0,4,4
158,158. GGPS Fatima Khel Khurd (Comb),Fatima Khel Khurd,051020703,,,,498,153,651,2,2,4
"",,Fatima Khel Khurd,051020711,,,,229,364,593,,,
"",.,,,,,,727,517,1244,2,2,4
159,"159. Govt: Girls Community Model School ManduriPatal Shah (Comb)",1.Mandori Patal Shah,051020704,,,,560,446,1006,2,2,4
"",,1.Mandori Patal Shah,051020705,,,,547,400,947,,,
"",.,,,,,,1107,846,1953,2,2,4
160,160. Govt: Primary School Imtiaz Khujram Khel (Comb),1.Khujram Khel,051020706,,,,536,484,1020,2,2,4
"",,2.Nobizar,051020707,,,,165,129,294,,,
"",.,,,,,,701,613,1314,2,2,4
161,"161. Govt: Girls Primary School Umar Chak Dadan(Comb)",1.Chak Dadan,051020708,,,,302,210,512,2,2,4
"",,2.Chak Dadan,051020709,,,,411,262,673,,,
"",,2.Chak Dadan,051020712,,,,288,249,537,,,
"",.,,,,,,1001,721,1722,2,2,4
162,162. Govt: Girls Primary School Bait Ali (Comb),1.Mira Khel,051020801,,,,264,155,419,2,2,4
"",,1.Mira Khel,051020802,,,,383,292,675,,,
"",,1.Mira Khel,051020808,,,,517,410,927,,,
"",.,,,,,,1164,857,2021,2,2,4
163,163. Govt: High School Sarmast Mira Khel (Comb),1.Mira Khel,051020803,,,,464,396,860,2,2,4
"",,1.Mira Khel,051020804,,,,348,303,651,,,
"",,1.Mira Khel,051020809,,,,213,122,335,,,
"",,1.Mira Khel,051020810,,,,180,119,299,,,
"",.,,,,,,1205,940,2145,2,2,4
164,164. Govt: Primary School Toot Gari Mira Khel (Male),1.Mira Khel,051020805,,,,331,0,331,4,0,4
"",,1.Mira Khel,051020806,,,,1108,0,1108,,,
"",.,,,,,,1439,0,1439,4,0,4
165,165. Govt: Primary School Taji Killa (Male),1. Taji Khel,051020807,,,,1106,0,1106,4,0,4
"",,1. Taji Khel,051020811,,,,318,0,318,,,
"",.,,,,,,1424,0,1424,4,0,4
166,166. GPS Barara Mira Khel (Female),Mira Khel,051020805,,,,0,178,178,0,4,4
"",,Mira Khel,051020806,,,,0,1043,1043,,,
"",.,,,,,,0,1221,1221,0,4,4
167,167. GGPS Taji Kala No. 2 (Female),Taji Killa,051020807,,,,0,957,957,0,4,4
"",,Taji Killa,051020811,,,,0,268,268,,,
"",.,,,,,,0,1225,1225,0,4,4
168,"168. Govt: Girls Middle School Kala Khel Masti Khan(Comb)",2.Kala Khel Masti Khan,051020901,,,,909,717,1626,2,2,4
"",,2.Kala Khel Masti Khan,051020903,,,,115,76,191,,,
"",.,,,,,,1024,793,1817,2,2,4
169,"169. Govt: Primary School Kala Khel Masti Khan(Comb)",1.Kala Khel Masti Khan,051020902,,,,319,275,594,2,2,4
"",,1.Kala Khel Masti Khan,051020905,,,,619,468,1087,,,
"",.,,,,,,938,743,1681,2,2,4
170,170. GGPS Kala Khel Masti Khan Amanullah (Comb),Kala Khel Masti Khan,051020904,,,,495,357,852,2,1,3
"",.,,,,,,495,357,852,2,1,3
171,171. Govt: Middle School Ismail Khani (Male) PS-I,1.Ismail Khoni,051020906,,,,649,0,649,3,0,3
"",,2.Ismail Khoni,051020907,,,,545,0,545,,,
"",,3.Ismail Khoni,051020908,,,,615,0,615,,,
"",.,,,,,,1809,0,1809,3,0,3
172,172. Govt: Middle School Ismail Khani (Female) PS-II,Ismail Khani,051020906,,,,0,481,481,0,4,4
"",,Ismail Khani,051020907,,,,0,472,472,,,
"",,Ismail Khani,051020908,,,,0,454,454,,,
"",.,,,,,,0,1407,1407,0,4,4
173,"173. Govt Higher Secondary School Naseeb Nawaz(Comb) PS-I",1.Sadat Hassani,051020909,,,,635,390,1025,2,2,4
"",.,,,,,,635,390,1025,2,2,4
174,"174. Govt Higher Secondary School Naseeb Nawaz(Comb) PS-II",2.Sadat Hassani,051020910,,,,437,316,753,2,2,4
"",.,,,,,,437,316,753,2,2,4
175,175. GGMS Samiullah Siro Khass (Comb),1.Nejam Khan,051020911,,,,170,143,313,2,1,3
"",,2.Sero Bada Khel,051020912,,,,342,164,506,,,
"",,2.Sero Bada Khel,051020915,,,,318,257,575,,,
"",.,,,,,,830,564,1394,2,1,3
176,176. Govt: High School Sero Bada Khel (Comb) PS-I,1.Sero Bada Khel,051020913,,,,921,0,921,4,0,4
"",,2.Sero Bada Khel,051020914,,,,226,0,226,,,
"",.,,,,,,1147,0,1147,4,0,4
177,177. Govt: High School Sero Bada Khel (Comb) PS-II,1.Sero Bada Khel,051020913,,,,0,698,698,0,3,3
"",,2.Sero Bada Khel,051020914,,,,0,173,173,,,
"",.,,,,,,0,871,871,0,3,3
191,"191. Govt: Primary School No.1 Shagi Michin Khel(Comb)",I.Shegi Michen Khel,051030301,,,,454,351,805,2,2,4
"",,I.Shegi Michen Khel,051030302,,,,409,270,679,,,
"",,2.Shegi Michen Khel,051030303,,,,151,115,266,,,
"",.,,,,,,1014,736,1750,2,2,4
"",,1. Degan,051030304,,,,600,0,600,4,0,4
2. Degan,051030305,,,,377,0,377,,,,,
192,192. Govt: High School Degan (Male) PS-I,3.Terkhiwala Fazal,051030306,,,,83,0,83,,,
"",4.Terkhiwala Khas,051030307,,,,444,0,444,,,,
"",5.AIam Michen Khel,051030308,,,,3,0,3,,,,
"",.,,,,,,1507,0,1507,4,0,4
193,193. Govt: High School Degan (Female) PS-II,Degan,051030304,,,,0,447,447,0,4,4
"",Degan,051030305,,,,0,299,299,,,,
"",Tarkhewala Fazal Shah,051030306,,,,0,62,62,,,,
"",Tarkhewala Khas,051030307,,,,0,343,343,,,,
"",Alam Machan Khel,051030308,,,,0,0,0,,,,
"",.,,,,,,0,1151,1151,0,4,4
207,207. GMS Kot Zafar Kot Pasha (Combined),1. Kot Pusha,051030601,,,,513,517,1030,2,2,4
"",2.Rak Sarkar,051030603,,,,181,149,330,,,,
"",.,,,,,,694,666,1360,2,2,4
208,208. Govt: Primary School Amin Mughal Khel (M),1.Amin Mughel Khel,051030604,,,,684,0,684,4,0,4
"",1.Amin Mughel Khel,051030613,,,,278,0,278,,,,
"",2.Sor Kamand Mughel,051030605,,,,267,0,267,,,,
"",3. Bangi Khan Mughal Khel,051030606,,,,364,0,364,,,,
"",.,,,,,,1593,0,1593,4,0,4
209,"209. Govt: Girls Primary School Bangi Khan MughalKhel (F)",1.Amin Mughel Khel,051030604,,,,0,491,491,0,4,4
"",1.Amin Mughel Khel,051030613,,,,0,198,198,,,,
"",2.Sor Kamand Mughel,051030605,,,,0,218,218,,,,
"",3. Bangi Khan Mughal Khel,051030606,,,,0,302,302,,,,
"",.,,,,,,0,1209,1209,0,4,4
210,"210. Govt: Primary School Toro Balo Mechen Khel No.1 (Comb)",1.Tori Michen Khel,051030607,,,,89,65,154,2,2,4
"",2.Balo Michen Khel,051030608,,,,641,547,1188,,,,
"",.,,,,,,730,612,1342,2,2,4
211,211. Govt: Primary School Ghulam Mughal Khel (Comb),1.Daim Michen Khel,051030602,,,,9,2,11,2,1,3
"",2.KanderWala Feroz,051030609,,,,297,261,558,,,,
"",3.Kander Wala Feroz,051030610,,,,176,139,315,,,,
"",.,,,,,,482,402,884,2,1,3
212,212. Govt: Primary School Nar Dilasa Shah (comb),1.Nar Mengraj,051030611,,,,133,97,230,2,2,4
"",2.Nar Dilasa Shah,051030612,,,,700,611,1311,,,,
"",.,,,,,,833,708,1541,2,2,4
223,223. Govt: Primary School Kot Qalander (Comb),2.Kot Qalander,051030801,,,,559,463,1022,2,2,4
"",3.Kot Qalander,051030802,,,,198,161,359,,,,
"",4.Sadat Rehmat shah,051030807,,,,213,161,374,,,,
"",.,,,,,,970,785,1755,2,2,4
224,224. Govt: Primary School Manja Khel (Comb),1.Manja Khel,051030803,,,,720,630,1350,2,2,4
"",.,,,,,,720,630,1350,2,2,4
225,225. Govt: Girls Primary School Manja Khel (Comb),2.Manja Khel,051030804,,,,470,356,826,2,1,3
"",.,,,,,,470,356,826,2,1,3
226,226. Govt: Primary School Azad Mughal Khel (Comb),1.Kot Azad Mughal Khel,051030805,,,,306,254,560,2,2,4
"",2.Ibrahim Mughal Khel,051030806,,,,213,155,368,,,,
"",Jan Bahader Land,051030808,,,,194,157,351,,,,
"",.,,,,,,713,566,1279,2,2,4
227,"227. Govt: Girls Middle School Hassan Khel Jaffar Khan(Comb) PS-I",1.Hassan Khel Jaffar Khan,051030809,,,,485,394,879,2,2,4
"",1.Hassan Khel Jaffar Khan,051030811,,,,339,269,608,,,,
"",.,,,,,,824,663,1487,2,2,4
228,"228. Govt: Girls Middle School Hassan Khel Jaffar Khan(Comb) PS-II",2.Hassan Khel Jaffar Khan,051030810,,,,559,431,990,2,1,3
"",.,,,,,,559,431,990,2,1,3
229,229. Govt: Primary School Nar Sher Khan (Comb),2.Nar Sher Khan,051030901,,,,202,122,324,2,2,4
"",2.Nar Sher Khan,051030905,,,,8,6,14,,,,
"",3.Nar Sher Khan,051030902,,,,577,428,1005,,,,
"",.,,,,,,787,556,1343,2,2,4
230,230. Govt: Middle School Nar Hafiz Abad (Comb) PS-I,1. Nar Hafiz Abad,051030903,,,,562,397,959,2,1,3
"",.,,,,,,562,397,959,2,1,3
231,231. Govt: Middle School Nar Hafiz Abad (Comb) PS-II,2.Nar Hafiz Abad,051030904,,,,468,425,893,2,2,4
"",2.Nar Hafiz Abad,051030906,,,,214,129,343,,,,
"",.,,,,,,682,554,1236,2,2,4
232,232. Govt: Primary School Nar Sher Mast (Comb),1.Nar Mir Alam Khan,051031001,,,,215,173,388,2,2,4
"",2.Nar Shermast,051031002,,,,462,332,794,,,,
"",3.Nar Faizullah,051031003,,,,479,368,847,,,,
"",.,,,,,,1156,873,2029,2,2,4
233,"233. GPS Nar Pir Mukamal Shah, Kotka Syed AnwarShah",2.Nar Mir Abass Shah,051031004,,,,437,309,746,2,2,4
1.Nar Muhammad Ayaz,051050502,,,,334,239,573,,,,,
"",.,,,,,,771,548,1319,2,2,4
234,234. Govt: Primary School Nar Jaffar Khan (Comb),1.Nar Jaffar Khan,051031005,,,,776,604,1380,2,2,4
"",.,,,,,,776,604,1380,2,2,4
235,235. Govt: High School Nar Jaffar Khan (Comb),2. Nar Jaffar Khan,051031006,,,,373,295,668,2,2,4
"",,2. Nar Jaffar Khan,051031007,,,,468,375,843,,,
"",.,,,,,,841,670,1511,2,2,4
319,"319. Govt: Girls High School Kakki Secondary SectionBuilding ( Male)",1.Kakki Tarf Awal,051050101,,,,895,0,895,4,0,4
"","319. Govt: Girls High School Kakki Secondary SectionBuilding ( Male)",2.Kakki Tarf Awal,051050102,,,,498,0,498,,,
"",,2.Kakki Tarf Awal,051050113,,,,327,0,327,,,
"",.,,,,,,1720,0,1720,4,0,4
320,320. Govt: Girls High School Kakki (Female) PS-I,1.Kakki Tarf Awal,051050101,,,,0,695,695,0,4,4
"",,2.Kakki Tarf Awal,051050102,,,,0,372,372,,,
"",,2.Kakki Tarf Awal,051050113,,,,0,169,169,,,
"",.,,,,,,0,1236,1236,0,4,4
321,321. Govt: Primary School Kakki Balkh Haji ( Male),3.Kakki Tarf Awal,051050103,,,,1317,0,1317,4,0,4
"",.,,,,,,1317,0,1317,4,0,4
322,322. Govt: Girls High School Kakki (Female) PS-II,3.Kakki Tarf Awal,051050103,,,,0,1102,1102,0,4,4
"",.,,,,,,0,1102,1102,0,4,4
323,323. Govt: High School Kaki (M) PS-I,1.Kakki Tarf Awal,051050104,,,,366,0,366,4,0,4
"",,2.Kakki Tarf Awal,051050105,,,,601,0,601,,,
"",,2.Kakki Tarf Awal,051050114,,,,71,0,71,,,
"",.,,,,,,1038,0,1038,4,0,4
324,324. Govt: Primary School Kakki (M),3.Kakki Tarf Awal,051050106,,,,513,0,513,4,0,4
"",,4. Kakki Tarf Awal,051050107,,,,618,0,618,,,
"",.,,,,,,1131,0,1131,4,0,4
325,325. Govt: High School Kaki (Female) PS-II,1.Kakki Tarf Awal,051050104,,,,0,277,277,0,4,4
2.Kakki Tarf Awal,051050105,,,,0,498,498,,,,,
2.Kakki Tarf Awal,051050114,,,,0,67,67,,,,,
3.Kakki Tarf Awal,051050106,,,,0,407,407,,,,,
"",,4. Kakki Tarf Awal,051050107,,,,0,494,494,,,
"",.,,,,,,0,1743,1743,0,4,4
326,326. GHS Toor Kakki (Male) PS-I,1.Kakki Tarf Awal,051050108,,,,501,0,501,4,0,4
"",1.Kakki Tarf Awal,051050115,,,,236,0,236,,,,
"",3.Kakki Tarf Awal,051050110,,,,555,0,555,,,,
"","4.Landidak MuhammadKhan Qasuria",051050111,,,,25,0,25,,,,
"",5.Landidak Chalwishtgan,051050112,,,,32,0,32,,,,
"",.,,,,,,1349,0,1349,4,0,4
327,327. GGMS Toor Kakki (Male) PS-I,2.Kakki Tarf Awal,051050109,,,,818,0,818,3,0,3
"",.,,,,,,818,0,818,3,0,3
328,328. GHS Toor Kakki (Female) PS-II,1.Kakki Tarf Awal,051050108,,,,0,433,433,0,4,4
"",1.Kakki Tarf Awal,051050115,,,,0,197,197,,,,
"",2.Kakki Tarf Awal,051050109,,,,0,544,544,,,,
"",3.Kakki Tarf Awal,051050110,,,,0,375,375,,,,
"","4.Landidak MuhammadKhan Qasuria",051050111,,,,0,51,51,,,,
"",5.Landidak Chalwishtgan,051050112,,,,0,5,5,,,,
"",.,,,,,,0,1605,1605,0,4,4
329,329. Govt: Girls Primary School Pir Khel Kaki (Male),1.Kakki Tarf Doem,051050201,,,,467,0,467,4,0,4
"",1.Kakki Tarf Doem,051050202,,,,414,0,414,,,,
"",2.Kakki Tarf Doem,051050203,,,,461,0,461,,,,
"",2.Kakki Tarf Doem,051050204,,,,368,0,368,,,,
"",2.Kakki Tarf Doem,051050211,,,,396,0,396,,,,
"",3.Landidak Gulzada,051050209,,,,40,0,40,,,,
"",4.Landidak Sheikh Landek,051050210,,,,125,0,125,,,,
"",.,,,,,,2271,0,2271,4,0,4
330,330. Govt: Middle School Pir Khel Kakki (Female),1.Kakki Tarf Doem,051050201,,,,0,382,382,0,4,4
"",1.Kakki Tarf Doem,051050202,,,,0,292,292,,,,
"",.,,,,,,0,674,674,0,4,4
"",331. Govt: Primary School No. 2 Pir Khel Kakki,2.Kakki Tarf Doem,051050203,,,,0,437,437,0,4,4
2.Kakki Tarf Doem,051050204,,,,0,351,351,,,,,
2.Kakki Tarf Doem,051050211,,,,0,324,324,,,,,
"",(Female),3.Landidak Gulzada,051050209,,,,0,11,11,,,
"",4.Landidak Sheikh Landek,051050210,,,,0,37,37,,,,
"",.,,,,,,0,1160,1160,0,4,4
332,332. Govt: Degree College Kaki (M) PS-I,1.Kakki Tarf Doem,051050205,,,,220,0,220,3,0,3
"",1.Kakki Tarf Doem,051050206,,,,258,0,258,,,,
"",1.Kakki Tarf Doem,051050212,,,,379,0,379,,,,
"",.,,,,,,857,0,857,3,0,3
333,333. Govt: Degree College Kaki (M) PS-II,2.Kakki Tarf Doem,051050207,,,,296,0,296,3,0,3
"",2.Kakki Tarf Doem,051050213,,,,216,0,216,,,,
"",2.Kakki Tarf Doem,051050214,,,,392,0,392,,,,
"",.,,,,,,904,0,904,3,0,3
334,334. Govt: Degree College Kaki (Female) PS-III,1.Kakki Tarf Doem,051050205,,,,0,173,173,0,4,4
"",1.Kakki Tarf Doem,051050206,,,,0,240,240,,,,
"",1.Kakki Tarf Doem,051050212,,,,0,325,325,,,,
"",2.Kakki Tarf Doem,051050207,,,,0,250,250,,,,
"",2.Kakki Tarf Doem,051050213,,,,0,161,161,,,,
"",2.Kakki Tarf Doem,051050214,,,,0,294,294,,,,
"",.,,,,,,0,1443,1443,0,4,4
335,335. GPS Sher Dil Landi Dak (Combined),Kakki Taraf Doam,051050208,,,,308,186,494,1,1,2
"",Kakki Taraf Doam,051050215,,,,87,46,133,,,,
"",.,,,,,,395,232,627,1,1,2
336,336. Govt: Girls Middle School Shahburi Bharat (Comb),1.Bharat,051050301,,,,743,581,1324,2,2,4
"",.,,,,,,743,581,1324,2,2,4
337,337. Govt: Primary School Nasri Bharat (Comb),1.Bharat,051050302,,,,864,692,1556,2,2,4
"",.,,,,,,864,692,1556,2,2,4
338,338. GPS Bharat Khas (Comb),Bharat,051050303,,,,824,618,1442,2,2,4
"",.,,,,,,824,618,1442,2,2,4
"",,Bharat,051050304,,,,953,0,953,4,0,4
339,339. Govt: High School Hakim Bharat (Male),Bharat,051050305,,,,246,0,246,,,
"",Bharat,051050309,,,,266,0,266,,,,
"",Bharat,051050306,,,,314,0,314,,,,
"",Landidak Shah dev,051050307,,,,105,0,105,,,,
"",Landidak Bharat,051050308,,,,185,0,185,,,,
"",.,,,,,,2069,0,2069,4,0,4
340,340. GGHS Hakeem Bharat (Female),Bharat,051050304,,,,0,834,834,0,4,4
"",Bharat,051050305,,,,0,180,180,,,,
"",Bharat,051050309,,,,0,141,141,,,,
"",Bharat,051050306,,,,0,259,259,,,,
"",Landi Dak Shah Dev,051050307,,,,0,79,79,,,,
"",Landi Dak Bharat,051050308,,,,0,121,121,,,,
"",.,,,,,,0,1614,1614,0,4,4
341,341. Govt: High School Bangi Khan Khujari (Comb),Khujari Khas,051050401,,,,962,822,1784,2,2,4
"",.,,,,,,962,822,1784,2,2,4
342,342. Govt: Middle School Noor Ali Khujari Khass (Comb),Khujari Khas,051050402,,,,630,505,1135,2,2,4
"",.,,,,,,630,505,1135,2,2,4
343,"343. GPS Zaba Khel Khojari No 2 (Kotka Shama KhelKhojari) Combined",Khojari Khas,051050403,,,,361,327,688,1,1,2
"",.,,,,,,361,327,688,1,1,2
344,344. GPS Khojari Zaba Khel No. 1 (Comb),Khojari Khas,051050404,,,,417,312,729,2,2,4
"",Khojari Khas,051050405,,,,325,258,583,,,,
"",.,,,,,,742,570,1312,2,2,4
345,345. Govt: Primary School Khujari Jana (Combined),1.Khujari Jana,051050406,,,,399,352,751,1,1,2
"",.,,,,,,399,352,751,1,1,2
346,346. GHS Khujari Babar (C),Khojari Babar,051050407,,,,660,604,1264,4,0,4
"",.,,,,,,660,604,1264,4,0,4
"",,Khojari Babar,051050408,,,,235,0,235,3,0,3
"",,Khojari Babar,051050409,,,,488,0,488,,,
"",.,,,,,,723,0,723,3,0,3
348,348. GPS Sher Gul Khojari (Female),Khojari Babar,051050408,,,,0,183,183,0,2,2
"",,Khojari Babar,051050409,,,,0,420,420,,,
"",.,,,,,,0,603,603,0,2,2
349,349. Govt: Model High School Nar Shukrullah (Comb),1.Nar Bostan,051050501,,,,258,203,461,2,2,4
"",,3.Nar Shakrullah,051050503,,,,412,374,786,,,
"",,4. Nar Najeeb,051050504,,,,663,515,1178,,,
"",.,,,,,,1333,1092,2425,2,2,4
"",,,,,,,80906,62681,143587,209,185,394
1,2,3,4,5,6,7,8,9,10,11,12,13
127,"127. Govt: High School Dardariz Hukam Zad (Comb) PS-I",1.Dardariz,051020301,,,,493,369,862,2,2,4
"",1.Dardariz,051020302,,,,339,257,596,,,,
"",1.Dardariz,051020314,,,,357,296,653,,,,
"",1.Dardariz,051020315,,,,18,45,63,,,,
"",.,,,,,,1207,967,2174,2,2,4
128,"128. Govt: High School Dardariz Hukam Zad (Comb) PS-II",2.Dardariz,051020303,,,,495,306,801,2,1,3
"",.,,,,,,495,306,801,2,1,3
129,129. Govt: Primary School Khansuba (Comb),1.Landidak Bazid,051020304,,,,237,183,420,2,1,3
"",2.Landidak Khansuba,051020313,,,,241,210,451,,,,
"",.,,,,,,478,393,871,2,1,3
130,130. Govt: Girls Primary School Landidak Levet (Comb),3. Landidak Sardi Khel,051020305,,,,348,203,551,2,2,4
"",4. Landidak Momit,051020306,,,,146,121,267,,,,
"",,1.Landidak Levet Wazir,051020603,,,,371,184,555,,,
"",.,,,,,,865,508,1373,2,2,4
131,"131. Govt: High School Landidak Naimat Garh (Comb)PS-I",1.Landidak Mamsh Khel,051020307,,,,41,35,76,2,1,3
"",2.Landidak Shahnajeb,051020308,,,,177,117,294,,,,
"",3.Landidak Nimat Garh.,051020309,,,,342,252,594,,,,
"",.,,,,,,560,404,964,2,1,3
132,"132. Govt: High School Landidak Naimat Garh (Comb)PS-II",4.Landidak Mama Khel,051020310,,,,554,529,1083,2,2,4
"",5.Landidak Khwajamad,051020311,,,,191,146,337,,,,
"",6. Landidak Barakzai,051020312,,,,347,266,613,,,,
"",.,,,,,,1092,941,2033,2,2,4
133,133. BHU Mama Khel Zargar (Comb),1.Mama Khel,051020401,,,,593,463,1056,2,2,4
"",.,,,,,,593,463,1056,2,2,4
"",,2.Mama Khel,051020402,,,,697,548,1245,2,2,4
"",,2.Mama Khel,051020403,,,,439,403,842,,,
"",.,,,,,,1136,951,2087,2,2,4
135,"135. Govt: High School Mama Khel (Banochi) RightSide (M)",1.Mama Khel,051020404,,,,766,0,766,4,0,4
"",,2.Mama Khel,051020405,,,,689,0,689,,,
"",,3. Mama Khel,051020406,,,,540,0,540,,,
"",.,,,,,,1995,0,1995,4,0,4
136,"136. Govt: High School Mama Khel (Banochi)Left Side(F)",1.Mama Khel,051020404,,,,0,749,749,0,4,4
"",,2.Mama Khel,051020405,,,,0,579,579,,,
"",,3.Mama Khel,051020406,,,,0,405,405,,,
"",.,,,,,,0,1733,1733,0,4,4
137,"137. Govt: Middle School Hassan Khel Kheraki (Male)PS-II",1.Hassan Khel Kheraki,051020407,,,,747,0,747,2,0,2
"",.,,,,,,747,0,747,2,0,2
138,"138. Govt: Middle School Hassan Khel Kheraki (Male)PS-I",2.Hassan Khel Kheraki,051020408,,,,633,0,633,4,0,4
"",,3.Hassan Khel Kheraki,051020409,,,,498,0,498,,,
"",.,,,,,,1131,0,1131,4,0,4
139,"139. Govt: Primary School Hassan Khel Kheraki DilFaraz (Female)",1.Hassan Khel Kheraki,051020407,,,,0,552,552,0,4,4
"",,2.Hassan Khel Kheraki,051020408,,,,0,576,576,,,
"",,3.Hassan Khel Kheraki,051020409,,,,0,453,453,,,
"",.,,,,,,0,1581,1581,0,4,4
205,205. Govt: High School Barati Michin Khel (Male),1. Shamshi Khel,051030504,,,,382,0,382,4,0,4
"",,1. Shamshi Khel,051030508,,,,235,0,235,,,
"",,2. Barati Michen Khel,051030505,,,,173,0,173,,,
"",,2. Barati Michen Khel,051030509,,,,349,0,349,,,
"",,3. Momen Mughal Khel,051030506,,,,11,0,11,,,
"",.,,,,,,1150,0,1150,4,0,4
206,206. GPS Bharati Michin Khel (Female),Shamshi Khel,051030504,,,,0,326,326,0,4,4
"",,Shamshi Khel,051030508,,,,0,243,243,,,
"",,Bharati Michin Khel,051030505,,,,0,169,169,,,
"",,Bharati Michin Khel,051030509,,,,0,343,343,,,
"",,Momin Mughal Khel,051030506,,,,0,8,8,,,
"",.,,,,,,0,1089,1089,0,4,4
245,"245. GGPS Israil Shaheed Muhammad Khel Wazir(Male) PS-I",1.Muhammad Khel Wazir,051040201,,,,470,0,470,3,0,3
"",,1.Muhammad Khel Wazir,051040208,,,,379,0,379,,,
"",246. GGPS Israil Shaheed Muhammad Khel Wazir,2.Muhammad Khel Wazir,051040202,,,,856,0,856,,,
"",(Male) PS-II,2.Muhammad Khel Wazir,051040203,,,,699,0,699,,,
"",.,,,,,,2404,0,2404,3,0,3
247,"247. Govt: Girls High School Ghafar Muhammad Khel(Female)",1.Muhammad Khel Wazir,051040201,,,,0,316,316,0,4,4
"",1.Muhammad Khel Wazir,051040208,,,,0,248,248,,,,
"",2.Muhammad Khel Wazir,051040202,,,,0,513,513,,,,
"",2.Muhammad Khel Wazir,051040203,,,,0,463,463,,,,
"",.,,,,,,0,1540,1540,0,4,4
248,"248. Govt: High School Khudri Muhammad Khel(Comb) PS-I",1.Muhammad Khel Wazir,051040204,,,,1185,660,1845,2,2,4
"",.,,,,,,1185,660,1845,2,2,4
249,"249. Govt: Primary School Rai Khan KhudriMuhammad Khel (MALE)",1.Muhammad Khel Wazir,051040205,,,,1226,0,1226,4,0,4
"",1.Muhammad Khel Wazir,051040206,,,,786,0,786,,,,
"",.,,,,,,2012,0,2012,4,0,4
250,"250. Govt: Girls Primary School shah Jahan KhudriMuhammad Khel (Female)",1.Muhammad Khel Wazir,051040205,,,,0,875,875,0,4,4
"",1.Muhammad Khel Wazir,051040206,,,,0,518,518,,,,
"",.,,,,,,0,1393,1393,0,4,4
251,"251. Govt: High School Khudri Muhammad Khel(Comb) PS-II",2.Muhammad Khel Wazir,051040207,,,,362,225,587,1,1,2
"",.,,,,,,362,225,587,1,1,2
252,"252. Govt: Higher Secondary School Mamash Khel(Comb) PS-I",1.Mamsh Khel Nogari,051040301,,,,637,468,1105,2,2,4
"",.,,,,,,637,468,1105,2,2,4
253,"253. Govt: Girls Primary School Purana Saidan(Sheikhan) Mamash Khel (Comb)",1.Mamsh Khe Nogari,051040302,,,,1229,820,2049,2,2,4
"",.,,,,,,1229,820,2049,2,2,4
254,"254. Govt: High School Dairy Saidan Mamash Khel(Combined)",1.Mamsh Khe Nogari,051040303,,,,323,267,590,2,2,4
"",1.Mamsh Khe Nogari,051040304,,,,750,541,1291,,,,
"",.,,,,,,1073,808,1881,2,2,4
255,"255. Govt: Higher Secondary School Mamash Khel(Comb) PS-II",2.Mamsh Khel Nogari,051040305,,,,589,375,964,2,1,3
"",.,,,,,,589,375,964,2,1,3
256,256. Govt:Middle School Kotka Allah Dad (Combined),1.Mamsh Khe Nogari,051040306,,,,514,371,885,2,2,4
"",1.Mamsh Khe Nogari,051040307,,,,580,368,948,,,,
"",.,,,,,,1094,739,1833,2,2,4
257,257. GGMS Pirdel Khel Mamash Khel (Combined),Mamash Khel Nogari,051040308,,,,719,533,1252,2,2,4
"",.,,,,,,719,533,1252,2,2,4
258,"258. Govt: Middle School Eidak Behram Che GhariMamash Khel (Comb)",1.Mamsh Khel Sadat,051040309,,,,429,324,753,2,2,4
"",2.Mamsh Khel Sadat,051040312,,,,493,348,841,,,,
"",.,,,,,,922,672,1594,2,2,4
259,"259. Govt: Primary School Mamash Khel Khas SakhiJan (Comb)",1.Mamsh Khel Sadat,051040310,,,,702,489,1191,2,2,4
"",1.Mamsh Khel Sadat,051040311,,,,328,221,549,,,,
"",.,,,,,,1030,710,1740,2,2,4
260,"260. Govt: Girls Primary School Ghareera Shah Jehan(Comb)",1.Shajahan Wazir,051040401,,,,711,466,1177,2,2,4
"",.,,,,,,711,466,1177,2,2,4
261,"261. Govt: Girls Primary School Feroz Fateh Khel (SherAzam) (Comb)",1.Feroz Fateh Khel,051040402,,,,579,483,1062,2,2,4
"",.,,,,,,579,483,1062,2,2,4
262,262. Govt:Primary School Fateh Khel Sarwar (Comb),1.FatehKhel Sarwar,051040403,,,,669,476,1145,2,2,4
"",.,,,,,,669,476,1145,2,2,4
263,263. Govt: High School Kinger Jan Bahadur (Comb),1.Kinger Jan Bahader,051040404,,,,567,456,1023,2,2,4
"",2.Kinger Larmast,051040405,,,,143,140,283,,,,
"",.,,,,,,710,596,1306,2,2,4
264,"264. Govt: Primary School Khan Suba Mitha Khel(Comb)",1.Khan Suba Mitha Khel,051040406,,,,571,475,1046,2,2,4
"",.,,,,,,571,475,1046,2,2,4
265,"265. Govt: Primary School Taimoor Shah Mitha Khel(Comb)",2. Mitha Khel Samand,051040407,,,,377,287,664,2,2,4
"",3.Lochi Khel Timor shah,051040408,,,,403,313,716,,,,
"",.,,,,,,780,600,1380,2,2,4
266,266. Govt:High School Fazal Shah Mitha Khel (Male),1.Lochi Khel Fazal Shah,051040409,,,,347,0,347,4,0,4
"",2. Lochi Khel Fazal Shah,051040410,,,,641,0,641,,,,
"",3.Lochi Khel Abass,051040411,,,,163,0,163,,,,
"",4.Mitha Khela Malik,051040412,,,,231,0,231,,,,
"",.,,,,,,1382,0,1382,4,0,4
267,267. GGMS Fazal Shah Mita Khel (Female),Lochi Khel Fazal Shah,051040409,,,,0,263,263,0,3,3
"",Lochi Khel Fazal Shah,051040410,,,,0,440,440,,,,
"",Lochi Khel Fazal Shah,051040411,,,,0,77,77,,,,
"",Mita Khel Malak,051040412,,,,0,137,137,,,,
"",.,,,,,,0,917,917,0,3,3
268,"268. Govt: Primary School Dad Kachkot Mita Khel(Comb)",1.Dad Kachkot,051040413,,,,866,427,1293,2,2,4
"",.,,,,,,866,427,1293,2,2,4
269,"269. Govt: Primary School Piyao Jan Barak Zai No.2(Male)",1.Mumbati Barakzai,051040501,,,,687,0,687,4,0,4
2.Mumbati Barakzai,051040502,,,,990,0,990,,,,,
"",.,,,,,,1677,0,1677,4,0,4
270,270. GPS Shamadi Killa (Female),mumbati barak zai,051040501,,,,0,445,445,0,4,4
"",mumbati barak zai,051040502,,,,0,776,776,,,,
"",.,,,,,,0,1221,1221,0,4,4
271,"271. Govt: Girls Primary School Khani Killa Barak Zai(Comb)",1.Mumbati Barakzai,051040503,,,,367,256,623,2,2,4
"",1.Mumbati Barakzai,051040508,,,,379,258,637,,,,
"",.,,,,,,746,514,1260,2,2,4
272,272. GPS Mir Baz Barak Zai (Male),Mir Baz Barak Zai,051040504,,,,1012,0,1012,4,0,4
"",Mir Baz Barak Zai,051040505,,,,534,0,534,,,,
"",Mir Baz Barak Zai,051040509,,,,149,0,149,,,,
"",.,,,,,,1695,0,1695,4,0,4
273,"273. Govt: Girls Primary School Mirbaz Barak Zai(Female)",1.Mir Baz barkzai,051040504,,,,0,796,796,0,4,4
"",2.Mir Bazbarkzai,051040505,,,,0,424,424,,,,
"",2.Mir Bazbarkzai,051040509,,,,0,74,74,,,,
"",.,,,,,,0,1294,1294,0,4,4
274,274. GPS Zonda Ghaibi (Comb),Zonda Ghaibi,051040506,,,,569,414,983,2,1,3
"",.,,,,,,569,414,983,2,1,3
275,"275. Govt: Primary School Nazar Shah Akhund Khel(Aslam) (Comb)",1.Topi Ghulam Qader,051040507,,,,903,552,1455,2,2,4
"",.,,,,,,903,552,1455,2,2,4
276,276. Govt: Girls Middle School Narmi Khel (Male) PS-I,1.Bakka Khel,051040601,,,,1500,0,1500,4,0,4
"",.,,,,,,1500,0,1500,4,0,4
277,277. Govt: Girls Middle School Narmi Khel (Male) PS-II,1.Bakka Khel,051040601,,,,1464,0,1464,4,0,4
"",.,,,,,,1464,0,1464,4,0,4
278,278. Govt: High School Nawab Narrmi khel (Female),1.Bakka Khel,051040601,,,,0,2469,2469,0,4,4
"",.,,,,,,0,2469,2469,0,4,4
279,"279. Govt: Girls Primary School Noor Daraz Baka Khel(Comb)",1.Bakka Khel,051040602,,,,688,446,1134,2,2,4
"",1.Bakka Khel,051040608,,,,522,238,760,,,,
"",1.Bakka Khel,051040610,,,,148,47,195,,,,
"",.,,,,,,1358,731,2089,2,2,4
280,"280. Govt: Girls Primary School Gul Noor Jan SardiKhel (Male)",1.Bakka Khel,051040603,,,,2000,0,2000,4,0,4
"",1.Bakka Khel,051040604,,,,92,0,92,,,,
"",.,,,,,,2092,0,2092,4,0,4
281,281. Govt: Primary School Sher Ali Sardi Khel (Male),1.Bakka Khel,051040603,,,,2191,0,2191,4,0,4
"",.,,,,,,2191,0,2191,4,0,4
282,"282. Govt: High School Dilawar Khan Miralai (Female)PS-I",1.Bakka Khel,051040603,,,,0,1500,1500,0,4,4
"",1.Bakka Khel,051040604,,,,0,54,54,,,,
"",.,,,,,,0,1554,1554,0,4,4
283,"283. Govt: High School Dilawar Khan Miralai (Female)PS-II",1.Bakka Khel,051040603,,,,0,1659,1659,0,4,4
"",.,,,,,,0,1659,1659,0,4,4
284,"284. Govt: Middle School Mir Zali KhanLandidak(Comb) PS-I",1. Landidak Mandew,051040605,,,,504,400,904,2,1,3
"",.,,,,,,504,400,904,2,1,3
285,"285. Govt: Middle School Mir Zali KhanLandidak(Comb) PS-II",2. Landidak Mandew Wazir,051040606,,,,3,3,6,2,2,4
"",3. Landidak Gul Badin,051040607,,,,490,349,839,,,,
"",3. Landidak Gul Badin,051040609,,,,203,171,374,,,,
"",.,,,,,,696,523,1219,2,2,4
286,286. Govt: Higher Secondary School Nurar (Male) PS-I,1.Nurar,051040701,,,,654,0,654,2,0,2
"",1.Nurar,051040707,,,,519,0,519,,,,
"",.,,,,,,1173,0,1173,2,0,2
287,"287. Govt: Girls Middle School Faqeer Abdullah Nurar(Female) PS-I",1.Nurar,051040701,,,,0,505,505,0,3,3
"",1.Nurar,051040707,,,,0,450,450,,,,
"",.,,,,,,0,955,955,0,3,3
288,288. Govt: Higher Secondary School Nurar (Male) PS-II,Nurar,051040702,,,,746,0,746,4,0,4
"",Nurar,051040703,,,,603,0,603,,,,
"",.,,,,,,1349,0,1349,4,0,4
289,"289. Govt: Girls Middle School Faqeer Abdullah Nurar(Female) PS-II",2.Nurar,051040702,,,,0,660,660,0,4,4
"",3.Nurar,051040703,,,,0,444,444,,,,
"",.,,,,,,0,1104,1104,0,4,4
290,290. Govt: High School Khan Zaman Nurar (Comb),1.Nurar,051040704,,,,1005,808,1813,2,2,4
"",.,,,,,,1005,808,1813,2,2,4
291,"291. Govt: Girls Middle School Guleen Nurar (Comb) PS-I",1.Nurar,051040705,,,,957,0,957,4,0,4
"",1.Nurar,051040708,,,,577,0,577,,,,
"",.,,,,,,1534,0,1534,4,0,4
292,"292. Govt: Girls Middle School Guleen Nurar (Comb) PS-II",1.Nurar,051040705,,,,0,760,760,0,4,4
"",1.Nurar,051040708,,,,0,397,397,,,,
"",.,,,,,,0,1157,1157,0,4,4
293,293. GPS Nurar Khas (Combined),Nurar,051040706,,,,797,593,1390,2,2,4
"",.,,,,,,797,593,1390,2,2,4
"",,1. Mandeve,051040801,,,,789,0,789,4,0,4
"",,1. Mandeve,051040802,,,,424,0,424,,,
"",.,,,,,,1213,0,1213,4,0,4
295,295. Govt: High School Mandeve (Comb) PS-II,1. Mandeve,051040801,,,,0,584,584,0,4,4
"",,1. Mandeve,051040802,,,,0,334,334,,,
"",.,,,,,,0,918,918,0,4,4
296,296. Govt: Girls High School Qamer Zaman (M) PS-I,1. Mandeve,051040803,,,,567,0,567,4,0,4
"",,2. Mandeve,051040804,,,,1150,0,1150,,,
"",.,,,,,,1717,0,1717,4,0,4
297,"297. Govt: Girls High School Qamer Zaman (Female)PS-II",1. Mandeve,051040803,,,,0,458,458,0,4,4
"",,2. Mandeve,051040804,,,,0,862,862,,,
"",.,,,,,,0,1320,1320,0,4,4
298,298. GPS Nazar Ali Mandev (Comb),Mandev,051040805,,,,1024,695,1719,2,2,4
"",.,,,,,,1024,695,1719,2,2,4
299,299. Govt: Girls Primary School Shahdev (Comb) PS-I,1.Shadev,051040806,,,,604,460,1064,2,2,4
"",.,,,,,,604,460,1064,2,2,4
300,300. Govt: Girls Primary School Shahdev (Comb) PS-II,2.Shadev,051040807,,,,585,427,1012,2,2,4
"",.,,,,,,585,427,1012,2,2,4
301,301. Govt: High School Ghulam Jan Murib Khel (M) PS-II,1.Takhthi Khel Wazir,051040901,,,,1000,0,1000,4,0,4
"",.,,,,,,1000,0,1000,4,0,4
302,302. Govt: High School Ghulam Jan Murib Khel (M) PS-I,2.Takhthi Khel Wazir,051040902,,,,493,0,493,2,0,2
"",,3.Takhthi Khel Wazir,051040903,,,,224,0,224,,,
"",.,,,,,,717,0,717,2,0,2
303,"303. Govt: Girls Primary School Marib Khel (Altamir)Baka Khel (F)",1.Takhthi Khel Wazir,051040901,,,,0,828,828,0,4,4
"",,2.Takhthi Khel Wazir,051040902,,,,0,347,347,,,
"",,3.Takhthi Khel Wazir,051040903,,,,0,77,77,,,
"",.,,,,,,0,1252,1252,0,4,4
304,304. Govt: High School Surat Khan Baka Khel(Comb),1.Takhthi Khel Wazir,051040904,,,,261,154,415,2,2,4
"",,2.Takhthi Khel Wazir,051040905,,,,791,618,1409,,,
"",.,,,,,,1052,772,1824,2,2,4
305,305. Govt: Middle School Bahader Jan (Male) PS-I,1.Takhthi Khel Wazir,051040906,,,,533,0,533,3,0,3
"",,2.Takhthi Khel Wazir,051040907,,,,378,0,378,,,
"",.,,,,,,911,0,911,3,0,3
306,306. Govt: Middle School Bahader Jan (Male) PS-II,3.Takhthi Khel Wazir,051040908,,,,694,0,694,2,0,2
"",.,,,,,,694,0,694,2,0,2
"",,1.Takhthi Khel Wazir,051040906,,,,0,474,474,0,4,4
307,307. Govt: Girls Middle School Malik Jan (Female),2.Takhthi Khel Wazir,051040907,,,,0,230,230,,,
"",3.Takhthi Khel Wazir,051040908,,,,0,319,319,,,,
"",.,,,,,,0,1023,1023,0,4,4
308,308. GHS Mir Ghaffar Ghora Baka Khel (Male),1.Takhthi Khel Wazir,051040909,,,,313,0,313,4,0,4
"",2.Takhthi Khel Wazir,051040910,,,,1189,0,1189,,,,
"",.,,,,,,1502,0,1502,4,0,4
309,"309. Govt: Girls Primary School Qamar Zaman GhuraBaka Khel (Female)",1.Takhthi Khel Wazir,051040909,,,,0,149,149,0,4,4
"",2.Takhthi Khel Wazir,051040910,,,,0,882,882,,,,
"",.,,,,,,0,1031,1031,0,4,4
310,310. Govt: Primary School Malik Shahi (Comb),1.Malik Shahi,051041001,,,,629,344,973,2,2,4
"",2.Malik Shahi,051041002,,,,579,377,956,,,,
"",.,,,,,,1208,721,1929,2,2,4
311,311. Govt: High School Jani Khel (Comb) PS-II,1.Edia Khel,051041003,,,,774,585,1359,2,2,4
"",.,,,,,,774,585,1359,2,2,4
312,312. Govt: High School Jani Khel (Comb) PS-I,2.Edia Khel,051041004,,,,414,285,699,2,2,4
"",3.Edia Khel,051041005,,,,552,243,795,,,,
"",.,,,,,,966,528,1494,2,2,4
313,313. Govt: High School Jani Khel (Comb) PS-III,1.Hindi Khel,051041006,,,,920,287,1207,2,2,4
"",1.Hindi Khel,051041007,,,,556,587,1143,,,,
"",.,,,,,,1476,874,2350,2,2,4
314,314. Govt: Primary School Hindi Khel (Comb) PS-I,1.Hindi Khel,051041008,,,,1446,1159,2605,2,2,4
"",.,,,,,,1446,1159,2605,2,2,4
315,315. Govt: Primary School Hindi Khel (Comb) PS-II,2.Hindi Khel,051041009,,,,448,312,760,2,1,3
"",.,,,,,,448,312,760,2,1,3
316,"316. Govt Primary School Momitan Khel Jani Khel(Khalid) (Comb)",1.Jani Khel Mushtaraka,051041101,,,,1366,1078,2444,2,2,4
"",2.Jani Khel Mushtaraka,051041102,,,,481,357,838,,,,
"",.,,,,,,1847,1435,3282,2,2,4
317,"317. Govt: Middle School Memhood Wali Noor JaniKhel (Comb) PS-I",1.Jani Khel Mushtaraka,051041103,,,,1376,1078,2454,2,2,4
"",2.Jani Khel Mushtaraka,051041104,,,,166,136,302,,,,
"",.,,,,,,1542,1214,2756,2,2,4
318,"318. Govt: Middle School Memhood Wali Noor JaniKhel (Comb) PS-II",Jani Khel Mushtaraka,051041105,,,,1158,881,2039,2,2,4
"",Jani Khel Mushtaraka,051041106,,,,208,129,337,,,,
"",.,,,,,,1366,1010,2376,2,2,4
"",,,,,,,74318,54403,128721,173,158,331
"",,,,,,,,,,,,
1,2,3,4,5,6,7,8,9,10,11,12,13
1,"1. F.G Junior Public School Juma Khan Road BannuCantt (Comb)",,,"1. Railway Colony BannuCantt",052010101,,136,96,232,2,2,4
"",,,2. Kotka Namwar,052010102,,201,170,371,,,,
"",,,3. Saraijat,052010103,,49,26,75,,,,
"",,,4. Supply Lain,052010104,,288,204,492,,,,
"",.,,,,,,674,496,1170,2,2,4
2,2. Civil Dispensary Bannu Cantonment (Male) PS-I,,,1. Kurram Lain,052010201,,91,0,91,4,0,4
"",,,2. Saddar Bazar,052010202,,97,0,97,,,,
"",,,3. Telephone Coloney,052010203,,514,0,514,,,,
"",,,3. Telephone Coloney,052010206,,85,0,85,,,,
"",,,4. Defence Colony,052010204,,291,0,291,,,,
"",,,5. Dairy Form/Risala Lain,052010205,,94,0,94,,,,
"",.,,,,,,1172,0,1172,4,0,4
3,3. Civil Dispensary Bannu Cantonment (Female) PS-II,,,1. Kurram Lain,052010201,,0,71,71,0,4,4
"",,,2. Saddar Bazar,052010202,,0,89,89,,,,
"",,,3. Telephone Coloney,052010203,,0,453,453,,,,
"",,,3. Telephone Coloney,052010206,,0,61,61,,,,
"",,,4. Defence Colony,052010204,,0,265,265,,,,
"",,,5. Dairy Form/Risala Lain,052010205,,0,83,83,,,,
"",.,,,,,,0,1022,1022,0,4,4
4,4. Govt: Middle School Sukari Jabar (Male) PS-I,1. Sokari Zabta Khan,051010101,,,,836,0,836,3,0,3
"",,,,,,,836,0,836,3,0,3
5,4. Govt: Middle School Sukari Jabar (Male) PS-II,2. Sokari Zabta Khan,051010102,,,,428,0,428,4,0,4
"",3. Sokari Zabta Khan,051010103,,,,424,0,424,,,,
"",3. Sokari Zabta Khan,051010104,,,,307,0,307,,,,
"",.,,,,,,1159,0,1159,4,0,4
6,6. Govt: Girls Primary School Sukari Bahader (Female),1. Sokari Zabta Khan,051010101,,,,0,653,653,0,4,4
2. Sokari Zabta Khan,051010102,,,,0,348,348,,,,,
3. Sokari Zabta Khan,051010103,,,,0,282,282,,,,,
"",,3. Sokari Zabta Khan,051010104,,,,0,188,188,,,
"",.,,,,,,0,1471,1471,0,4,4
7,7. Govt: Primary School Sukari Karim Khan (Male),1. Sokari Zabta Khan,051010105,,,,382,0,382,3,0,3
"",2. Sokari Zabta Khan,051010106,,,,326,0,326,,,,
"",2. Sokari Zabta Khan,051010125,,,,249,0,249,,,,
"",.,,,,,,957,0,957,3,0,3
8,"8. Old Local Governement Office, Sokrri Zabta Khan(Male)",3. Sokari Zabta Khan,051010107,,,,280,0,280,2,0,2
"",3. Sokari Zabta Khan,051010126,,,,364,0,364,,,,
"",.,,,,,,644,0,644,2,0,2
9,9. GGPS Sokari Kamal Khel (Female),Sokari Zabta Khan,051010105,,,,0,311,311,0,4,4
"",Sokari Zabta Khan,051010106,,,,0,271,271,,,,
"",Sokari Zabta Khan,051010125,,,,0,177,177,,,,
"",Sokari Zabta Khan,051010107,,,,0,162,162,,,,
"",Sokari Zabta Khan,051010126,,,,0,266,266,,,,
"",.,,,,,,0,1187,1187,0,4,4
10,10. Main Campus University Bannu (Comb) PS-I,1.Sokkari Karim Khan,051010108,,,,738,561,1299,2,2,4
"",1.Sokkari Karim Khan,051010127,,,,258,155,413,,,,
"",.,,,,,,996,716,1712,2,2,4
11,11. Main Campus University Bannu (Combined) PS-II,Sokari Karim Khan,051010109,,,,441,323,764,2,2,4
"",Sokari Karim Khan,051010110,,,,352,300,652,,,,
"",.,,,,,,793,623,1416,2,2,4
12,12. Govt: Primary School No.1 Sokari Jabbar (Male),1.Sokari Jabar,051010111,,,,353,0,353,4,0,4
"",1.Sokari Jabar,051010128,,,,327,0,327,,,,
"",2.Sokari Jabar,051010112,,,,452,0,452,,,,
"",.,,,,,,1132,0,1132,4,0,4
13,13. Govt: Primary School No.2 Sokari Jabbar (Male),3.Sokari Jabar,051010113,,,,288,0,288,3,0,3
"",3.Sokari Jabar,051010129,,,,225,0,225,,,,
"","4. Muhammad AzamDanda Khel",051010116,,,,328,0,328,,,,
"",.,,,,,,841,0,841,3,0,3
14,"14. Govt: Girls Primary School No.1 Sukari JabarRahim Gul (Female)",1.Sokari Jabar,051010111,,,,0,308,308,0,4,4
"",1.Sokari Jabar,051010128,,,,0,176,176,,,,
"",2.Sokari Jabar,051010112,,,,0,329,329,,,,
"",3.Sokari Jabar,051010113,,,,0,218,218,,,,
"",3.Sokari Jabar,051010129,,,,0,145,145,,,,
"","4.Muhammad AzamDanda Khel",051010116,,,,0,269,269,,,,
"",.,,,,,,0,1445,1445,0,4,4
15,15. Govt: Girls Primary School Ghani Baisit Khel (Comb),1.Baist Khel,051010114,,,,477,334,811,2,1,3
"",.,,,,,,477,334,811,2,1,3
16,"16. Govt: Girls Primary School Baisit Khel Mir Azam(Kotka Sheikh Badin) (Comb)",2.Baist Khel,051010115,,,,627,430,1057,2,2,4
"",.,,,,,,627,430,1057,2,2,4
17,17. Govt: Post Graduate College Bannu (Male) PS-I,1. Hinjal Noor Baz,051010117,,,,578,0,578,3,0,3
"",3. Hinjal Noor Baz,051010121,,,,342,0,342,,,,
"",.,,,,,,920,0,920,3,0,3
18,18. Govt: Post Graduate College Bannu (Fmale) PS-II,Hinjal Noor Baz,051010117,,,,0,400,400,0,2,2
"",.,,,,,,0,400,400,0,2,2
19,19. Govt: Primary School Hinjal Amir Khan (M),1. Hinjal Noor Baz,051010118,,,,694,0,694,4,0,4
"",1. Hinjal Noor Baz,051010119,,,,722,0,722,,,,
"",.,,,,,,1416,0,1416,4,0,4
20,20. Govt: Post Graduate College Bannu (Male) PS-III,2. Hinal Noor Baz,051010120,,,,616,0,616,2,0,2
"",.,,,,,,616,0,616,2,0,2
21,21. Govt: Girls Middle School Hinjal Amir Khan (M),2. Hinjal Noor Baz,051010122,,,,653,0,653,2,0,2
"",.,,,,,,653,0,653,2,0,2
22,22. Govt: Girls Primary School Hinjal Amir Khan (F),1. Hinjal Noor Baz,051010118,,,,0,557,557,0,4,4
"",1. Hinjal Noor Baz,051010119,,,,0,504,504,,,,
"",2. Hinjal Noor Baz,051010122,,,,0,559,559,,,,
"",.,,,,,,0,1620,1620,0,4,4
23,23. Govt: Post Graduate College Bannu (Fmale) PS-IV,Hinjal Noor Baz,051010120,,,,0,479,479,0,3,3
"",Hinjal Noor Baz,051010121,,,,0,260,260,,,,
"",.,,,,,,0,739,739,0,3,3
24,"24. Govt: High School Hinjal Noor Baz Near TrangQabristan (Comb) PS-I",1. Hinjal Nawab,051010123,,,,1092,0,1092,4,0,4
"",.,,,,,,1092,0,1092,4,0,4
25,"25. Govt: High School Hinjal Noor Baz Near TrangQabristan (Comb) PS-II",1. Hinjal Nawab,051010123,,,,0,855,855,0,3,3
"",.,,,,,,0,855,855,0,3,3
26,26. Govt: Girls Primary School Hinjal Noor Baz (Comb),1. Hinjal Sherza Khan,051010124,,,,834,692,1526,2,2,4
"",.,,,,,,834,692,1526,2,2,4
27,27. Sports Complex Bannu (Comb),1. Fatma Khel Kalan,051010201,,,,668,0,668,3,1,4
"",1. Fatma Khel Kalan,051010202,,,,559,0,559,,,,
"",.,,,,,,1227,0,1227,3,1,4
28,28. Sports Complex Bannu (Comb),1. Fatma Khel Kalan,051010201,,,,0,462,462,0,3,3
"",1. Fatma Khel Kalan,051010202,,,,0,399,399,,,,
"",.,,,,,,0,861,861,0,3,3
29,"29. IMS University of Science and Technology Bannu(Male) PS-I",1. Fatma Khel Kalan,051010203,,,,699,0,699,4,0,4
"",1. Fatma Khel Kalan,051010204,,,,492,0,492,,,,
"",1. Fatma Khel Kalan,051010219,,,,446,0,446,,,,
"",.,,,,,,1637,0,1637,4,0,4
30,"30. IMS University of Science and Technology Bannu(Female) PS-II",Fatma Khel Kalan,051010203,,,,0,542,542,0,4,4
"",Fatma Khel Kalan,051010204,,,,0,360,360,,,,
"",Fatma Khel Kalan,051010219,,,,0,318,318,,,,
"",.,,,,,,0,1220,1220,0,4,4
31,31. Govt: Primary School Fatma Khel (Comb),2. Fatma Khel Kalan,051010205,,,,584,429,1013,2,2,4
"",.,,,,,,584,429,1013,2,2,4
32,32. Govt Degree College No.2 Bannu (M),2. Fatma Khel Kalan,051010206,,,,672,0,672,2,0,2
"",.,,,,,,672,0,672,2,0,2
33,33. Govt Degree College No.2 Bannu (F),2. Fatma Khel Kalan,051010206,,,,0,539,539,0,2,2
"",.,,,,,,0,539,539,0,2,2
34,34. Govt: Girls Middle School Fatma Khel (Comb),1. Fatma Khel Kalan,051010207,,,,312,263,575,2,2,4
"",2. Fatma Khel Kalan,051010208,,,,733,490,1223,,,,
"",.,,,,,,1045,753,1798,2,2,4
35,35. Custom House Near Naseer Abad (M),1. Gari Sher Ahmed,051010209,,,,1143,0,1143,4,0,4
"",.,,,,,,1143,0,1143,4,0,4
36,36. Custom House Near Naseer Abad (F),1. Gari Sher Ahmed,051010209,,,,0,862,862,0,3,3
"",.,,,,,,0,862,862,0,3,3
37,37. GGPS Garhi Sher Ahmad (Comb),1. Gari Sher Ahmed,051010210,,,,286,243,529,2,2,4
"",2. Gari Sher Ahmed,051010211,,,,467,349,816,,,,
"",.,,,,,,753,592,1345,2,2,4
38,"38. Govt: Girls Primary School Kotka Imam ShahMulagana (Comb)",1.Haji Khel Anwar shah,051010212,,,,564,452,1016,2,2,4
"",.,,,,,,564,452,1016,2,2,4
39,39. WAPDA Colony Rest House Bannu (Comb) PS-I,Kafshi Khel Babo Jan,051010213,,,,376,334,710,1,1,2
"",.,,,,,,376,334,710,1,1,2
40,"40. I.I.T University of Science and Technology Bannu(Male)",1.Kot Beli,051010214,,,,1126,0,1126,4,0,4
"",.,,,,,,1126,0,1126,4,0,4
41,"41. I.I.T University of Science and Technology Bannu(Male)",2.Kot Beli,051010215,,,,803,0,803,3,0,3
"",.,,,,,,803,0,803,3,0,3
42,42. Govt: Primary School Kot Beli (Female),1.Kot Beli,051010214,,,,0,844,844,0,4,4
"",2.Kot Beli,051010215,,,,0,572,572,,,,
"",.,,,,,,0,1416,1416,0,4,4
43,43. Govt: Primary School Kot Adil (Female),1.Kot Daim,051010217,,,,0,492,492,0,3,3
"",1.Kot Daim,051010218,,,,0,478,478,,,,
"",2.Kot Daim,051010216,,,,0,458,458,,,,
"",.,,,,,,0,1428,1428,0,3,3
44,44. Govt: Girls Middle School Kot Adil (Male),1.Kot Daim,051010217,,,,640,0,640,4,0,4
"",1.Kot Daim,051010218,,,,606,0,606,,,,
"",2.Kot Daim,051010216,,,,630,0,630,,,,
"",.,,,,,,1876,0,1876,4,0,4
45,45. GGPS Piran Daud Shah (Comb),1.Nusrat Shal Khel,051010301,,,,355,279,634,2,2,4
"",2.Gari Piran,051010302,,,,570,391,961,,,,
"",.,,,,,,925,670,1595,2,2,4
46,46. Agriculture Office Near Tapi Kalan (Comb) PS-I,1.Sokari Hassan Khel,051010303,,,,638,422,1060,2,2,4
"",.,,,,,,638,422,1060,2,2,4
47,47. Agriculture Office Near Topi Kalan (Combined) PS-II,1.Sokari Hassan Khel,051010304,,,,501,349,850,2,1,3
"",1.Sokari Hassan Khel,051010305,,,,481,349,830,,,,
"",.,,,,,,982,698,1680,2,1,3
48,48. Govt: Girls High School Amandi Gul Hassan (Male),1.Amandi,051010306,,,,518,0,518,2,0,2
"",1.Amandi,051010307,,,,663,0,663,,,,
"",.,,,,,,1181,0,1181,2,0,2
49,49. GGPS Amandi Shah Jehan (Female),Amandi,051010306,,,,0,349,349,0,3,3
"",Amandi,051010307,,,,0,526,526,,3,3,
"",.,,,,,,0,875,875,0,6,6
50,"50. Govt: Higher Secondary School Amandi Umer Khan(Comb)",1.Amandi,051010308,,,,831,537,1368,2,2,4
"",.,,,,,,831,537,1368,2,2,4
51,"51. Govt: Primary School Amandi Shajahan Shah (M)PS-I",1.Amandi,051010309,,,,497,0,497,4,0,4
"",1.Amandi,051010310,,,,608,0,608,,,,
"",.,,,,,,1105,0,1105,4,0,4
52,"52. Govt: Primary School Amandi Shajahan Shah (F)PS-II",1.Amandi,051010309,,,,0,309,309,0,2,2
"",1.Amandi,051010310,,,,0,427,427,,,,
"",.,,,,,,0,736,736,0,2,2
53,53. GPS Amandi Sheikh Amir (Comb),1.Amandi,051010311,,,,603,427,1030,2,2,4
"",.,,,,,,603,427,1030,2,2,4
54,54. Govt: High School Bazar Ahmad Khan (Male) PS-I,1.Bazar Ahmed Khan,051010401,,,,779,0,779,4,0,4
"",1.Bazar Ahmed Khan,051010402,,,,792,0,792,,,,
"",.,,,,,,1571,0,1571,4,0,4
55,55. GPS No.1 Bazar Ahmad Khan (Female),1.Bazar Ahmed Khan,051010401,,,,0,581,581,0,4,4
"",1.Bazar Ahmed Khan,051010402,,,,0,626,626,,,,
"",.,,,,,,0,1207,1207,0,4,4
56,56. Govt: High School Bazar Ahmad Khan (Male) PS-I,2.Bazar Ahmed Khan,051010403,,,,570,0,570,3,0,3
"",3.Bazar Ahmed Khan,051010404,,,,419,0,419,,,,
"",.,,,,,,989,0,989,3,0,3
57,"57. Govt: Girls High School Bazar Ahmad Khan(Female) PS-I",2.Bazar Ahmed Khan,051010403,,,,0,451,451,0,3,3
"",3.Bazar Ahmed Khan,051010404,,,,0,356,356,,,,
"",.,,,,,,0,807,807,0,3,3
58,58. Govt: High School Bazar Ahmad Khan (Male) PS-III,1.Bazar Ahmed Khan,051010405,,,,673,0,673,4,0,4
"",1.Bazar Ahmed Khan,051010406,,,,567,0,567,,,,
"",1.Bazar Ahmed Khan,051010415,,,,76,0,76,,,,
"",.,,,,,,1316,0,1316,4,0,4
59,"59. Govt: Girls High School Bazar Ahmad Khan(Female) PS-II",1.Bazar Ahmed Khan,051010405,,,,0,524,524,0,4,4
"",1.Bazar Ahmed Khan,051010406,,,,0,353,353,,,,
"",1.Bazar Ahmed Khan,051010415,,,,0,176,176,,,,
"",.,,,,,,0,1053,1053,0,4,4
60,60. GGMS Deri Syedan,1.Bazar Ahmed Khan,051010407,,,,532,430,962,2,1,3
"",.,,,,,,532,430,962,2,1,3
61,61. Govt:Girls Primary School Kotka Sher Zad (Comb),1.Kotka Sherzad,051010408,,,,227,182,409,2,1,3
"",1.Kotka Sherzad,051010416,,,,263,206,469,,,,
"",.,,,,,,490,388,878,2,1,3
62,"62. Govt: Primary School No.2 Bazar Ahmad Khan(Comb)",1.Sharif Shah,051010409,,,,699,505,1204,2,2,4
"",.,,,,,,699,505,1204,2,2,4
63,63. Govt: Middle School Hassan Khel Essaki (Male),1.Hassan Khel Essaki,051010410,,,,664,0,664,3,0,3
1.Hassan Khel Essaki,051010417,,,,274,0,274,,,,,
"",.,,,,,,938,0,938,3,0,3
64,"64. Govt: Girls Middle School Hassan Khel Essaki(Female)",Hassan Khel Essaki,051010410,,,,0,519,519,0,3,3
"",Hassan Khel Essaki,051010417,,,,0,228,228,,,,
"",.,,,,,,0,747,747,0,3,3
65,65. Govt: Girls Middle School Hassan Khel Essaki (C),2.Hassan Khel Essaki,051010411,,,,424,330,754,2,2,4
"",2.Hassan Khel Essaki,051010418,,,,276,261,537,,,,
"",.,,,,,,700,591,1291,2,2,4
66,66. Govt: Girls High School Gul Ahmad Shah (M) PS-I,1.Gul Ahmed Shah,051010412,,,,468,0,468,4,0,4
"",2.Shah Jahan Shah,051010413,,,,569,0,569,,,,
"",3. Shah Jahan Shah,051010414,,,,103,0,103,,,,
"",.,,,,,,1140,0,1140,4,0,4
67,67. Govt: Girls High School Gul Ahmad Shah (F) PS-II,1.Gul Ahmed Shah,051010412,,,,0,377,377,0,3,3
"",2.Shah Jahan Shah,051010413,,,,0,475,475,,,,
"",3. Shah Jahan Shah,051010414,,,,0,78,78,,,,
"",.,,,,,,0,930,930,0,3,3
68,68. Govt: Middle School Kachozai (Comb),1.Kachozai,051010501,,,,812,655,1467,2,2,4
"",.,,,,,,812,655,1467,2,2,4
69,69. Govt: Middle School Ali Mat (Comb),1.Pariz Khoni Khel,051010502,,,,599,471,1070,2,2,4
"",2.Ismail Khoni Khel,051010503,,,,164,124,288,,,,
"",.,,,,,,763,595,1358,2,2,4
70,70. Govt: Girls High School Dhram Khel (Comb),1.Dharma khel,051010504,,,,711,0,711,4,0,4
"",2.Dharma Khel,051010505,,,,363,0,363,,,,
"",3.Dharma Khel,051010506,,,,153,0,153,,,,
"",.,,,,,,1227,0,1227,4,0,4
71,71. Govt: Girls High School Dhram Khel (Comb),1.Dharma khel,051010504,,,,0,609,609,0,3,3
"",2.Dharma Khel,051010505,,,,0,276,276,,,,
"",3.Dharma Khel,051010506,,,,0,107,107,,,,
"",.,,,,,,0,992,992,0,3,3
72,72. UC Office Nizam Dhrma Khel (M),1. Nizam Khan,051010507,,,,596,0,596,4,0,4
"",2. Nizam Khan,051010508,,,,652,0,652,,,,
"",3. Nizam Khan,051010509,,,,432,0,432,,,,
"",.,,,,,,1680,0,1680,4,0,4
73,73. GPS Ihsan Pir Dil Khel (F),1. Nizam Khan,051010507,,,,0,392,392,0,4,4
"",2. Nizam Khan,051010508,,,,0,494,494,,,,
"",3. Nizam Khan,051010509,,,,0,299,299,,,,
"",.,,,,,,0,1185,1185,0,4,4
74,74. GGHS Kotka Feroz (Comb),1.Kotka Feroz,051010510,,,,650,538,1188,2,2,4
"",.,,,,,,650,538,1188,2,2,4
75,75. Govt: Girls Middle School Koti Sadat (Male),1.Koti Sadat,051010601,,,,823,0,823,4,0,4
"",2.Koti Sadat,051010602,,,,60,0,60,,,,
"",3.Koti Sadat,051010603,,,,583,0,583,,,,
"",.,,,,,,1466,0,1466,4,0,4
76,"76. Govt: Girls Higher Secondary School Koti Sadat(Female) (PS-I)",1.Koti Sadat,051010601,,,,0,711,711,0,4,4
"",2.Koti Sadat,051010602,,,,0,45,45,,,,
"",3.Koti Sadat,051010603,,,,0,492,492,,,,
"",.,,,,,,0,1248,1248,0,4,4
77,77. GHS Kot Sadat (M),4.Koti Sadat,051010604,,,,60,0,60,3,0,3
"",5.Koti Sadat,051010605,,,,80,0,80,,,,
"",6.Koti Sadat,051010606,,,,126,0,126,,,,
"",7.Koti Sadat,051010607,,,,134,0,134,,,,
"",8.Koti Sadat,051010608,,,,592,0,592,,,,
"",.,,,,,,992,0,992,3,0,3
78,"78. Govt: Girls Higher Secondary School Koti Sadat(Female) (PS-II)",4.Koti Sadat,051010604,,,,0,41,41,0,2,2
"",5.Koti Sadat,051010605,,,,0,58,58,,,,
"",6.Koti Sadat,051010606,,,,0,100,100,,,,
"",7.Koti Sadat,051010607,,,,0,97,97,,,,
"",8.Koti Sadat,051010608,,,,0,451,451,,,,
"",.,,,,,,0,747,747,0,2,2
79,79. Govt: High School Boza Khel (Male) (PS-I),1.Boza Khel,051010609,,,,835,0,835,3,0,3
"",.,,,,,,835,0,835,3,0,3
80,80. Govt: High School Boza Khel (Male) (PS-II),2.Boza Khel,051010610,,,,479,0,479,4,0,4
"",3.Boza Khel,051010611,,,,650,0,650,,,,
"",.,,,,,,1129,0,1129,4,0,4
"",,1.Boza Khel,051010609,,,,0,626,626,0,4,4
81,81. Govt: Girls High School Boza Khel (Female),2.Boza Khel,051010610,,,,0,326,326,,,
"",,3.Boza Khel,051010611,,,,0,480,480,,,
"",.,,,,,,0,1432,1432,0,4,4
82,82. Govt: Girls Middle School Zakir Khel Ibrahim Gul (M),1.Zaker Khel Ibrahim Gul,051010612,,,,805,0,805,4,0,4
"",,2.Zaker Khel Ibrahim Gul,051010613,,,,361,0,361,,,
"",.,,,,,,1166,0,1166,4,0,4
83,83. Govt: Middle School Zakir Khel Ibrahim Gul (F),1.Zaker Khel Ibrahim Gul,051010612,,,,0,589,589,0,3,3
"",,2.Zaker Khel Ibrahim Gul,051010613,,,,0,249,249,,,
"",.,,,,,,0,838,838,0,3,3
84,84. Govt: Middle School Hassani Dara Shah (Comb),1.Hassani Dara Shah,051010614,,,,684,461,1145,2,2,4
"",.,,,,,,684,461,1145,2,2,4
85,"85.  Govt: High Secondary School Sikander Khel Bala(M) PS-I",1.Sikander Khel Bala,051010701,,,,937,0,937,4,0,4
"",,2.Sikander Khel Bala,051010702,,,,342,0,342,,,
"",.,,,,,,1279,0,1279,4,0,4
86,"86.  Govt: High Secondary School Sikander Khel Bala(F) PS-II",1.Sikander Khel Bala,051010701,,,,0,723,723,0,4,4
"",,2.Sikander Khel Bala,051010702,,,,0,212,212,0,4,4
"",.,,,,,,0,935,935,0,8,8
87,"87. Govt: Girls Higher Secondery School Sikander KhelBala (High Section) (M) PS-I",1.Mula Khel,051010703,,,,306,0,306,4,0,4
"",,2.Mula Khel,051010704,,,,491,0,491,,,
"",,3.Wala Khel,051010705,,,,603,0,603,,,
"",.,,,,,,1400,0,1400,4,0,4
88,"88. Govt: Girls Higher Secondery School Sikander KhelBala (High Section) (F) PS-II",1.Mula Khel,051010703,,,,0,210,210,0,3,3
"",,2.Mula Khel,051010704,,,,0,294,294,,,
"",,3.Wala Khel,051010705,,,,0,452,452,,,
"",.,,,,,,0,956,956,0,3,3
89,89. Govt: High School Hebak Sherza Khan (M) PS-I,1.Nasradin Sher Dil,051010706,,,,446,0,446,4,0,4
"",,2.Pak Ismail Khel,051010707,,,,588,0,588,,,
"",,3. Musa Khel WalaKhel,051010708,,,,409,0,409,,,
"",.,,,,,,1443,0,1443,4,0,4
90,90. Govt: Girls Primay School Pak Ismail Khel (F),1.Nasradin Sher Dil,051010706,,,,0,331,331,0,4,4
"",,2.Pak Ismail Khel,051010707,,,,0,420,420,,,
"",,3. Musa Khel WalaKhel,051010708,,,,0,295,295,,,
"",.,,,,,,0,1046,1046,0,4,4
91,91. Govt: High School Haibek Sherza Khan (M) PS-II,1.Haibek Musa Jani,051010709,,,,276,0,276,4,0,4
2.Haibek Sherabat Khan,051010710,,,,282,0,282,,,,,
3.Haibek Sherza Khan,051010711,,,,495,0,495,,,,,
4.Haibek Sherza Khan,051010712,,,,466,0,466,,,,,
"",.,,,,,,1519,0,1519,4,0,4
92,92. Govt: Primary School Haibek Sherza Khan (M),1.Haibek Musa Jani,051010709,,,,0,221,221,0,4,4
"",2.Haibek Sherabat Khan,051010710,,,,0,193,193,,,,
"",3.Haibek Sherza Khan,051010711,,,,0,319,319,,,,
"",4.Haibek Sherza Khan,051010712,,,,0,365,365,,,,
"",.,,,,,,0,1098,1098,0,4,4
93,93. Govt: Girls High School Kotka Daulat Khan (M) PS-I,1.Fazal Haq Malwana,051010713,,,,608,0,608,4,0,4
"",2. Fazal Haq Malwana,051010714,,,,645,0,645,,,,
"",.,,,,,,1253,0,1253,4,0,4
94,94. Govt: Girls High School Kotka Daulat Khan (F) PS-II,1.Fazal Haq Malwana,051010713,,,,0,391,391,0,3,3
"",2. Fazal Haq Malwana,051010714,,,,0,479,479,,,,
"",.,,,,,,0,870,870,0,3,3
95,95. Govt: Girls Primary School Basia Khel (Comb),1. Basya  Khel,051010801,,,,592,428,1020,2,2,4
"",2. Basya Khel,051010802,,,,312,203,515,,,,
"",.,,,,,,904,631,1535,2,2,4
96,96. Govt: Primary School Hassani (Comb),1.Hassani,051010803,,,,848,608,1456,2,2,4
"",1.Hassani,051010812,,,,78,120,198,,,,
"",.,,,,,,926,728,1654,2,2,4
97,"97. Govt: Girls Primary School Bazida Karim Khan(Comb)",1.Bazida,051010804,,,,355,303,658,2,2,4
"",2.Degan Shadi Khan,051010806,,,,438,342,780,,,,
"",3.Degan Shah Jalal,051010807,,,,268,126,394,,,,
"",.,,,,,,1061,771,1832,2,2,4
98,98. Govt: Girls Middle School Mewa Khel (M) PS-I,1.Mewa Khel,051010808,,,,578,0,578,2,0,2
"",.,,,,,,578,0,578,2,0,2
99,99. Govt: Girls Middle School Mewa Khel (F) PS-II,1.Mewa Khel,051010808,,,,0,583,583,0,2,2
"",.,,,,,,0,583,583,0,2,2
100,100. Govt: Girls Degree Collage Surani (Comb),1.Kotka Bazid,051010809,,,,551,460,1011,2,2,4
"",.,,,,,,551,460,1011,2,2,4
101,101. Govt: High School Kachkot Asad Khan (M) PS-I,1.Kachkot Asad Khan,051010805,,,,854,0,854,4,0,4
"",1.Kachkot Asad Khan,051010813,,,,256,0,256,,,,
"",2.Mirza Baig,051010810,,,,377,0,377,,,,
"",.,,,,,,1487,0,1487,4,0,4
102,102. Govt: High School Kachkot Asad Khan (F) PS-II,1.Kachkot Asad Khan,051010805,,,,0,612,612,0,4,4
"",1.Kachkot Asad Khan,051010813,,,,0,186,186,,,,
"",2.Mirza Baig,051010810,,,,0,209,209,,,,
"",.,,,,,,0,1007,1007,0,4,4
103,103. Govt: Girls Middle School Mewa Khel (Comb),2.Haibek Malik Shah,051010811,,,,420,298,718,2,1,3
"",.,,,,,,420,298,718,2,1,3
104,104. Govt: Middle School Lalozai (M),1.Lalozai,051010901,,,,978,0,978,4,0,4
"",2.Lalozai,051010902,,,,460,0,460,,,,
"",.,,,,,,1438,0,1438,4,0,4
105,105. Govt: High School School Lalozai (F),1.Lalozai,051010901,,,,0,651,651,0,3,3
"",2.Lalozai,051010902,,,,0,278,278,,,,
"",.,,,,,,0,929,929,0,3,3
106,106. Govt: Girls Middle School Lalozai (M),1.Sadat Madek Shah,051010903,,,,239,0,239,4,0,4
"",2.Mandoori Qatal Shah,051010904,,,,722,0,722,,,,
"",3. Wanda Khel Ghafar,051010906,,,,212,0,212,,,,
"",.,,,,,,1173,0,1173,4,0,4
107,107. Govt: Girls Primary School Mandori Qatal Shah (F),1.Sadat Madek Shah,051010903,,,,0,174,174,0,3,3
"",2.Mandoori Qatal Shah,051010904,,,,0,485,485,,,,
"",3. Wanda Khel Ghafar,051010906,,,,0,149,149,,,,
"",.,,,,,,0,808,808,0,3,3
108,"108. Govt: Girls Primary School Bazida Kokal Khel(Comb)",1.Bazida Kokal Khel,051010905,,,,1002,734,1736,2,2,4
"",.,,,,,,1002,734,1736,2,2,4
109,109. Govt: Middle School Bangi Khel (Comb) PS-I,1.Bangi Khel,051010907,,,,638,469,1107,2,2,4
"",.,,,,,,638,469,1107,2,2,4
110,110. Govt: Middle School Bangi Khel (Comb) PS-II,2.Kamkota Saqi,051010908,,,,519,364,883,2,1,3
"",.,,,,,,519,364,883,2,1,3
111,"111. Govt: Girls Primary School Toorka Muhibullah(Comb)",1.Toorka,051010909,,,,743,0,743,4,0,4
"",1.Toorka,051010910,,,,287,0,287,,,,
"",.,,,,,,1030,0,1030,4,0,4
112,"112. Govt: Primary School Toorka Muhammad Ali(Comb)",1.Toorka,051010909,,,,0,608,608,0,3,3
"",1.Toorka,051010910,,,,0,249,249,,,,
"",.,,,,,,0,857,857,0,3,3
236,"236. Govt: Primary School Ladha Khel DaudShah(Comb) PS-I",1.Ladha Khel,051040101,,,,820,0,820,4,0,4
"",2.Ladha Khel,051040102,,,,501,0,501,,,,
"",.,,,,,,1321,0,1321,4,0,4
237,"237. Govt: Primary School Ladha Khel DaudShah(Comb) PS-II",1.Ladha Khel,051040101,,,,0,625,625,0,3,3
"",2.Ladha Khel,051040102,,,,0,337,337,,,,
"",.,,,,,,0,962,962,0,3,3
238,238. Govt: Girls High School Jangi Daud Shah (Comb),1.Daud Shah,051040103,,,,840,714,1554,2,2,4
"",.,,,,,,840,714,1554,2,2,4
239,239. Govt:Primary School Purana Daud Shah (Comb),1.Daud Shah,051040104,,,,536,395,931,2,1,3
"",.,,,,,,536,395,931,2,1,3
240,240. BHU Haji Gulan Daud Shah (Comb),1.Daud Shah,051040105,,,,817,512,1329,2,1,3
"",.,,,,,,817,512,1329,2,1,3
241,"241. Govt: Girls Primary School Mehar Daud Shah(Comb)",2.Mesher Daud Shah,051040106,,,,919,663,1582,2,2,4
"",.,,,,,,919,663,1582,2,2,4
242,242. GMS Piran Daud Shah (Comb),Bozi Khel,051040107,,,,527,365,892,2,1,3
"",.,,,,,,527,365,892,2,1,3
243,243. Govt: Primary School Garhi Saidan No.2 (M),1.Ghari Saidan,051040108,,,,600,0,600,4,0,4
"",1.Ghari Saidan,051040109,,,,611,0,611,,,,
"",.,,,,,,1211,0,1211,4,0,4
244,244. Govt: Girls Primary School Garhi Saidan (F),1.Ghari Saidan,051040108,,,,0,468,468,0,3,3
"",1.Ghari Saidan,051040109,,,,0,411,411,,,,
"",.,,,,,,0,879,879,0,3,3
350,"350. Govt: Girls Primary School No.3 Jadid Abadi (M)PS-I",,,1. New Jadid Abadi No.1,051070101,,1308,0,1308,4,0,4
"",.,,,,,,1308,0,1308,4,0,4
351,"351. Govt: Girls Primary School No.3 Jadid Abadi (M)PS-II",,,2. Kotka Shah Jahan,051070102,,143,0,143,2,0,2
"",,,3. Jadid Abadi No.2,051070103,,291,0,291,,,,
"",,,4. Beroon Kachariy Gat,051070105,,184,0,184,,,,
"",.,,,,,,618,0,618,2,0,2
352,352. Govt Primary School No.10 Bannu City (F),,,1. New Jadid Abadi No.1,051070101,,0,847,847,0,4,4
"",,,2. Kotka Shah Jahan,051070102,,0,155,155,,,,
"",,,3. Jadid Abadi No. 2,051070103,,0,316,316,,,,
"",,,4. Beroon Kachariy Gate,051070105,,0,145,145,,,,
"",.,,,,,,0,1463,1463,0,4,4
353,353. C & W Office Bannu (Male),,,"1. Jaman Road/ PunjabiGalli",051070104,,1076,0,1076,4,0,4
"",,,"1. Jaman Road/ PunjabiGalli",051070107,,449,0,449,,,,
"",.,,,,,,1525,0,1525,4,0,4
354,354. XEN Irrigation Office Bannu (Female),,,"1. Jaman Road/ PunjabiGalli",051070104,,0,857,857,0,4,4
"",,,"1. Jaman Road/ PunjabiGalli",051070107,,0,306,306,,,,
"",.,,,,,,0,1163,1163,0,4,4
