1,Govt.Primary Model School  Jabber  (Combined),Jabber,003090101,,,,723,579,1302,,,
"",,,,,,total,723,579,1302,1,1,2
2,"GGPS, Jabber",Jabber,003090102,,,,293,194,487,,,
"",,Jabber,003090103,,,,516,375,891,,,
"",,,,,,total,809,569,1378,1,1,2
3,Govt :Middle School  Kandow Jabber  (Combined),Jabber,003090104,,,,341,239,580,,,
"",,Tangai,003090105,,,,298,221,519,,,
"",,,,,,,639,460,1099,1,1,2
4,Govt. Primary School  Khwar Jabber  (Combined),Khowar Jabber,003090205,,,,226,174,400,,,
"",,Khowar Jabber,003090206,,,,145,99,244,,,
"",,Khowar Jabber,003090207,,,,206,154,360,,,
"",,,,,,Total,577,427,1004,1,1,2
5,Govt.Primary School  Dam Jabber  (Combined),Dam Jabber,003090202,,,,486,397,883,,,
"",,Kulal Banda,003090203,,,,273,197,470,,,
"",,,,,,Total,759,594,1353,2,1,3
6,Govt.Girls Primary School  Dam Jabber  (Combined),Sia Jabber,003090201,,,,490,362,852,,,
"",,Legarkore,003090204,,,,399,303,702,,,
"",,,,,,Total,889,665,1554,2,1,3
7,Govt.Primary School  Kattan Bala  (Male),Kattan Bala,003090109,,,,434,0,434,,,
"",,Kattan Bala,003090110,,,,852,0,852,,,
"",,,,,,Total,1286,0,1286,2,0,2
8,"GGPS, Kattan Bala (Female)",Kattan Bala,003090109,,,,0,341,341,,,
"",,Kattan Bala,003090110,,,,0,703,703,,,
"",,,,,,Total,0,1044,1044,0,1,1
9,Govt.Primary School  Nishan Banda,Lovey Kandow,003090106,,,,202,121,323,,,
"",,Singaram,003090107,,,,300,184,484,,,
"",,Nishanbanda,003090108,,,,486,382,868,,,
"",,,,,,Total,988,687,1675,2,1,3
Tarpatar,003100205,,,,350,0,350,,,,,
"",,Tarpatar,003100206,,,,288,0,288,,,
"",,Tarpatar,003100207,,,,478,0,478,,,
"",,,,,,Total,1116,0,1116,2,0,2
11,"GGMS, Tarpatar(Female)",Tarpatar,003100205,,,,0,257,257,,,
"",,Tarpatar,003100206,,,,0,213,213,,,
"",,Tarpatar,003100207,,,,0,301,301,,,
"",,,,,,Total,0,771,771,0,1,1
12,GovtPrimay School Tarpatar (Churrand),Tarpatar,003100208,,,,469,316,785,,,
"",,Tarpatar,003100209,,,,412,291,703,,,
"",,,,,,Total,881,607,1488,2,1,3
13,"Govt.Primay School , Sadiqa Banda  (Male)",Lawyar,003100201,,,,147,109,256,,,
"",,Sadiqa Banda,003100202,,,,239,165,404,,,
"",,Sadiqa Banda,003100203,,,,499,331,830,,,
"",,Sadiqa Banda,003100204,,,,345,198,543,,,
"",,,,,,Total,1230,803,2033,2,1,3
14,"Govt.Girls Primary School , Doag Almas  (Combined)",Pashtan,003100101,,,,670,392,1062,,,
"",,,,,,Total,670,392,1062,1,1,2
15,"Govt.Primary School , Almas  (Male)",Almas,003100102,,,,368,0,368,,,
"",,Almas,003100103,,,,127,0,127,,,
"",,Almas,003100104,,,,207,0,207,,,
"",,Almas,003100105,,,,352,0,352,,,
"",,,,,,Total,1054,0,1054,2,0,2
16,"GGPS, Almas (Female)",Almas,003100102,,,,0,262,262,,,
"",,Almas,003100103,,,,0,98,98,,,
"",,Almas,003100104,,,,0,162,162,,,
"",,Almas,003100105,,,,0,250,250,,,
"",,,,,,Total,0,772,772,0,1,1
17,"Govt.Primary School , Bela Bodi  (Combined)",Dedan,003100106,,,,545,357,902,,,
"",,Berarai,003100107,,,,234,149,383,,,
"",,kellowr,003100108,,,,158,112,270,,,
"",,,,,,Total,937,618,1555,2,1,3
18,"Govt.Middle School , Aligasar  (Male)",Aligasar,003100301,,,,605,0,605,,,
"",,Aligasar,003100302,,,,345,0,345,,,
"",,,,,,Total,950,0,950,2,0,2
19,"GGPS, Aligasar (Female)",Aligasar,003100301,,,,0,456,456,,,
"",,Aligasar,003100302,,,,0,289,289,,,
"",,,,,,Total,0,745,745,0,1,1
20,"Govt.Primary School, Ganshal Payeen  (Combined)",Aligasar,003100304,,,,521,358,879,,,
"",,,,,,Total,521,358,879,1,1,2
21,"Govt.Primary School , Aligasar  (Combined)",Aligasar,003100303,,,,541,318,859,,,
"",,,,,,Total,541,318,859,1,1,2
22,"GHSS, Usheri (Male)",Kandaw,003100305,,,,109,0,109,,,
"",,Usheri,003100306,,,,446,0,446,,,
"",,Usheri,003100307,,,,217,0,217,,,
"",,Usheri,003100308,,,,112,0,112,,,
"",,Usherai,003100309,,,,530,0,530,,,
"",,,,,,Total,1414,0,1414,2,0,2
23,"Govt.Primary School, Usheri  (Female)",Kandaw,003100305,,,,0,67,67,,,
"",,Usheri,003100306,,,,0,332,332,,,
"",,Usheri,003100307,,,,0,152,152,,,
"",,Usheri,003100308,,,,0,85,85,,,
"",,Usherai,003100309,,,,0,348,348,,,
"",,,,,,Total,0,984,984,0,2,2
24,"Govt.Primary School , Galkore  (Combined)",Galkore,003100310,,,,478,331,809,,,
"",,Galkore,003100311,,,,241,206,447,,,
"",,Galkore,003100312,,,,217,175,392,,,
"",,,,,,Total,936,712,1648,2,1,3
25,Govt.High School  Samkut (Male),Samkut,003110111,,,,612,0,612,,,
"",,Samkot,003110112,,,,584,0,584,,,
"",,,,,,Total,1196,0,1196,2,0,2
26,"GPS, Samkut(Female)",Samkut,003110111,,,,0,405,405,,,
"",,Samkot,003110112,,,,0,373,373,,,
"",,,,,,Total,0,778,778,0,1,1
27,Govt.Primary School  Batal  (Combined),Batal,003110201,,,,708,484,1192,,,
"",,Batal,003110202,,,,241,152,393,,,
"",,,,,,Total,949,636,1585,2,1,3
28,"GPS, Shomai",Shomai,003110203,,,,339,227,566,,,
"",,Shomai,003110204,,,,33,24,57,,,
"",,Shomai,003110205,,,,203,144,347,,,
"",,,,,,Total,575,395,970,1,1,2
29,"Govt.Primary School, Palam  (Combined)",Palam,003110108,,,,1018,626,1644,,,
"",,,,,,Total,1018,626,1644,2,1,3
30,"Govt.Prirmary School,Amriat Combined",Amriat,003110109,,,,250,162,412,,,
"",,Amriat,003110303,,,,455,275,730,,,
"",,,,,,Total,705,437,1142,1,1,2
31,"Govt.Middle School,Barkand (Male)",Barkand,003110101,,,,269,0,269,,,
"",,Barkand,003110102,,,,406,0,406,,,
"",,Barkand,003110103,,,,721,0,721,,,
"",,,,,,Total,1396,0,1396,3,0,3
32,"GPS, Barkand (Female)",Barkand,003110101,,,,0,180,180,,,
Barkand,003110102,,,,0,287,287,,,,,
Barkand,003110103,,,,0,467,467,,,,,
"",,,,,,Total,0,934,934,0,1,1
33,"Govt.Primary School , Kass Barkand No-1  (Combined)",Barkand,003110104,,,,325,229,554,,,
"",,Barkand,003110105,,,,175,124,299,,,
"",,Barkand,003110106,,,,254,165,419,,,
"",,Barkand,003110107,,,,119,83,202,,,
"",,Shaheed Bela,003110302,,,,7,3,10,,,
"",,,,,,Total,880,604,1484,2,1,3
34,Govt.Primary School  Nashnamal Gharbi (Combined),Nashnamal,003110207,,,,441,274,715,,,
"",,Nashnamal,003110208,,,,202,106,308,,,
"",,,,,,Total,643,380,1023,1,1,2
35,"GPS, Dhanil (Combined)",Dhanil,003110110,,,,264,165,429,,,
"",,Jabbai,003110206,,,,549,329,878,,,
"",,Dhanil Aolakay,003110304,,,,28,15,43,,,
"",,,,,,Total,841,509,1350,2,1,3
36,Govt.Primary School  Gurkohay  (Combined),Ghurkohay,003110209,,,,604,406,1010,,,
"",,Ghurkohay,003110210,,,,278,195,473,,,
"",,Ghurkohay,003110211,,,,97,66,163,,,
"",,Seed Gay,003110301,,,,53,25,78,,,
"",,,,,,Total,1032,692,1724,2,1,3
37,Govt.Primary School  Serati,Serati Payeen,003120202,,,,426,315,741,,,
"",,Serati,003120203,,,,300,185,485,,,
"",,Serati,003120204,,,,247,152,399,,,
"",,,,,,Total,973,652,1625,2,1,3
38,"GGPS, Dodba",Dodba,003120201,,,,424,287,711,,,
"",,,,,,Total,424,287,711,1,1,2
39,Govt.Primary School  Pitawo Banda,Pitawo Banda,003120205,,,,572,385,957,,,
"",,,,,,Total,572,385,957,1,1,2
"",,Pitawo Kass,003120206,,,,119,66,185,,,
"",,,003120207,,,,169,94,263,,,
"",,Sharmai,003120208,,,,225,121,346,,,
"",,Sharmai,003120209,,,,135,84,219,,,
"",,,,,,Total,529,299,609,1,1,2
41,Govt.Primary School  Gargal,Vegal,003120210,,,,313,192,505,,,
"",,Jatkool Bala,003120301,,,,337,197,534,,,
"",,Gargal,003120303,,,,158,90,248,,,
"",,Qadir Kalay,003120304,,,,16,10,26,,,
"",,Soor Kamar,003120305,,,,100,66,166,,,
"",,,,,,Total,924,555,1479,2,1,3
Sawni,003120302,,,,421,0,421,,,,,
Kata Purta,003120306,,,,47,0,47,,,,,
Bundesh,003120307,,,,358,0,358,,,,,
"",,Jatkool Payeen,003120308,,,,24,0,24,,,
"",,Sawni,003120309,,,,326,0,326,,,
"",,,,,,Total,1176,0,1176,2,0,2
43,"GGPS, Sawni Bala (Female)",Sawni,003120302,,,,0,298,298,,,
"",,Kata Purta,003120306,,,,0,25,25,,,
"",,Bundesh,003120307,,,,0,216,216,,,
"",,Jatkool Payeen,003120308,,,,0,23,23,,,
"",,Sawni,003120309,,,,0,189,189,,,
"",,,,,,Total,0,751,751,0,1,1
44,Govt.Primary School  Achar Payeen,Achar Payeen,003120101,,,,248,148,396,,,
"",,Achar Payeen,003120102,,,,325,220,545,,,
"",,Achar Bala,003120103,,,,90,66,156,,,
"",,,,,,Total,663,434,1097,1,1,2
45,Govt.Middle School  Achar Bala,Achar Bala,003120104,,,,822,604,1426,,,
"",,,,,,Total,822,604,1426,2,1,3
46,Govt.Primary School .Dagor,Dagoor,003120105,,,,431,261,692,,,
"",,,,,,Total,431,261,692,1,1,2
47,Govt.Primary School  Rondesh,Rondesh,003120106,,,,684,476,1160,,,
"",,,,,,Total,684,476,1160,1,1,2
48,Govt.Primary School  Chiragali Payeen,Chiragali Bala,003120107,,,,118,98,216,,,
"",,Chiragali Paye,n 003120108,,,,548,420,968,,,
"",,Shaga,003120109,,,,211,169,380,,,
"",,,,,,Total,877,687,1564,2,1,3
49,Govt.Primary School  Daramdala Bala  (Male),Daramdala,066030501,,,,162,0,162,,,
"",,Daramdala,066030502,,,,105,0,105,,,
"",,Daramdala,066030503,,,,202,0,202,,,
"",,Kellot,066030504,,,,407,0,407,,,
"",,Kellot,066030505,,,,155,0,155,,,
"",,Kellot,066030506,,,,94,0,94,,,
"",,,,,,Total,1125,0,1125,2,0,2
50,"GGPS, Daramdala (Female)",Daramdala,066030501,,,,0,116,116,,,
"",,Daramdala,066030502,,,,0,70,70,,,
"",,Daramdala,066030503,,,,0,141,141,,,
"",,Kellot,066030504,,,,0,308,308,,,
"",,Kellot,066030505,,,,0,94,94,,,
"",,Kellot,066030506,,,,0,67,67,,,
"",,,,,,Total,0,796,796,0,1,1
Doog Payeen,066030507,,,,260,236,496,,,,,
Doog Payeen P,ta0w66030508,,,,212,142,354,,,,,
Doog Payeen P,ta0w66030509,,,,132,94,226,,,,,
Doog Payeen P,ta0w66030510,,,,110,75,185,,,,,
"",,Doog Payen Si,h 066030511,,,,108,79,187,,,
"",,Doog Payen Si,h 066030512,,,,79,56,135,,,
"",,,,,,Total,901,682,1583,2,1,3
52,Govt.Primary School Maina Doog (Combined),Maina Doog D,ra066030404,,,,161,105,266,,,
"",,Maina Doog D,ra066030405,,,,230,167,397,,,
"",,Majal Khowr,066030513,,,,251,178,429,,,
"",,,,,,Total,642,450,1092,1,1,2
53,"Govt.Middle School, miana  Doog   (Male)",Maina Adam K,an066030401,,,,409,0,409,,,
"",,Manai Kalay,066030406,,,,28,0,28,,,
"",,Manai Kalay,066030407,,,,237,0,237,,,
"",,Maina Doog Pi,aw066030408,,,,227,0,227,,,
"",,Maina Doog,066030409,,,,374,0,374,,,
"",,,,,,Total,1275,0,1275,2,0,2
54,"GGPS, Maina Doog (Female)",Maina Adam K,an066030401,,,,0,340,340,,,
"",,Manai Kalay,066030406,,,,0,23,23,,,
"",,Manai Kalay,066030407,,,,0,173,173,,,
"",,Maina Doog Pi,aw066030408,,,,0,152,152,,,
"",,Maina Doog,066030409,,,,0,268,268,,,
"",,,,,,Total,0,956,956,0,2,2
55,"Govt.High School,  Badar Kanai (Combined)",Siah Badar kan,i066030205,,,,226,141,367,,,
"",,Siah Badar Kan,i 066030206,,,,101,75,176,,,
"",,Pitawo Katair,066030207,,,,96,58,154,,,
"",,Pitawo Katair,066030208,,,,208,148,356,,,
"",,,,,,Total,631,422,1053,1,1,2
56,"GPS, Badarkanai (Combined)",Siah Katair,066030209,,,,114,82,196,,,
"",,Pitawo Badark,na0i66030210,,,,147,82,229,,,
"",,Pitawo Badark,na0i66030211,,,,328,211,539,,,
"",,,,,,Total,589,375,964,1,1,2
57,Govt.Primary School  Shat Bala  (Male),Shat Bala,066030301,,,,258,0,258,,,
"",,Shat Payeen,066030302,,,,172,0,172,,,
"",,Kalsho Khwar,066030303,,,,66,0,66,,,
"",,Batawar,066030304,,,,163,0,163,,,
"",,Soona,066030305,,,,312,0,312,,,
"",,Salam Bekay,066030306,,,,128,0,128,,,
"",,Shat Kass,066030307,,,,107,0,107,,,
"",,Shat Kass,066030308,,,,240,0,240,,,
"",,,,,,Total,1446,0,1446,3,0,3
58,"GGPS, Shat Kass (Female)",Shat Bala,066030301,,,,0,165,165,,,
Shat Payeen,066030302,,,,0,123,123,,,,,
Kalsho Khwar,066030303,,,,0,52,52,,,,,
Batawar,066030304,,,,0,139,139,,,,,
"",,Soona,066030305,,,,0,205,205,,,
"",,Salam Bekay,066030306,,,,0,75,75,,,
"",,Shat Kass,066030307,,,,0,73,73,,,
"",,Shat Kass,066030308,,,,0,161,161,,,
"",,,,,,Total,0,993,993,0,2,2
59,"Govt.Primary School,  Malook Khowar Payeen  (Combined)",Kohistano Ban,a 066030201,,,,85,68,153,,,
"",,Malook Khowa,B0a6la6030202,,,,307,213,520,,,
"",,Malook Khowa,P0a6y6e0n30203,,,,144,112,256,,,
"",,Malook Khowa,P0a6y6e0n30204,,,,224,147,371,,,
"",,Doog Bala,066030402,,,,118,77,195,,,
"",,Doog Bala,066030403,,,,155,114,269,,,
"",,,,,,Total,1033,731,1764,2,1,3
60,"Govt.Primary School,  Qadeer Kalay  (Combined)",Talawo Kass,066030101,,,,168,94,262,,,
"",,Panaghaar,066030102,,,,193,128,321,,,
"",,Panaghaar,066030103,,,,95,70,165,,,
"",,Naray Khowar,066030104,,,,111,77,188,,,
"",,Qadeer Kalay,066030105,,,,189,137,326,,,
"",,,,,,Total,756,506,1262,1,1,2
61,"Govt.Primary School ,Roghano Kalay  (Male)",Pitawo Roghan,k0a6la6y030106,,,,251,0,251,,,
"",,Siah Roghano,ala0y66030107,,,,196,0,196,,,
"",,Siah Roghano,ala0y66030108,,,,106,0,106,,,
"",,Babozo Bala,066030109,,,,217,0,217,,,
"",,Babozo Payee,066030110,,,,108,0,108,,,
"",,Babozo Bala,066030111,,,,239,0,239,,,
"",,,,,,Total,1117,0,1117,2,0,2
62,"GMS, Roghano Kalay (Female)",Pitawo Roghan,k0a6la6y030106,,,,0,162,162,,,
"",,Siah Roghano,ala0y66030107,,,,0,134,134,,,
"",,Siah Roghano,ala0y66030108,,,,0,72,72,,,
"",,Babozo Bala,066030109,,,,0,175,175,,,
"",,Babozo Payee,066030110,,,,0,75,75,,,
"",,Babozo Bala,066030111,,,,0,124,124,,,
"",,,,,,Total,0,742,742,0,1,1
63,Govt.Highier Secondary  School  Sheringal (Combined),Sheringal,066020101,,,,242,163,405,,,
"",,Sheringal,066020102,,,,146,108,254,,,
"",,Dokai,066020103,,,,95,66,161,,,
"",,Dokai,066020104,,,,290,188,478,,,
"",,Dokai,066020105,,,,114,69,183,,,
"",,,,,,Total,887,594,1481,2,1,3
64,Govt.Girls Primary School  Cham  (Combined),Samang,066020106,,,,281,197,478,,,
Samang,066020107,,,,299,196,495,,,,,
Chaam,066020305,,,,145,103,248,,,,,
"",,,,,,Total,725,496,1221,1,1,2
65,"Govt.Primary School, Jetkot  (Combined)",Tangisar Payee,066020201,,,,166,138,304,,,
"",,Tangisar Bala,066020202,,,,163,94,257,,,
"",,Jatkot,066020304,,,,142,106,248,,,
"",,,,,,Total,471,338,809,1,1,2
66,"Govt.Primary School, Guryal (Combined)",Guryal,066020203,,,,219,149,368,,,
"",,Guryal,066020204,,,,339,208,547,,,
"",,Ghamadand,066020205,,,,147,101,248,,,
"",,,,,,Total,705,458,1163,1,1,2
67,Govt.Primary School Gujaro Kass  (Combined),Gujaro Kass,066020301,,,,198,112,310,,,
"",,Suldam,066020302,,,,176,105,281,,,
"",,Markhano Kas,066020303,,,,149,94,243,,,
"",,,,,,Total,523,311,834,1,1,2
68,Govt.Primary School  Doon Bala  (Combined),Doon Bala,066020401,,,,434,352,786,,,
"",,Doon Bala,066020402,,,,307,248,555,,,
"",,,,,,Total,741,600,1341,1,1,2
69,"GPS, Doon Payeen No.1",Doon Payeen,066020403,,,,265,199,464,,,
"",,Doon Payeen,066020404,,,,161,102,263,,,
"",,,,,,Total,426,301,727,1,1,2
70,"Govt.Primary School, Dooro  (Combined)",Dooro,066020405,,,,270,178,448,,,
"",,Dooro,066020406,,,,469,300,769,,,
"",,,,,,Total,739,478,1217,1,1,2
71,Basic Health Unit Ghanshal Payeen (Combined),Ghanshal Pyee,066020509,,,,363,241,604,,,
"",,Ghanshal Pyee,066020510,,,,241,172,413,,,
"",,Ghanshal Pyee,066020511,,,,200,131,331,,,
"",,,,,,Total,804,544,1348,2,1,3
72,Govt.High School  Ghanshal Bala (Combined),Ghanshal Bala,066020503,,,,188,142,330,,,
"",,Ghanshal Bala,066020504,,,,774,570,1344,,,
"",,,,,,Total,962,712,1674,2,1,3
73,"GPS, Belo Ganshal",Belo Ghanshal,066020501,,,,113,62,175,,,
"",,Belo Ghanshal,066020502,,,,283,193,476,,,
"",,,,,,Total,396,255,651,1,1,2
74,Govt.Primary School  Ghanshal Bala  (Combined),Ghanshal Bala,066020505,,,,223,177,400,,,
"",,Ghanshal Bala,066020506,,,,179,116,295,,,
"",,Ghanshal Bala,066020507,,,,268,186,454,,,
"",,Ghanshal Bala,066020508,,,,115,77,192,,,
"",,,,,,Total,785,556,1341,2,1,3
75,"Govt.Primary School, Shahoor Payeen (combined)",Shahoor Payee,066040106,,,,407,233,640,,,
"",,Shahoor Payee,066040107,,,,312,198,510,,,
"",,,,,,Total,719,431,1150,1,1,2
76,"GPS, Shahoor Bala (Combined)",Aako Pako,066040101,,,,76,52,128,,,
"",,Kunj,066040102,,,,355,221,576,,,
"",,Shahoor Bala,066040103,,,,91,42,133,,,
"",,Shahoor Bala,066040104,,,,312,205,517,,,
"",,Shahoor Bala,066040105,,,,120,90,210,,,
"",,,,,,Total,954,610,1564,2,1,3
77,"Govt.Primary School,  Narkun  (Combined)",Narkun Payee,066040207,,,,156,98,254,,,
"",,Narkun Bala,066040208,,,,126,63,189,,,
"",,Narkun Bala,066040209,,,,234,131,365,,,
"",,Narkun Bala,066040210,,,,100,65,165,,,
"",,Narkun Bala,066040211,,,,75,35,110,,,
"",,,,,,Total,691,392,1083,1,1,2
78,"GPS, Gurri Bala",Janis,066040204,,,,270,120,390,,,
"",,Gurray Bala,066040205,,,,177,93,270,,,
"",,Shaheed,066040206,,,,67,43,110,,,
"",,,,,,Total,514,256,770,1,1,2
79,Govt.Middle School. Gordi Payeen (Combined),Siah Sheringal,066040108,,,,203,140,343,,,
"",,Salol,066040109,,,,42,34,76,,,
"",,Gurri Payeen,066040201,,,,248,166,414,,,
"",,Kandawo,066040202,,,,61,46,107,,,
"",,Kandawo,066040203,,,,350,226,576,,,
"",,,,,,Total,904,612,1516,2,1,3
80,Govt.Middle School Sundarai  (Combined),Sundarai,066040303,,,,125,74,199,,,
"",,Sundarai,066040304,,,,214,130,344,,,
"",,Sundarai,066040305,,,,403,255,658,,,
"",,Sundarai,066040306,,,,185,102,287,,,
"",,Doba,066040307,,,,165,112,277,,,
"",,Sia Doba,066040308,,,,81,63,144,,,
"",,,,,,Total,1173,736,1909,2,1,3
81,Govt. High School Bela Gwaldai  (Combined),Bela,066040301,,,,228,97,325,,,
"",,Bela,066040302,,,,359,201,560,,,
"",,,,,,Total,587,298,885,1,1,2
82,Govt.Primary School Kisan Khail No.1  (Combined),Kisan Khail,066040409,,,,203,89,292,,,
"",,Kisan Khail,066040410,,,,252,129,381,,,
"",,Barwalo Khow,r066040411,,,,247,133,380,,,
"",,Barwalo Khow,r066040412,,,,166,117,283,,,
"",,,,,,Total,868,468,1336,2,1,3
83,"Govt.Primary School,  Barkaly   (Combined)",Barkalay,066040401,,,,400,235,635,,,
"",,Barkalay,066040402,,,,193,115,308,,,
"",,Aman Khowar,066040403,,,,217,154,371,,,
"",,,,,,Total,810,504,1314,1,1,2
Gawoon Payee,066040405,,,,104,76,180,,,,,
"",,Gawoon Bala,066040406,,,,132,57,189,,,
"",,Gawoon Bala,066040407,,,,104,41,145,,,
"",,Loozam,066040408,,,,98,74,172,,,
"",,,,,,Total,438,248,686,1,1,2
85,Govt.Primary School Benju   (Combined),Gangut,066040404,,,,101,44,145,,,
"",,Shergha,066040501,,,,51,19,70,,,
"",,Shergha,066040502,,,,101,48,149,,,
"",,Jangrai,066040503,,,,148,77,225,,,
"",,Goori Dag,066040504,,,,155,57,212,,,
"",,Ashrait,066040505,,,,67,16,83,,,
"",,Ashrait,066040506,,,,172,63,235,,,
"",,Gurdi Bela,066040507,,,,13,7,20,,,
"",,,,,,Total,808,331,1139,2,1,3
86,"Govt.Primary School, Pashrak  (Combined)",Pashrak,066050101,,,,379,172,551,,,
"",,Dogal,066050102,,,,122,60,182,,,
"",,Jetkot,066050103,,,,66,32,98,,,
"",,Banan Khela,066050104,,,,154,38,192,,,
"",,,,,,Total,721,302,1023,1,1,2
87,"Govt.Girls Primary School, Pingas  (Combined)",Pingas,066050105,,,,405,240,645,,,
"",,,,,,Total,405,240,645,1,1,2
88,"Govt.Primary School, Besho No-2,   (Combined)",Besho,066050501,,,,338,212,550,,,
"",,Barangay,066050504,,,,90,57,147,,,
"",,Jaikand,066050505,,,,188,117,305,,,
"",,,,,,Total,616,386,1002,1,1,2
89,"Govt  Primary School, Shetak  (Combined)",Chamkot,066050502,,,,405,210,615,,,
"",,Shetak,066050503,,,,494,303,797,,,
"",,,,,,Total,899,513,1412,2,1,3
90,Rural Health Center Patrak,Patrak,066050107,,,,1210,730,1940,,,
"",,,,,,Total,1210,730,1940,2,1,3
91,"GGPS, Patrak",Patrak,066050106,,,,432,245,677,,,
"",,Chalal,066050302,,,,144,88,232,,,
"",,Tapanday,066050303,,,,120,0,120,,,
"",,,,,,Total,576,333,909,1,1,2
92,Govt.Primary School  Maidaan  (Combined),Maidaan,066050201,,,,144,84,228,,,
"",,Remal,066050202,,,,300,159,459,,,
"",,Shanilla,066050203,,,,131,90,221,,,
"",,Shahshoor,066050204,,,,101,55,156,,,
"",,,,,,Total,676,388,1064,1,1,2
93,"Govt.Primary School, Damberkun  (Combined)",Damberkun,066050205,,,,328,183,511,,,
Damberkun,066050206,,,,153,95,248,,,,,
Gujar lara,066050207,,,,78,55,133,,,,,
"",,,,,,Total,559,333,892,1,1,2
94,Govt.Primary School Siasan   (Male),Siasan,066050401,,,,513,0,513,,,
"",,Siasan,066050402,,,,260,0,260,,,
"",,Chandalgal,066050403,,,,263,0,263,,,
"",,,,,,Total,1036,0,1036,2,0,2
95,"GMS, Siasan (Female)",Tapanday,066050303,,,,120,77,197,,,
"",,Siasan,066050401,,,,0,299,299,,,
"",,Siasan,066050402,,,,0,140,140,,,
"",,Chandalgal,066050403,,,,0,118,118,,,
"",,,,,,Total,120,634,754,0,1,1
96,"Govt: Primary School, Shonga Bala (Combined)",Ghoot,066050306,,,,199,97,296,,,
"",,Shongha,066050307,,,,208,137,345,,,
"",,Shongha,066050308,,,,144,73,217,,,
"",,Kudra,066050304,,,,318,159,477,,,
"",,Chakar Batola,066050305,,,,182,98,280,,,
"",,,,,,Total,1051,564,1615,2,1,3
97,"GPS, Mangala",Mangala,066050301,,,,307,187,494,,,
"",,,,,,Total,307,187,494,1,1,2
98,"Govt.High School, Beyar   (Combined)",Beyar,066060101,,,,510,298,808,,,
"",,Daamchura,066060105,,,,10,3,13,,,
"",,Sameer,066060108,,,,144,110,254,,,
"",,Beyar,066060109,,,,229,239,468,,,
"",,,,,,Total,893,650,1075,1,1,2
99,"Govt.Primary School,  Dadban   (Combined)",Dadbin,066060305,,,,455,287,742,,,
"",,Dadbin,066060306,,,,366,185,551,,,
"",,,,,,Total,821,472,1293,2,1,3
100,Govt.Primary School Kejoon. (Combined),Patamai,066060301,,,,52,27,79,,,
"",,Kejoon,066060302,,,,386,235,621,,,
"",,,,,,Total,438,262,700,1,1,2
101,Gov.Primary School Atairkun  (Combined),Atairkun,066060601,,,,418,203,621,,,
"",,Atairkun,066060602,,,,271,194,465,,,
"",,,,,,Total,689,397,1086,1,1,2
102,"Govt.Primary School, Shalband khass  (Combined)",Ali Seer,066060303,,,,15,9,24,,,
"",,Khyber,066060304,,,,80,55,135,,,
"",,Shalband,066060603,,,,247,150,397,,,
"",,Shalband,066060604,,,,115,55,170,,,
"",,Deetkun,066060605,,,,217,118,335,,,
"",,,,,,Total,674,387,1061,1,1,2
Bartu,066060102,,,,85,0,85,,,,,
Kot,066060103,,,,115,0,115,,,,,
Keengal,066060104,,,,167,0,167,,,,,
"",,Sabro,066060106,,,,99,0,99,,,
"",,Kagu Cham,066060402,,,,230,0,230,,,
"",,Jabrai,066060403,,,,132,0,132,,,
"",,Saijkun,066060404,,,,176,0,176,,,
"",,Taatair,066060406,,,,136,0,136,,,
"",,Kelan,066060507,,,,98,0,98,,,
"",,,,,,Total,1238,0,1238,2,0,2
104,"GGMS, Barikot (Female)",Bartu,066060102,,,,0,55,55,,,
"",,Kot,066060103,,,,0,75,75,,,
"",,Keengal,066060104,,,,0,84,84,,,
"",,Sabro,066060106,,,,0,44,44,,,
"",,Kagu Cham,066060402,,,,0,153,153,,,
"",,Jabrai,066060403,,,,0,69,69,,,
"",,Saijkun,066060404,,,,0,86,86,,,
"",,Taatair,066060406,,,,0,63,63,,,
"",,Kelan,066060507,,,,0,72,72,,,
"",,,,,,Total,0,701,701,0,1,1
105,Basic Health Unit Barikot (Combined),Lamin,066060401,,,,118,79,197,,,
"",,Ziarat,066060107,,,,7,2,9,,,
"",,Barikot,066060405,,,,193,127,320,,,
"",,Jan Shahi,066060504,,,,143,78,221,,,
"",,Beza Neel,066060606,,,,10,11,21,,,
"",,,,,,Total,471,297,768,1,1,2
106,Govt.Primary School Jania Combined,Jania,066060501,,,,1197,613,1810,,,
"",,,,,,Total,1197,613,1810,2,1,3
107,Govt.Girls Primary School  Joon Kass  (Combined),Kunaal,066060407,,,,250,137,387,,,
"",,Joon Kass,066060502,,,,374,220,594,,,
"",,Swat,066060503,,,,163,96,259,,,
"",,Bada Payeen,066060506,,,,150,80,230,,,
"",,,,,,Total,937,533,1470,2,1,3
108,"Govt.Primary School, Khadgul (Combined)",Khadgal,066060505,,,,603,320,923,,,
"",,,,,,Total,603,320,923,1,1,2
109,Govt. Primary School Remin Kass (Combined),Reman Kass/Maa,l K0a6ss6010507,,,,942,517,1459,,,
"",,,,,,Total,942,517,1459,2,1,3
110,Govt.Primary school No.1 Doon Serai (Combined),Seerai,066010203,,,,444,312,756,,,
"",,Doon,066010406,,,,533,289,822,,,
"",,Seerai,066010208,,,,105,41,146,,,
"",,,,,,Total,1082,642,1578,2,1,3
111,Govt.Primary school Kalkot (Combined),Kalkot,066010404,,,,985,627,1612,,,
"",,,,,,Total,985,627,1612,1,1,2
Dilataror,066060203,,,,349,192,541,,,,,
"",,Bada Bala,066060204,,,,98,55,153,,,
"",,Daragh,066060205,,,,100,42,142,,,
"",,Kishoor,066060207,,,,91,40,131,,,
"",,,,,,Total,638,329,967,1,1,2
113,"GGPS, Kalkot Shaneel",Patora,066060201,,,,25,2,27,,,
"",,Shaneel,066060202,,,,266,136,402,,,
"",,Shalkun,066060206,,,,107,62,169,,,
"",,,,,,Total,398,200,598,1,1,2
114,"Govt.Primary School,  Makrala  (Combined)",Badran,066010102,,,,186,98,284,,,
"",,Makrala,066010103,,,,335,254,589,,,
"",,Zaran Kun,066010104,,,,103,62,165,,,
"",,Kun/Matool,066010107,,,,481,331,812,,,
"",,Makrala,066010108,,,,44,15,59,,,
"",,,,,,Total,1149,760,1850,2,1,3
115,"Govt.Primary School,  Lamoti  (Combined)",Falolam/Junkai,066010106,,,,302,141,443,,,
"",,Chechalo,066010201,,,,81,47,128,,,
"",,Lamin,066010204,,,,101,86,187,,,
"",,Taimal/Shanee,066010206,,,,323,211,534,,,
"",,Badgoyee,066010401,,,,156,89,245,,,
"",,Pat ban,066010402,,,,151,81,232,,,
"",,Lamoti,066010501,,,,224,118,342,,,
"",,,,,,Total,1338,773,2111,1,1,2
116,"Govt.Primary School,  Jandarai  (Combined)",Jamra,066010105,,,,239,129,368,,,
"",,Rooh,066010202,,,,230,126,356,,,
"",,Jandrai Payeen,066010407,,,,458,255,713,,,
"",,Jandrai Payeen,066010408,,,,177,90,267,,,
"",,,,,,Total,1104,600,1704,2,1,3
117,"Govt.Primary School, Anar  (Combined)",Dankar,066010503,,,,293,151,444,,,
"",,Dankar,066010504,,,,192,199,391,,,
"",,Aanar,066010505,,,,228,101,329,,,
"",,Aanar/Gamsee,066010506,,,,192,94,286,,,
"",,,,,,Total,905,545,1450,2,1,3
118,"Govt.High School,  Thall  (Combined)",Thall Khass,066010301,,,,272,192,464,,,
"",,Jotal,066010307,,,,169,105,274,,,
"",,Thall Khass,066010308,,,,74,57,131,,,
"",,,,,,Total,515,354,869,1,1,2
119,"Govt.Primary School,  Haji Shahi  (Combined)",Joon Kass,066010101,,,,180,114,294,,,
"",,Darwazo,066010207,,,,111,74,185,,,
"",,Lovyneel,066010302,,,,207,148,355,,,
"",,Haji Shai,066010502,,,,180,124,304,,,
"",,,,,,Total,678,460,1138,1,1,2
120,Govt.Primary school Luntoor (Combined),,,,,,,,,,,
"",,Lok,066010303,,,,189,132,321,,,
"",,Luntoor,066010405,,,,319,204,523,,,
"",,,,,,Total,9104,5526,14630,2,1,3
121,"Govt.Primary School-2, Thall (Combined)",Bijlighar,066010205,,,,874,648,1522,,,
"",,,,,,Total,874,648,1522,2,1,3
122,"GPS,  Kumrat",Maloo,066010304,,,,185,146,331,,,
"",,Kumrat,066010306,,,,289,198,487,,,
"",,Kumrat,066010309,,,,57,34,91,,,
"",,,,,,Total,531,378,909,1,1,2
123,Govt.Primary School-3 Thall (Combined),Kalan Bala,066010305,,,,478,353,831,,,
"",,Kalan Payeen,066010403,,,,385,334,719,,,
"",,,,,,Total,863,687,1550,2,1,3
1,"Govt Girls Primary School Maira(Combined)",Makhaye,004010202,,,,239,172,411,,,
"",,Maira,004010203,,,,330,198,528,,,
"",,Kassono,004010504,,,,182,112,294,,,
"",,,,,,Total,751,482,1233,2,1,3
2,"Govt.Primary School, Kotkay (Male)",Sharkonai,004010201,,,,113,0,113,,,
"",,Shah Hassan K,to004010301,,,,97,0,97,,,
"",,Kotkay,004010302,,,,676,0,676,,,
"",,,,,,Total,886,0,886,2,0,2
3,"Govt.Girls  Primery School,Kotkay(Female)",Sharkonai,004010201,,,,0,70,70,,,
"",,Shah Hassan K,to004010301,,,,0,81,81,,,
"",,Kotkay,004010302,,,,0,521,521,,,
"",,,,,,Total,0,672,672,0,1,1
4,"Govt: Girls Primery School Panjkoro(Combined)",Panjkora,004010303,,,,526,324,850,,,
"",,Katigaam,004010304,,,,466,315,781,,,
"",,,,,,Total,992,639,1631,2,1,3
5,"Govt.Middle School,  Molvi  (Male)",Razagay,004010305,,,,372,0,372,,,
"",,Molvi,004010306,,,,662,0,662,,,
"",,Molvi,004010307,,,,82,0,82,,,
"",,Molvi,004010308,,,,40,0,40,,,
"",,,,,,Total,1156,0,1156,2,0,2
6,"GPS, Molvi (Female)",Razagay,004010305,,,,0,233,233,,,
Molvi,004010306,,,,0,400,400,,,,,
Molvi,004010307,,,,0,44,44,,,,,
Molvi,004010308,,,,0,29,29,,,,,
"",,,,,,Total,0,706,706,0,1,1
7,"Govt.Primary School, Shagai  (Combined)",Shagai,004010309,,,,563,388,951,,,
"",,,,,,Total,563,388,951,1,1,2
8,Govt.Primary School GAMDAT (Combined),Dokari,004010501,,,,59,29,88,,,
"",,Gamdat,004010502,,,,764,568,1332,,,
"",,,,,,Total,823,597,1420,2,1,3
9,Govt Primary School Kandro Serai  (Male),Sehrai,004010204,,,,406,0,406,,,
"",,Sehrai Bala,004010205,,,,226,0,226,,,
"",,Sehrai Bala,004010206,,,,305,0,305,,,
"",,Sehrai Bala,004010207,,,,238,0,238,,,
"",,Gowaldai,004010503,,,,205,0,205,,,
"",,,,,,Total,1380,0,1380,2,0,2
10,"GGPS, Serai(Female)",Sehrai,004010204,,,,0,269,269,,,
"",,Sehrai Bala,004010205,,,,0,160,160,,,
"",,Sehrai Bala,004010206,,,,0,193,193,,,
"",,Sehrai Bala,004010207,,,,0,129,129,,,
"",,Gowaldai,004010503,,,,0,110,110,,,
"",,,,,,Total,0,861,861,0,1,1
11,"Govt: Girls Primery School Kass Banda(Combined)",Kass Banda,004010208,,,,574,387,961,,,
"",,Qutbela,004010505,,,,72,38,110,,,
"",,,,,,Total,646,425,1071,1,1,2
12,"Basic Health Unit,Patawo   (Combined)",Patawo,004010101,,,,293,178,471,,,
"",,Patawo,004010102,,,,890,492,1382,,,
"",,,,,,Total,1183,670,1853,2,1,3
13,"Govt.Primary School, Sheratkal  (Male)",Batlaye,004010103,,,,292,0,292,,,
"",,Sheratkal,004010105,,,,706,0,706,,,
"",,Takhta Banj,004010106,,,,139,0,139,,,
"",,Sper Daro,004010107,,,,68,0,68,,,
"",,,,,,Total,1205,0,1205,2,0,2
14,"GMS, Sheratkal (Female)",Batlaye,004010103,,,,0,203,203,,,
"",,Sheratkal,004010105,,,,0,454,454,,,
"",,Takhta Banj,004010106,,,,0,89,89,,,
"",,Sper Daro,004010107,,,,0,35,35,,,
"",,,,,,Total,0,781,781,0,1,1
Nasafa,004010104,,,,316,177,493,,,,,
"",,Nagrail,004010209,,,,567,335,902,,,
"",,,,,,Total,883,512,1395,2,1,3
16,"Govt.Primary School Charkoom Payeen(Combined)",Charkoom,004010401,,,,490,351,841,,,
"",,Jaikat,004010402,,,,344,220,564,,,
"",,,,,,Total,834,571,1405,2,1,3
17,"GPS, Charkoom Bala",Sro Banda,004010403,,,,206,114,320,,,
"",,Charkoom Bala,004010404,,,,234,141,375,,,
"",,Bar Khowar,004010405,,,,157,74,231,,,
"",,,,,,Total,597,329,926,1,1,2
18,"Govt.Girls Primary School, Dogram (Male)",Mula Gujar,004020201,,,,458,0,458,,,
"",,Dogram,004020202,,,,534,0,534,,,
"",,Kot,004020204,,,,136,0,136,,,
"",,,,,,Total,1128,0,1128,2,0,2
19,"GPS, Dogram(Female)",Mula Gujar,004020201,,,,0,321,321,,,
"",,Dogram,004020202,,,,0,331,331,,,
"",,Kot,004020204,,,,0,76,76,,,
"",,,,,,Total,0,728,728,0,1,1
20,"Govt.Primary School,  Moha Sharif",Moha Sharif,004020301,,,,889,635,1524,,,
"",,,,,,Total,889,635,1524,2,1,3
21,"GPS, Rangu",Kass,004020205,,,,69,44,113,,,
"",,Quanjai,004020206,,,,219,158,377,,,
"",,Rangu,004020307,,,,305,247,552,,,
"",,,,,,Total,593,449,1042,1,1,2
22,"Govt.High School,   Osorai (Male)",Osori,004020302,,,,312,0,312,,,
"",,Osori,004020303,,,,194,0,194,,,
"",,Osori,004020304,,,,65,0,65,,,
"",,Osori,004020305,,,,362,0,362,,,
"",,Dandokro,004020405,,,,215,0,215,,,
"",,,,,,Total,1148,0,1148,2,0,2
23,"GPS, Osori (Female)",Osori,004020302,,,,0,236,236,,,
"",,Osori,004020303,,,,0,159,159,,,
"",,Osori,004020304,,,,0,34,34,,,
"",,Osori,004020305,,,,0,308,308,,,
"",,Dandokro,004020405,,,,0,164,164,,,
"",,,,,,Total,0,901,901,0,1,1
24,"Govt.Primary School,  Kohay (Combined)",Kohay,004020306,,,,523,406,929,,,
"",,Bandan Payee,004020308,,,,190,114,304,,,
"",,Shangash,004020402,,,,53,36,89,,,
"",,,,,,Total,766,556,1322,2,1,3
25,"Govt.Primary School,  Bandan  (Combined)",Bandan Payee,004020309,,,,266,183,449,,,
"",,Bandan Bala,004020310,,,,146,89,235,,,
"",,Nishan Banda,004020401,,,,40,37,77,,,
"",,Shagai,004020403,,,,83,59,142,,,
"",,Shah,004020404,,,,50,36,86,,,
"",,,,,,Total,585,404,989,1,1,2
26,"Govt.High School,  Jughabanj  (Male)",Jughabanj Pay,en004020107,,,,496,0,496,,,
"",,Jughabanj Pay,en004020108,,,,735,0,735,,,
"",,,,,,Total,1231,0,1231,2,0,2
27,"GPS, Jughabanj (Female)",Jughabanj Pay,en004020107,,,,0,351,351,,,
"",,Jughabanj Pay,en004020108,,,,0,523,523,,,
"",,,,,,Total,0,874,874,0,1,1
28,"Govt: Primary School, Dislawar(Combined)",Dislawar,004020203,,,,685,515,1200,,,
"",,Sahibabad,004020501,,,,272,166,438,,,
"",,,,,,Total,957,681,1638,2,1,3
29,"Govt.Primary School,  Malanga(Combined)",Jugha,004020101,,,,191,123,314,,,
"",,Malanga,004020102,,,,489,311,800,,,
"",,,,,,Total,680,434,1114,1,1,2
30,"GPS, Jaai Kadi Khel Payeen",Bagh No-1,004020103,,,,329,201,530,,,
"",,Jaai,004020104,,,,506,375,881,,,
"",,,,,,Total,835,576,1411,2,1,3
31,"Govt. Primary School Beshomai(Combined)",Jughabanj Bala,004020105,,,,343,236,579,,,
"",,Jughabanj Bala,004020106,,,,216,160,376,,,
"",,Beshomai,004020502,,,,118,70,188,,,
"",,Dherai,004020503,,,,125,66,191,,,
"",,Toortam,004020504,,,,86,48,134,,,
"",,Kareen,004020505,,,,16,6,22,,,
"",,,,,,Total,904,586,1490,2,1,3
Gogayal,004030201,,,,331,212,543,,,,,
Gogayal,004030202,,,,207,149,356,,,,,
798,,,,,,,,,,,,
"",,,,,,Total,1001,696,1697,2,1,3
33,"GPS, Salo Baig",Salo Baig,004030204,,,,222,132,354,,,
"",,Kagano Khowa,004030301,,,,148,90,238,,,
"",,Jrando Adai,004030302,,,,121,78,199,,,
"",,,,,,Total,491,300,791,1,1,2
34,"Govt. High School, Jatgram   (Combined)",Jatgram,004030205,,,,6,6,12,,,
"",,Jatgram,004030206,,,,378,268,646,,,
"",,Jatgram,004030207,,,,50,41,91,,,
"",,Kasono,004030303,,,,301,211,512,,,
"",,Landai Shalgah,004030304,,,,0,0,0,,,
"",,Sundal,004030305,,,,417,305,722,,,
"",,,,,,Total,1152,831,1983,2,1,3
35,"Govt.Prirmary School,  Mishmano Banda(Combined)",Mishmano Ban,a004030106,,,,304,189,493,,,
"",,Mishmano Ban,a004030107,,,,586,378,964,,,
"",,,,,,Total,890,567,1457,2,1,3
36,"Govt.Primary School, Malo Khan Banda(Combined)",Rambial,004030108,,,,258,181,439,,,
"",,Rambial,004030109,,,,150,111,261,,,
"",,Malo Khan Ban,a004030208,,,,280,203,483,,,
"",,Malo Khan Ban,a-0P04030209,,,,192,140,332,,,
"",,,,,,Total,880,635,1515,2,1,3
37,"Govt.Primary School,  Sankor   (Combined)",Sankore,004030101,,,,412,289,701,,,
"",,Sankore,004030102,,,,294,233,527,,,
"",,Sankore,004030103,,,,274,190,464,,,
"",,,,,,Total,980,712,1692,2,1,3
38,Govt.Middle School Sundal   (Male),Sundal,004030110,,,,213,0,213,,,
"",,Sundal,004030111,,,,446,0,446,,,
"",,Sundal,004030112,,,,155,0,155,,,
"",,,,,,Total,814,0,814,2,0,2
39,"GPS, Sundal (Female)",Sundal,004030110,,,,0,136,136,,,
"",,Sundal,004030111,,,,0,324,324,,,
"",,Sundal,004030112,,,,0,101,101,,,
"",,,,,,Total,0,561,561,0,1,1
40,"Govt. Primary School,  Maskarai(Combined)",Maskarai,004030210,,,,221,191,412,,,
Maskarai,004030211,,,,355,259,614,,,,,
Janghero,004030212,,,,97,60,157,,,,,
"",,,,,,Total,673,510,1183,1,1,2
41,"Govt: Girls Primary School Kamalay(Combined)",Sankore Tanga,004030104,,,,175,119,294,,,
"",,Kamalay,004030105,,,,296,202,498,,,
"",,,,,,Total,471,321,792,1,1,2
42,"Govt. Primary School,  Shalga-A  (Male)",Shalgha,004040103,,,,331,0,331,,,
"",,Shalgha,004040104,,,,366,0,366,,,
"",,Shalgah,004040105,,,,747,0,747,,,
"",,,,,,Total,1444,0,1444,2,0,2
43,"GGMS, Shalgah (Male)",Shalgah,004040106,,,,282,0,282,,,
"",,Shalgha,004040107,,,,272,0,272,,,
"",,Shalgah,004040114,,,,178,0,178,,,
"",,Shalgha,004040301,,,,13,0,13,,,
"",,,,,,Total,745,0,745,1,0,1
44,"Govt. Primary School,  Shalga-B(Daman)(Female)",Shalgah,004040103,,,,0,234,234,,,
"",,Shalgah,004040104,,,,0,278,278,,,
"",,Shalgah,004040105,,,,0,529,529,,,
"",,Shalgah,004040106,,,,0,188,188,,,
"",,Shalgah,004040107,,,,0,182,182,,,
"",,Shalgah,004040114,,,,0,132,132,,,
"",,Shalgah,004040301,,,,0,12,12,,,
"",,,,,,Total,0,1555,1555,0,2,2
45,"Govt.Middle School,  Galkore  (Combined)",Galkore,004040108,,,,588,367,955,,,
"",,Galkore,004040109,,,,279,174,453,,,
"",,,,,,Total,867,541,1408,2,1,3
46,"Govt.Primary School,  Karbadai(Combined)",Karbadai,004040110,,,,441,310,751,,,
"",,Karbadai,004040111,,,,195,132,327,,,
"",,,,,,Total,636,442,1078,1,1,2
47,"Govt.Primary School,  Bedamai(Combined)",Bedamai,004040101,,,,315,210,525,,,
"",,Bedamai,004040102,,,,198,126,324,,,
"",,Manzai,004040305,,,,164,118,282,,,
"",,,,,,Total,677,454,1131,1,1,2
Matrora,004040112,,,,0,0,0,,,,,
Talo,004040113,,,,60,37,97,,,,,
Kohan,004040204,,,,363,258,621,,,,,
Talawo Payeen,004040205,,,,184,129,313,,,,,
"",,,,,,Total,607,424,1031,1,1,2
49,"Govt. High School,  Nihag   (Combined)",Kashmiray Pay,n 004040206,,,,75,46,121,,,
"",,Nihag Bala,004040207,,,,118,78,196,,,
"",,Zakria,004040208,,,,170,117,287,,,
"",,Soori Nihag,004040209,,,,33,27,60,,,
"",,Shamsher Tan,ai 004040210,,,,38,25,63,,,
"",,Kashmiray Bala,004040302,,,,88,73,161,,,
"",,Nihag Payeen,004040303,,,,159,120,279,,,
"",,,,,,Total,681,486,1167,1,1,2
50,"Govt.Girls Primary School,  Kandarow(Female)",Kandaraow,004040201,,,,0,180,180,,,
"",,Kandaraow,004040202,,,,0,206,206,,,
"",,Kandaraow,004040203,,,,0,150,150,,,
"",,Karpat,004040211,,,,0,100,100,,,
"",,Kass,004040306,,,,0,46,46,,,
"",,Kaskay,004040307,,,,0,99,99,,,
"",,,,,,Total,0,781,781,0,1,1
51,"Govt. Primary School,  Kandarow  (Male)",Kandaraow,004040201,,,,267,0,267,,,
"",,Kandaraow,004040202,,,,311,0,311,,,
"",,Kandaraow,004040203,,,,239,0,239,,,
"",,Karpat,004040211,,,,118,0,118,,,
"",,Kass,004040306,,,,63,0,63,,,
"",,Kaskay,004040307,,,,158,0,158,,,
"",,,,,,Total,1156,0,1156,2,0,2
52,"Govt: Primery School Karpat Payeen(Male)",Abla Karpat,004040212,,,,101,0,101,,,
"",,Karpat,004040213,,,,167,0,167,,,
"",,Karpat,004040214,,,,594,0,594,,,
"",,Siah Ghara Kar,at004040215,,,,296,0,296,,,
"",,Karpat,004040216,,,,0,0,0,,,
"",,Sar Bala,004040304,,,,369,0,369,,,
"",,,,,,Total,1527,0,1527,2,0,2
Abla Karpat,004040212,,,,0,82,82,,,,,
Karpat,004040213,,,,0,122,122,,,,,
Karpat,004040214,,,,0,452,452,,,,,
Siah Ghara Kar,at004040215,,,,0,202,202,,,,,
Karpat,004040216,,,,0,0,0,,,,,
"",,Sar Bala,004040304,,,,0,257,257,,,
"",,,,,,Total,0,1115,1115,0,2,2
54,"Govt.Middle School,  Badalai   (Female)",Badalai,004050201,,,,0,536,536,,,
"",,Badalai,004050202,,,,0,353,353,,,
"",,Badalai,004050203,,,,0,313,313,,,
"",,Badalai,004050204,,,,0,98,98,,,
"",,,,,,Total,0,1300,1300,0,2,2
55,"Govt.Primary School,  Badalai   (Male)",Badalai,004050201,,,,656,0,656,,,
"",,Badalai,004050202,,,,469,0,469,,,
"",,Badalai,004050203,,,,401,0,401,,,
"",,Badalai,004050204,,,,132,0,132,,,
"",,,,,,Total,1658,0,1658,2,0,2
56,"Govt. Primary School,  Sundrai(Combined)",Kurchal,004050112,,,,65,49,114,,,
"",,Sundarai,004050113,,,,384,310,694,,,
"",,Kunkass,004050114,,,,254,185,439,,,
"",,,,,,Total,703,544,1247,1,1,2
57,"Govt.Primary School, Shokand(Combined)",Shokand,004050101,,,,255,217,472,,,
"",,Shokand,004050102,,,,399,318,717,,,
"",,,,,,Total,654,535,1189,1,1,2
58,"Govt.Middle School,  Matar (Male)",Matta,004050105,,,,99,0,99,,,
"",,Mattar,004050106,,,,295,0,295,,,
"",,Mattar,004050107,,,,410,0,410,,,
"",,Mattar,004050108,,,,124,0,124,,,
"",,Mattar,004050109,,,,247,0,247,,,
"",,,,,,Total,1175,0,1175,2,0,2
59,"GPS, Mattar (Female)",Matta,004050105,,,,0,72,72,,,
"",,Mattar,004050106,,,,0,223,223,,,
"",,Mattar,004050107,,,,0,326,326,,,
"",,Mattar,004050108,,,,0,79,79,,,
"",,Mattar,004050109,,,,0,191,191,,,
"",,,,,,Total,0,891,891,0,1,1
60,"Govt.Primary School, Bagam   (Combined)",Bagam,004050110,,,,560,501,1061,,,
"",,Donai,004050111,,,,131,93,224,,,
"",,Charmal,004050209,,,,209,151,360,,,
"",,,,,,Total,900,745,1645,2,1,3
61,Govt.Primary School  Dolar   (Combined),Dolar Bala,004050103,,,,261,176,437,,,
"",,Dolar Payeen,004050104,,,,249,174,423,,,
"",,,,,,Total,510,350,860,1,1,2
62,"Govt.High School,   Bandai Payeen(Combined)",Bakanai,004050205,,,,175,128,303,,,
"",,Bandi Payeen,004050206,,,,575,427,1002,,,
"",,Bandai Bala,004050207,,,,160,106,266,,,
"",,,,,,Total,910,661,1571,2,1,3
63,"Govt.Primery School   Serai Payeen(Combined)",Abid Khan,004050208,,,,322,233,555,,,
"",,Seerai Payeen,004050211,,,,578,400,978,,,
"",,,,,,Total,900,633,1533,2,1,3
64,"Govt.Primary School,  Arai Manzai  (Male)",Seerai Bala,004050210,,,,491,0,491,,,
"",,Arai Manzai,004050212,,,,101,0,101,,,
"",,Arai Manzai,004050213,,,,269,0,269,,,
"",,Gachil,004050214,,,,294,0,294,,,
"",,,,,,Total,1155,0,1155,2,0,2
65,"GPS, Gachil (Female)",Seerai Bala,004050210,,,,0,335,335,,,
"",,Arai Manzai,004050212,,,,0,71,71,,,
"",,Arai Manzai,004050213,,,,0,180,180,,,
"",,Gachil,004050214,,,,0,210,210,,,
"",,,,,,Total,0,796,796,0,1,1
66,"Govt.High School, Akhgram (Male)",Akhgram,004070201,,,,931,0,931,,,
"",,Akhgram,004070202,,,,456,0,456,,,
"",,,,,,Total,1387,0,1387,2,0,2
67,"GPS, Akhagram Bala (Male)",Akhgram,004070203,,,,532,0,532,,,
"",,Akhgram,004070204,,,,293,0,293,,,
"",,Goorkand,004070401,,,,99,0,99,,,
"",,,,,,Total,924,0,924,2,0,2
68,"GovtPrimary School, Akhgram Payeen(Female)",Akhgram,004070201,,,,0,717,717,,,
"",,Akhgram,004070202,,,,0,320,320,,,
"",,Akhgram,004070203,,,,0,357,357,,,
"",,Akhgram,004070204,,,,0,211,211,,,
"",,Goorkand,004070401,,,,0,63,63,,,
"",,,,,,Total,0,1668,1668,0,2,2
69,"Govt.Primary School,  Khonano Tangay(Combined)",Khonano Tang,y004070305,,,,372,256,628,,,
Khonano Tang,y004070306,,,,372,221,593,,,,,
"",,,,,,Total,744,477,1221,2,1,3
70,"Govt.High School, Shinkarai   (Male)",Bandagai,004070214,,,,204,0,204,,,
"",,Barghualy,004070303,,,,51,0,51,,,
"",,Shinkarai,004070304,,,,573,0,573,,,
"",,Zako,004070307,,,,174,0,174,,,
"",,Shingara,004070604,,,,66,0,66,,,
"",,,,,,Total,1068,0,1068,2,0,2
71,"GGPS, Shinkarai (Female)",Bandagai,004070214,,,,0,140,140,,,
"",,Barghualy,004070303,,,,0,37,37,,,
"",,Shinkarai,004070304,,,,0,388,388,,,
"",,Zako,004070307,,,,0,113,113,,,
"",,Shingara,004070604,,,,0,37,37,,,
"",,,,,,Total,0,715,715,0,1,1
72,Govt Primery School Alorai  (Combined),Botata,004070205,,,,140,74,214,,,
"",,Ghantool Koro,a 004070308,,,,234,159,393,,,
"",,Ayoray,004070605,,,,189,146,335,,,
"",,,,,,Total,563,379,942,1,1,2
73,"Govt.Primary School,  Duryal  (Male)",Duryal,004070101,,,,210,0,210,,,
"",,Duryal,004070102,,,,112,0,112,,,
"",,Guli Bagh Paye,n004070105,,,,48,0,48,,,
"",,Sperko,004070106,,,,296,0,296,,,
"",,Surgulai,004070108,,,,30,0,30,,,
"",,Apal Paw,004070601,,,,105,0,105,,,
"",,Damra,004070602,,,,67,0,67,,,
"",,Dangshera,004070603,,,,51,0,51,,,
"",,,,,,Total,919,0,919,2,0,2
74,"GGPS, Duryal (Female)",Duryal,004070101,,,,0,141,141,,,
"",,Duryal,004070102,,,,0,75,75,,,
"",,Guli Bagh Paye,n004070105,,,,0,36,36,,,
"",,Sperko,004070106,,,,0,212,212,,,
"",,Surgulai,004070108,,,,0,23,23,,,
"",,Apal Paw,004070601,,,,0,80,80,,,
"",,Damra,004070602,,,,0,45,45,,,
"",,Dangshera,004070603,,,,0,34,34,,,
"",,,,,,Total,0,646,646,0,1,1
75,"Govt.Primary School, Guli Bagh(Combined)",Guli Bagh Bala,004070103,,,,345,250,595,,,
"",,Gulibagh Paye,n 004070104,,,,238,170,408,,,
"",,Shashkar,004070505,,,,272,147,419,,,
"",,Zoor Mandi,004070506,,,,28,17,45,,,
"",,,,,,Total,883,584,1467,2,1,3
76,"Govt.Girls Primary School , Karkabanj(Combined)",Batanr Payeen,004070207,,,,334,258,592,,,
"",,Batanr Payeen,004070208,,,,138,104,242,,,
"",,Batanr,004070209,,,,49,27,76,,,
"",,,,,,Total,521,389,910,1,1,2
77,"GHS, Karkabanj",Karkabanj,004070210,,,,29,24,53,,,
"",,Drobanda,004070211,,,,8,7,15,,,
"",,Karkabanj,004070212,,,,101,81,182,,,
"",,Karkabanj,004070501,,,,643,455,1098,,,
"",,,,,,Total,781,567,1348,2,1,3
78,"Govt.Primary School, Shedyal  (Male)",Awarai,004070107,,,,144,0,144,,,
"",,Shedyal,004070213,,,,411,0,411,,,
"",,Chindak,004070301,,,,112,0,112,,,
"",,Manzai shedya,004070302,,,,57,0,57,,,
"",,Sholdarai,004070502,,,,105,0,105,,,
"",,Bagh Manzai,004070503,,,,181,0,181,,,
"",,,,,,Total,1010,0,1010,2,0,2
79,"GGPS, Shedyal (Female)",Awarai,004070107,,,,0,91,91,,,
"",,Shedyal,004070213,,,,0,264,264,,,
"",,Chindak,004070301,,,,0,53,53,,,
"",,Manzai shedya,004070302,,,,0,36,36,,,
"",,Sholdarai,004070502,,,,0,64,64,,,
"",,Bagh Manzai,004070503,,,,0,106,106,,,
"",,,,,,Total,0,614,614,0,1,1
80,"Govt.Primary School, Darokai   (Combined)",Shahbazay,004070206,,,,177,135,312,,,
"",,Awarai,004070403,,,,72,52,124,,,
"",,Daroaki,004070504,,,,278,191,469,,,
"",,,,,,Total,527,378,905,1,1,2
Karpat,004070402,,,,25,16,41,,,,,
Komaira,004070404,,,,263,184,447,,,,,
Inzar Patay,004070405,,,,35,19,54,,,,,
"",,Kasai,004070406,,,,46,26,72,,,
"",,,,,,Total,369,245,614,1,1,2
82,"Govt.Primary School, Pashta   (Combined)",Berarai,004080104,,,,209,173,382,,,
"",,Manzai Dherai,004080105,,,,122,84,206,,,
"",,Darmai,004080106,,,,52,45,97,,,
"",,Pashta,004080304,,,,545,460,1005,,,
"",,,,,,Total,928,762,1690,2,1,3
83,"Govt.Primay School, Gal   (Combined)",Kabal,004080107,,,,83,39,122,,,
"",,Gal,004080301,,,,615,479,1094,,,
"",,Gal,004080302,,,,168,117,285,,,
"",,,,,,Total,866,635,1501,2,1,3
84,"Govt.Primay School,  Balkore   (Combined)",Balkore,004080204,,,,448,325,773,,,
"",,Balkore,004080205,,,,107,73,180,,,
"",,Guda,004080307,,,,124,99,223,,,
"",,,,,,Total,679,497,1176,1,1,2
85,"Govt.Primary School, Hussan Bagh  (Male)",Tokrai,004080210,,,,266,0,266,,,
"",,Tokrai,004080211,,,,92,0,92,,,
"",,Bagh Bala,004080303,,,,166,0,166,,,
"",,Bagh Payeen,004080401,,,,74,0,74,,,
"",,Bagh Manjla,004080402,,,,53,0,53,,,
"",,Majal,004080403,,,,135,0,135,,,
"",,Serai,004080404,,,,114,0,114,,,
"",,Manrai,004080405,,,,134,0,134,,,
"",,Kass No-I,004080408,,173,0,173,,,,,
"",,,,,,Total,1207,0,1207,2,0,2
86,"GPS, Bagh (Female)",Tokrai,004080210,,,,0,189,189,,,
"",,Tokrai,004080211,,,,0,71,71,,,
"",,Bagh Bala,004080303,,,,0,119,119,,,
"",,Bagh Payeen,004080401,,,,0,50,50,,,
"",,Bagh Manjla,004080402,,,,0,36,36,,,
"",,Majal,004080403,,,,0,89,89,,,
"",,Serai,004080404,,,,0,70,70,,,
"",,Manrai,004080405,,,,0,91,91,,,
"",,Kass No-I,004080408,,,,0,106,106,,,
"",,,,,,Total,0,821,821,0,1,1
87,"Govt: Primery School Londa/Saif Kalay(Combined)",Karr,004080109,,,,250,165,415,,,
"",,Jrando Manzai,004080212,,,,69,53,122,,,
"",,Londa,004080306,,,,523,393,916,,,
"",,,,,,Total,842,611,1453,2,1,3
88,"Govt.Primary School, Matrora  (Combined)",Matrora,004080201,,,,738,522,1260,,,
"",,Matrora,004080202,,,,6,10,16,,,
"",,Matrora,004080203,,,,78,52,130,,,
"",,Kass No-II,004080409,,,,236,130,366,,,
"",,,,,,Total,1058,714,1772,2,1,3
89,"Govt.Primary School, Shaga   (Combined)",Shaga,004080207,,,,284,187,471,,,
"",,Shaga,004080208,,,,677,438,1115,,,
"",,Shaga,004080209,,,,138,93,231,,,
"",,,,,,Total,1099,718,1817,2,1,3
90,"GPS, Kalgana",Kalgana,004080206,,,,226,149,375,,,
"",,Srapo,004080406,,,,161,88,249,,,
"",,Bajaur,004080407,,,,70,45,115,,,
"",,,,,,Total,457,282,739,1,1,2
91,"Govt.Primary School, Kharposai  (Combin)",Seero Kamarga,004080101,,,,647,431,1078,,,
"",,,,,,Total,647,431,1078,1,1,2
92,"GPS, Tengrai (Female)",Tengrai,004080102,,,,649,422,1071,,,
"",,,,,,Total,649,422,1071,1,1,2
93,"Govt.Primary School, Jabai  (Combined)",Jabai,004080103,,,,674,404,1078,,,
"",,,,,,Total,674,404,1078,1,1,2
94,"Govt.Girls Primary School, Hazara(Combined)",Markhano,004080108,,,,102,90,192,,,
"",,Hazara,004080305,,,,189,142,331,,,
"",,,,,,Total,291,232,523,1,1,2
95,Govt Primary  School Umralay Bala:,Umralay Bala,004090201,,,,585,370,955,,,
"",,,,,,,585,370,955,1,1,2
96,"Govt Middle School Umralay Pay:(Combined)",Umralay Payee,004090202,,,,605,427,1032,,,
"",,Gerro,004090203,,,,176,117,293,,,
"",,,,,,Total,781,544,1325,2,1,3
Asharay,004090103,,,,328,219,547,,,,,
Babo,004090104,,,,300,207,507,,,,,
Batlai Payeen,004090204,,,,83,45,128,,,,,
Batalai Bala,004090205,,,,35,24,59,,,,,
"",,Lalo Kass,004090305,,,,65,45,110,,,
"",,,,,,Total,811,540,1351,2,1,3
98,"Govt.Middle School,  Chapper  (Male)",Chaper Kalay,004090301,,,,595,0,595,,,
"",,Chaper Kalay,004090302,,,,289,0,289,,,
"",,Chaper Khowa,004090303,,,,390,0,390,,,
"",,,,,,Total,1274,0,1274,2,0,2
99,"GGPS, Chapper (Male)",Chaper Kass,004090101,,,,376,0,376,,,
"",,Kandaro chape,004090102,,,,153,0,153,,,
"",,Baland Abad,004090206,,,,225,0,225,,,
"",,Qul chaper,004090605,,,,146,0,146,,,
"",,,,,,Total,900,0,900,2,0,2
100,"Govt.Girls Middle School,  Chapper Kalay(Female)",Chaper Kass,004090101,,,,0,279,279,,,
"",,Kandaro chape,004090102,,,,0,109,109,,,
"",,Baland Abad,004090206,,,,0,152,152,,,
"",,Chaper Kalay,004090301,,,,0,403,403,,,
"",,Chaper Kalay,004090302,,,,0,205,205,,,
"",,Chaper Khowa,004090303,,,,0,321,321,,,
"",,Qul chaper,004090605,,,,0,101,101,,,
"",,,,,,Total,0,1570,1570,0,2,2
101,"Govt.Middle School, Sadiqabad(Combined)",Sadiq Abad,004090304,,,,223,170,393,,,
"",,Awarai,004090404,,,,54,32,86,,,
"",,Umarkot,004090601,,,,326,153,479,,,
"",,Sarkay,004090602,,,,167,97,264,,,
"",,Ondesa,004090603,,,,197,119,316,,,
"",,,,,,Total,967,571,1538,2,1,3
102,"Govt. Primary School, Nasirabad   (Male)",Nasirabad,004090401,,,,237,0,237,,,
"",,Nasirabad,004090402,,,,291,0,291,,,
"",,Nasirabad,004090403,,,,372,0,372,,,
"",,Dherai Bala,004090405,,,,191,0,191,,,
"",,Dherai Payeen,004090406,,,,92,0,92,,,
"",,,,,,Total,1183,0,1183,2,0,2
103,"GMS, Nasirabad (Female)",Nasirabad,004090401,,,,0,149,149,,,
Nasirabad,004090402,,,,0,207,207,,,,,
Nasirabad,004090403,,,,0,266,266,,,,,
Dherai Bala,004090405,,,,0,142,142,,,,,
"",,Dherai Payeen,004090406,,,,0,56,56,,,
"",,,,,,Total,0,820,820,0,1,1
104,"Govt.Primary School,  Shahkanai No.1(Male)",Bando Khowar,004090106,,,,64,0,64,,,
"",,Dherai Panosh,h 004090107,,,,55,0,55,,,
"",,Shahkanai,004090509,,,,149,0,149,,,
"",,Shahkanai,004090510,,,,347,0,347,,,
"",,Gatu,004090511,,,,134,0,134,,,
"",,Kass Shahkanai,004090604,,,,232,0,232,,,
"",,,,,,Total,981,0,981,2,0,2
105,"GGPS, Shahkanai (Female)",Bando Khowar,004090106,,,,0,40,40,,,
"",,Dherai Panosh,h 004090107,,,,0,32,32,,,
"",,Shahkanai,004090509,,,,0,108,108,,,
"",,Shahkanai,004090510,,,,0,231,231,,,
"",,Gatu,004090511,,,,0,83,83,,,
"",,Kass Shahkanai,004090604,,,,0,143,143,,,
"",,,,,,Total,0,637,637,0,1,1
106,"Govt.High School, Jaillar  (Male)",Gunbad,004090105,,,,151,0,151,,,
"",,Jaillar,004090501,,,,391,0,391,,,
"",,Jaillar,004090502,,,,571,0,571,,,
"",,Jaillar,004090503,,,,117,0,117,,,
"",,Jaillar,004090504,,,,441,0,441,,,
"",,Jaillar,004090505,,,,85,0,85,,,
"",,,,,,Total,1756,0,1756,3,0,3
107,"Govt Girls Middle School, Jaillar  (Female)",Gunbad,004090105,,,,0,89,89,,,
"",,Jaillar,004090501,,,,0,311,311,,,
"",,Jaillar,004090502,,,,0,480,480,,,
"",,Jaillar,004090503,,,,0,100,100,,,
"",,Jaillar,004090504,,,,0,367,367,,,
"",,Jaillar,004090505,,,,0,68,68,,,
"",,,,,,Total,0,1415,1415,0,2,2
108,"Govt.Primay School, Samai   (Combined)",Landay shah,004090506,,,,316,237,553,,,
"",,Samai,004090507,,,,167,124,291,,,
"",,Samai,004090508,,,,263,220,483,,,
"",,,,,,Total,746,581,1327,2,1,3
Kass,004060401,,,,460,343,803,,,,,
"",,Manzai,004060402,,,,197,155,352,,,
"",,,,,,Total,657,498,1155,1,1,2
110,"Govt.Middle School, Shang  (Combined)",Bando Bala,004060403,,,,137,113,250,,,
"",,Shang,004060404,,,,154,112,266,,,
"",,Tatogram Bala,004060405,,,,132,96,228,,,
"",,Tatogram Paye,n004060406,,,,149,106,255,,,
"",,Bando Payeen,004060407,,,,248,187,435,,,
"",,,,,,Total,820,614,1434,2,1,3
111,"Govt.Primary School,  Kakad   (Female)",Kakad,004060301,,,,0,470,470,,,
"",,Kakad,004060302,,,,0,257,257,,,
"",,Kakad,004060303,,,,0,278,278,,,
"",,Bandai Kakad,004060304,,,,0,122,122,,,
"",,,,,,Total,0,1127,1127,0,2,2
112,"Govt: High School,  Kakad   (ÿêMale)",Kakad,004060301,,,,664,0,664,,,
"",,Kakad,004060302,,,,310,0,310,,,
"",,Kakad,004060303,,,,385,0,385,,,
"",,Bandai Kakad,004060304,,,,167,0,167,,,
"",,,,,,Total,1526,0,1526,3,0,3
113,"Govt.High School,  Daskore Bala (Male)",Daskore Bala,004060101,,,,520,0,520,,,
"",,Berarai,004060102,,,,301,0,301,,,
"",,Manrai,004060208,,,,112,0,112,,,
"",,,,,,Total,933,0,933,2,0,2
114,"Govt.Girls Middle School,  Daskore Bala(Female)",Daskore Bala,004060101,,,,0,428,428,,,
"",,Berarai,004060102,,,,0,218,218,,,
"",,Manrai,004060208,,,,0,79,79,,,
"",,,,,,Total,0,725,725,0,1,1
115,"Govt: Girls Middle  School,  Daskore Pay:(Combined)",Daskore Payee,004060205,,,,534,428,962,,,
"",,Akhoon Banda,004060206,,,,117,81,198,,,
"",,,,,,Total,651,509,1160,1,1,2
116,"Govt.Primary School,  Malook Banda(Male)",Tangai,004060103,,,,498,0,498,,,
"",,Malook Banda,004060104,,,,288,0,288,,,
"",,Malook Banda,004060105,,,,194,0,194,,,
"",,Safrono,004060209,,,,94,0,94,,,
"",,,,,,Total,1074,0,1074,2,0,2
117,"GGPS, Malook Banda (Female)",Tangai,004060103,,,,0,316,316,,,
"",,Malook Banda,004060104,,,,0,222,222,,,
"",,Malook Banda,004060105,,,,0,145,145,,,
"",,Safrono,004060209,,,,0,59,59,,,
"",,,,,,Total,0,742,742,0,1,1
118,Govt: Primery School Gurrai  (Combined),Gurai,004060106,,,,441,340,781,,,
"",,Gurai,004060107,,,,301,226,527,,,
"",,Bela,004060108,,,,119,90,209,,,
"",,,,,,Total,861,656,1517,2,1,3
119,"Govt.High Secondery School, Wari (Male)",,,Wari Bala,004060201,,1051,0,1051,,,
"",,,,Wari Bala,004060202,,507,0,507,,,
"",,,,,,Total,1558,0,1558,2,0,2
120,"Govt.Girls High School, Wari  Bala (Female)",,,Wari Bala,004060201,,0,765,765,,,
"",,,,Wari Bala,004060202,,0,369,369,,,
"",,,,,,Total,0,1134,1134,0,2,2
121,"Govt. Middle School,Wari (Male)",,,Wari Payeen,004060305,,750,0,750,,,
"",,,,Wari Payeen,004060306,,775,0,775,,,
"",,,,,,Total,1525,0,1525,3,0,3
122,"Govt. Girls High School,Wari (Female)",,,Wari Payeen,004060305,,0,506,506,,,
"",,,,Wari Payeen,004060306,,0,551,551,,,
"",,,,,,Total,0,1057,1057,0,2,2
123,"Govt.Primary School, Wari No.2  (Male)",,,Wari Payeen,004060307,,1153,0,1153,,,
"",,,,,,Total,1153,0,1153,2,0,2
124,"Govt.Girls Primary School, Wari (Female)",,,Wari Payeen,004060307,,0,841,841,,,
"",,,,,,Total,0,841,841,0,1,1
125,"Govt.Primary School, Shahibagh(Combined)",,,Shahibagh,004060203,,393,286,679,,,
"",,,,Zarai,004060204,,208,170,378,,,
"",,,,Seerai,004060207,,77,51,128,,,
"",,,,,,Total,678,507,1185,1,1,2
"",,,,,,,,,,,,
1,"Govt. .Higher Secondery School Qualandai(Male)",Qualandi Paye,n 003010101,,,,95,0,95,,,
"",,Qualandi Paye,n 003010102,,,,284,0,284,,,
"",,Qualandi Paye,n 003010103,,,,460,0,460,,,
"",,Qualandi Paye,n 003010104,,,,508,0,508,,,
"",,,,,,Total,1347,0,1347,3,0,3
2,"GPS, Qualandai (Female)",Qualandi Paye,n 003010101,,,,0,78,78,,,
"",,Qualandi Paye,n 003010102,,,,0,206,206,,,
"",,Qualandi Paye,n 003010103,,,,0,323,323,,,
"",,Qualandi Paye,n 003010104,,,,0,342,342,,,
"",,,,,,Total,0,949,949,0,2,2
3,Govt.Primary School  Jarjorai (Combined),Jarjoray Bala,003010105,,,,362,241,603,,,
"",,Jarjoray Bala,003010106,,,,115,75,190,,,
"",,Jarjoray Bala,003010107,,,,225,179,404,,,
"",,,,,,Total,702,495,1197,2,1,3
4,"Govt.Primary School , Belanzai (Male)",Belanzai,003010108,,,,306,0,306,,,
"",,Nirgah,003010201,,,,110,0,110,,,
"",,Nirgah,003010202,,,,72,0,72,,,
"",,Miana,003010203,,,,409,0,409,,,
"",,Miana Khwar,003010204,,,,287,0,287,,,
"",,,,,,Total,1184,0,1184,2,0,2
5,"GMS, Belanzai (Female)",Belanzai,003010108,,,,0,208,208,,,
"",,Nirgah,003010201,,,,0,45,45,,,
"",,Nirgah,003010202,,,,0,40,40,,,
"",,Miana,003010203,,,,0,261,261,,,
"",,Miana Khwar,003010204,,,,0,144,144,,,
"",,,,,,Total,0,698,698,0,2,2
6,"Govt.Primary School   Qashqarai Payeen(Combined)",Qashqarai Bala,003010301,,,,311,195,506,,,
"",,Qashqarai Bala,003010302,,,,81,59,140,,,
"",,Qashqarai Pay,en003010303,,,,344,242,586,,,
"",,Qashqarai Pay,en003010304,,,,78,63,141,,,
"",,,,,,Total,814,559,1373,2,1,3
7,"Govt.Primary School    Chinar Khwar(Combined)",Saddiq Banda,003010305,,,,247,152,399,,,
"",,Saqddiq Banda,003010306,,,,484,343,827,,,
"",,,,,,Total,731,495,1226,2,1,3
8,Govt.Primary Model School  Panakot,Panakot,003010307,,,,810,572,1382,,,
"",,,,,,Total,810,572,1382,2,1,3
9,Govt.High School  Panakot (Male),Panakot,003010308,,,,319,0,319,,,
"",,Panakot,003010309,,,,610,0,610,,,
"",,,,,,Total,929,0,929,2,0,2
10,"GGHS, Panakot (Female)",Panakot,003010308,,,,0,216,216,,,
"",,Panakot,003010309,,,,0,433,433,,,
"",,,,,,Total,0,649,649,0,1,1
11,"Govt. Primary School   M.Amin Kalay(Combined)",Zakhana,003010205,,,,0,0,0,,,
"",,Naray Khwar,003010206,,,,0,0,0,,,
"",,M.Amin Kalay,003010406,,,,329,250,579,,,
"",,Navey Kalay,003010407,,,,361,231,592,,,
"",,Navey Kalay,003010408,,,,40,27,67,,,
"",,,,,,Total,730,508,1238,2,1,3
12,"Govt. Primary School  Shandal Bagh(Combined)",Shandal Bagh,003010310,,,,297,190,487,,,
"",,Barikot,003010401,,,,395,297,692,,,
"",,,,,,Total,692,487,1179,1,1,2
13,"Govt. Girls Middle School  ,Dobando(Combined)",Dobando,003010402,,,,365,248,613,,,
"",,Dobando,003010403,,,,468,317,785,,,
"",,,,,,Total,833,565,1398,2,1,3
14,"Govt. Middle School ,Dobando(Combined)",Sangar,003010404,,,,536,347,883,,,
"",,Masala,003010405,,,,0,0,0,,,
"",,Atrango,003010409,,,,342,220,562,,,
"",,,,,,Total,878,567,1445,2,1,3
15,Govt. Primary School No. 1  Shawo  (Male),,,Bazar Mohalla,M0a0r3k1e3t0101,,321,0,321,,,
"",,,,Bazar Mohalla,003130102,,244,0,244,,,
"",,,,Shaw Bala,003130104,,503,0,503,,,
"",,,,,,Total,1068,0,1068,2,0,2
16,"Govt. Girls Primary School No.2  Shawo(Female)",,,Bazar Mohalla,M0a0r3k1e3t0101,,0,243,243,,,
"",,,,Bazar Mohalla,003130102,,0,184,184,,,
"",,,,Shaw Bala,003130104,,0,361,361,,,
"",,,,,,Total,0,788,788,0,2,2
17,Govt.Girls High School   Bijligar (Combined),,,Bijlighar,003130105,,461,355,816,,,
"",,,,Chinnar Cham,003130106,,346,269,615,,,
"",,,,,,Total,807,624,1431,2,1,3
18,Govt.Girls Primary School No.1 Shaw,,,Shaw Payeen,003130103,,820,595,1415,,,
"",,,,,,Total,820,595,1415,2,1,3
19,"Govt.Primary School, Bekaray (Combined)",,,Bin/Bekaray,003130107,,277,148,425,,,
"",,,,Bekaray,003130108,,349,187,536,,,
"",,,,,,Total,626,335,961,1,1,2
20,"Govt.Degree , College, Dir (Combined)",,,College Colony,003130201,,392,244,636,,,
"",,,,Mataka,003130202,,355,236,591,,,
"",,,,,,Total,747,480,1227,2,1,3
21,Govt Primary School  Rehankot (Shagai),,,Kandawgay,003130203,,403,335,738,,,
"",,,,Kandawgay,003130210,,396,240,636,,,
"",,,,,,Total,799,575,1374,2,1,3
22,"Govt.Primary School  Rehankot No-1(Male)",,,Shalimar Stdiu,M00o3h1:30204,,256,0,256,,,
"",,,,Rehankot Paye,n003130205,,144,0,144,,,
"",,,,Rehankot Paye,n003130206,,708,0,708,,,
"",,,,,,Total,1108,0,1108,2,0,2
23,Govt. Girls Primary School Shagai (Female),,,Shalimar Stdiu,M00o3h1:30204,,0,184,184,,,
"",,,,Rehankot Paye,n003130205,,0,113,113,,,
"",,,,Rehankot Paye,n003130206,,0,518,518,,,
"",,,,,,Total,0,815,815,0,2,2
24,Govt.High School  Rehankot (Combined),,,Rehankot Bala,003130207,,1011,712,1723,,,
"",,,,,,Total,1011,712,1723,2,1,3
25,"Govt .Girls Primary School  Sori Pawo(Combined)",,,Mohallah Girls,Hig0h0i3 S1c3h0:208,,362,281,643,,,
"",,,,Anbar Cham,003130209,,321,237,558,,,
"",,,,,,Total,683,518,1201,2,1,3
26,"Govt.Primary School Seerai Kalsho(Combined)",,,Seerai Kalsho,003130301,,490,373,863,,,
"",,,,Kalsho,003130302,,368,288,656,,,
"",,,,,,,858,661,1519,2,1,3
27,Govt.Primary School  Siah Nagha (Male),,,Siah Nagha,003130303,,317,0,317,,,
"",,,,Kass Siah Nag,a 003130304,,727,0,727,,,
"",,,,,,Total,1044,0,1044,2,0,2
28,"GGPS, Siah Nagh (Female)",,,Siah Nagha,003130303,,0,214,214,,,
"",,,,Kass Siah Nag,a 003130304,,0,547,547,,,
"",,,,,,Total,0,761,761,0,2,2
29,Govt.Primary School  Kass No-2 (Male),,,Parawo Shah,003130306,,457,0,457,,,
"",,,,Parawo Shah,003130307,,554,0,554,,,
"",,,,,,Total,1011,0,1011,2,0,2
30,Govt.Primary School  Kass No-1 (Female),,,Parawo Shah,003130306,,0,337,337,,,
"",,,,Parawo Shah,003130307,,0,334,334,,,
"",,,,,,Total,0,671,671,0,1,1
31,"Govt.Centinial Model High School  DIR(Combined)",,,Mohallah Kass,003130305,,538,378,916,,,
"",,,,Koti Basto,003130401,,136,90,226,,,
"",,,,,,Total,674,468,1142,2,1,3
32,"Govt.Primary School  Rokhan Payeen(Male)",,,MirashPati,003130404,,198,0,198,,,
"",,,,Rokhan Payee,003130406,,473,0,473,,,
"",,,,,,Total,671,0,671,1,0,1
33,Govt.Primary School  Rokhan Bala (Male),,,Rokhan Bala,003130403,,375,0,375,,,
"",,,,Rokhan Bala,003130405,,311,0,311,,,
"",,,,,,Total,686,0,686,1,0,1
34,Gov.Middle School Rokhan (Female),,,Rokhan Bala,003130403,,0,205,205,,,
"",,,,Mirash Pati,003130404,,0,121,121,,,
"",,,,Rokhan Bala,003130405,,0,201,201,,,
"",,,,Rokhan Payee,003130406,,0,322,322,,,
"",,,,,,Total,0,849,849,0,2,2
35,"GPS, Kharawo (Combined)",,,Kharawo Paye,n/0B0a3la130402,,394,206,600,,,
"",,,,,,Total,394,206,600,1,1,2
36,"Govt.Primary School , Chukiatan  (Female)",Chukiatan,003020101,,,,0,466,466,,,
"",,Chukiatan,003020102,,,,0,262,262,,,
"",,Hichkalay,003020106,,,,0,224,224,,,
"",,,,,,Total,0,952,952,0,2,2
37,"GHS, Chukiatan (Male)",Chukiatan,003020101,,,,671,0,671,,,
"",,Chukiatan,003020102,,,,397,0,397,,,
"",,Hichkalay,003020106,,,,396,0,396,,,
"",,,,,,Total,1464,0,1464,3,0,3
38,"GPS, Azim Abad (Combined)",Ghundakay,003020205,,,,480,340,820,,,
"",,,,,,Total,480,340,820,1,1,2
39,Govt.Primary School Jabalook  (Combined),Jabalook,003020107,,,,265,181,446,,,
"",,Jabalook,003020108,,,,417,289,706,,,
"",,,,,,Total,682,470,1152,1,1,2
40,Govt.Primary School  Kotkay (Combined),Kochkal,003020103,,,,298,197,495,,,
"",,Kotkay,003020206,,,,541,332,873,,,
"",,,,,,Total,839,529,1368,2,1,3
41,Govt.Primary School   Aala(Combined),Aala,003020104,,,,617,408,1025,,,
"",,Aala,003020105,,,,191,101,292,,,
"",,,,,,Total,808,509,1317,2,1,3
42,Govt.Primary School  Badai  (Combined),Nangar Karaye,003020202,,,,428,256,684,,,
"",,Badai,003020203,,,,131,101,232,,,
"",,,,,,Total,559,357,916,1,1,2
43,Govt.Primary School  Girghat  (Combined),Girghat,003020204,,,,411,262,673,,,
"",,Raza Banda,003020301,,,,215,138,353,,,
"",,Kassono,003020302,,,,252,152,404,,,
"",,,,,,Total,878,552,1430,2,1,3
44,Govt.Girls Degree College Dir,Nawo,003020201,,,,425,284,709,,,
"",,Bandai Khowa,003020303,,,,178,124,302,,,
"",,Khando Kass,003020304,,,,252,172,424,,,
"",,,,,,Total,855,580,1435,2,1,3
45,"Govt. Middle School Hayagay Gharbi(Combined)",Hayagay Ghar,i003020401,,,,649,440,1089,,,
"",,Hayagay Ghar,i003020402,,,,110,59,169,,,
"",,Hayagay Ghar,i003020403,,,,177,86,263,,,
"",,,,,,Total,936,585,1521,2,1,3
46,"Govt.High School  Hayagay Sharqi(Combined)",Hayagay Sharq,003020404,,,,452,315,767,,,
"",,Hayagay Sharq,003020405,,,,215,132,347,,,
"",,,,,,Total,667,447,1114,2,1,3
47,Govt.High School  Ganori (Male),Taosao,003030305,,,,190,0,190,,,
"",,Ganori,003030501,,,,520,0,520,,,
"",,Ganori,003030502,,,,341,0,341,,,
"",,Joon Banda,003030503,,,,114,0,114,,,
"",,Pitawo,003030504,,,,42,0,42,,,
"",,Qula,003030505,,,,117,0,117,,,
"",,Damber Kola,003030506,,,,137,0,137,,,
"",,,,,,Total,1461,0,1461,3,0,3
48,"GGHS, Ganori (Female)",Taosao,003030305,,,,0,125,125,,,
"",,Ganori,003030501,,,,0,395,395,,,
"",,Ganori,003030502,,,,0,275,275,,,
"",,Joon Banda,003030503,,,,0,65,65,,,
"",,Pitawo,003030504,,,,0,24,24,,,
"",,Qula,003030505,,,,0,79,79,,,
"",,Damber Kola,003030506,,,,0,77,77,,,
"",,,,,,Total,0,1040,1040,0,2,2
49,Govt.Middle School  Soorbat (Combined),Soorbat Payee,003030303,,,,420,279,699,,,
"",,Moheen Band,003030404,,,,133,70,203,,,
"",,Khakhdar,003030405,,,,120,61,181,,,
"",,,,,,Total,673,410,1083,2,1,3
50,"GPS, Soorbat Bala (Combined)",Soorbat Bala,003030301,,,,572,367,939,,,
"",,Soorbat Bala,003030302,,,,269,122,391,,,
"",,,,,,Total,841,489,1330,2,1,3
51,Govt.Primary School  Abakand (Combined),Abakand,003030304,,,,429,290,719,,,
"",,,,,,Total,429,290,719,1,1,2
Speerkay,003030206,,,,61,0,61,,,,,
Hattan,003030306,,,,236,0,236,,,,,
Hattan,003030307,,,,536,0,536,,,,,
Landay Khowa,003030401,,,,184,0,184,,,,,
"",,Ayouray,003030402,,,,241,0,241,,,
"",,Karborai,003030403,,,,122,0,122,,,
"",,,,,,Total,1380,0,1380,3,0,3
53,"GPS, Hattan Bala (Female)",Speerkay,003030206,,,,0,26,26,,,
"",,Hattan,003030306,,,,0,135,135,,,
"",,Hattan,003030307,,,,0,280,280,,,
"",,Landay Khowa,003030401,,,,0,100,100,,,
"",,Ayouray,003030402,,,,0,143,143,,,
"",,Karborai,003030403,,,,0,55,55,,,
"",,,,,,Total,0,739,739,0,1,1
54,Govt.Primary School  Salamkot (Combined),Salamkot,003030204,,,,214,117,331,,,
"",,Salamkot,003030205,,,,478,284,762,,,
"",,,,,,Total,692,401,1093,1,1,2
55,"Govt.Primary School  Bagh Kalay(Combined)",Bagh Kalay Gh,rb0i 03030102,,,,664,426,1090,,,
"",,Bagh Kalay Sha,qi003030103,,,,343,207,550,,,
"",,,,,,Total,1007,633,1640,2,1,3
56,"GPS, Sarko (Combined)",Sarko,003030101,,,,402,264,666,,,
"",,Manrai,003030105,,,,128,76,204,,,
"",,,,,,Total,530,340,870,1,1,2
57,Govt.High School   Pacha Kalay (Combined),Pacha Kalay,003030201,,,,350,223,573,,,
"",,Asharay,003030202,,,,329,165,494,,,
"",,Soori Pawo,003030203,,,,237,117,354,,,
"",,,,,,Total,916,505,1421,2,1,3
58,"GPS, Dherai",Dherai,003030104,,,,500,323,823,,,
"",,,,,,Total,500,323,823,1,1,2
59,"Govt.Girls Primary School  Shamorghar(Combined)",Shamorghar,003040302,,,,493,244,737,,,
"",,Shmorghar,003040303,,,,368,166,534,,,
"",,,,,,Total,861,410,1271,2,1,3
60,"GMS, Sharmorghar (Combined)","TaloAlakol",003040301,,,,502,298,800,,,
"",,,003040304,,,,163,74,237,,,
"",,Anangoro,003040305,,,,71,40,111,,,
"",,Matakay,003040306,,,,116,93,209,,,
"",,Nalo,003040307,,,,84,36,120,,,
"",,,,,,Total,936,541,1477,2,1,3
61,"Govt.Primary School, Chandes (Combined)",Chandes,003040308,,,,172,73,245,,,
"",,Khanpur,003040309,,,,232,158,390,,,
"",,,,,,Total,404,231,635,1,1,2
62,Govt. Primary School Bibyawar (Combined),BibyawarMasji,C0h0a3m040101,,,,842,628,1470,,,
"",,,,,,Total,842,628,1470,2,1,3
63,Rural  Health Unit Bibyawar (Male),Bibyawar Fero,Kh0a0n3 0C4h0a1m02,,,,527,0,527,,,
"",,Bibyawar,003040103,,,,576,0,576,,,
"",,Bedar,003040203,,,,146,0,146,,,
"",,,,,,Total,1249,0,1249,2,0,2
64,"GHS, Bibyawar (Female)",Bibyawar Fero,Kh0a0n3 0C4h0a1m02,,,,0,356,356,,,
"",,Bibyawar,003040103,,,,0,405,405,,,
"",,Bedar,003040203,,,,0,87,87,,,
"",,,,,,Total,0,848,848,0,2,2
65,Govt.Primary School Unkar (Combined),Unkar,003040104,,,,854,523,1377,,,
"",,,,,,Total,854,523,1377,2,1,3
66,Govt.Primary School  Shaga (Combined),Khairabad,003040401,,,,81,50,131,,,
"",,Mian Banda,003040402,,,,652,418,1070,,,
"",,Shaga,003040403,,,,144,107,251,,,
"",,,,,,Total,877,575,1452,2,1,3
67,"GPS, Amlooknar (Combined)",Amlooknar,003040404,,,,609,403,1012,,,
"",,,,,,Total,609,403,1012,1,1,2
68,Govt.High School Kair (Combined),Kair,003040405,,,,327,197,524,,,
"",,Teerbat,003040501,,,,282,164,446,,,
"",,Surdam,003040505,,,,183,110,293,,,
"",,,,,,Total,792,471,1263,2,1,3
69,Govt.Primary School  Sailkass (Combined),Nalo,003040502,,,,115,92,207,,,
"",,Sailkass,003040503,,,,251,159,410,,,
"",,Ranzra,003040504,,,,291,165,456,,,
"",,,,,,Total,657,416,1073,1,1,2
70,Govt.Primary School  Serai (Male),Serai,003040201,,,,470,0,470,,,
"",,Loi Baba,003040202,,,,308,0,308,,,
"",,Charegan,003040204,,,,300,0,300,,,
"",,Mano Banda,003040205,,,,386,0,386,,,
"",,,,,,Total,1464,0,1464,3,0,3
71,"GGPS, Serai(Female)",Serai,003040201,,,,0,336,336,,,
"",,Loi Baba,003040202,,,,0,153,153,,,
"",,Charegan,003040204,,,,0,203,203,,,
"",,Mano Banda,003040205,,,,0,232,232,,,
"",,,,,,Total,0,924,924,0,2,2
72,Govt.High School  Darora (Combined),Kass Darora-1,003050401,,,,455,289,744,,,
"",,Kass Darora,003050402,,,,556,343,899,,,
"",,,,,,Total,1011,632,1643,2,1,3
73,"Govt: Primery School, Kot Kass (Combined)",Kotkass,003050406,,,,495,341,836,,,
"",,Narhand,003050407,,,,207,130,337,,,
"",,,,,,Total,702,471,1173,1,1,2
74,Govt.Primary School  Darora (Combined),Bazar Daroa,003050403,,,,358,224,582,,,
"",,Banda,003050409,,,,265,167,432,,,
"",,,,,,Total,623,391,1014,1,1,2
75,Govt.Girls Primary School  Darora,Daroa Kalay,003050404,,,,351,209,560,,,
"",,Daroa Kalay,003050405,,,,628,467,1095,,,
"",,,,,,Total,979,676,1655,2,1,3
76,Govt.Primary School Changal  (Combined),Shaldarai,003050301,,,,256,185,441,,,
"",,Mataka,003050304,,,,242,163,405,,,
"",,,,,,Total,498,348,846,1,1,2
77,Govt.Middle School  Changal (Combined),Changal,003050305,,,,213,156,369,,,
"",,Jabba,003050306,,,,197,155,352,,,
"",,,,,,Total,410,311,721,1,1,2
78,Govt.Primary School Sra Shah (Combined),Sra Shah,003050307,,,,421,291,712,,,
"",,Sharamkand,003050408,,,,186,117,303,,,
"",,,,,,Total,607,408,1015,1,1,2
79,"Govt: Girls Primery School Landi Shah Bala(Combined)",Landai Shah B,la 003050302,,,,784,545,1329,,,
"",,Landai Shah (P,003050303,,,,111,72,183,,,
"",,,,,,Total,895,617,1512,2,1,3
80,"GGPS, Kachkol Kass (Combined)",Gandigar Paye,n003050102,,,,504,307,811,,,
"",,Bagh,003050108,,,,144,107,251,,,
"",,,,,,Total,648,414,1062,1,1,2
81,"Govt.Girls Primary School  N0. 1 GandigarPayeen (Combined)",Gandigar Paye,n003050101,,,,402,291,693,,,
"",,Qala Gangdiga,003050106,,,,269,168,437,,,
"",,,,,,Total,671,459,1130,1,1,2
82,"Govt Higher Secondery School Gandigar(Male)",Gandigar Bala,003050103,,,,142,0,142,,,
"",,Gandigar Bala,003050104,,,,666,0,666,,,
"",,Gandigar Bala,003050105,,,,487,0,487,,,
"",,,,,,Total,1295,0,1295,3,0,3
83,"GGPS, Gandigar Bala(Female)",Gandigar Bala,003050103,,,,0,86,86,,,
"",,Gandigar Bala,003050104,,,,0,449,449,,,
"",,Gandigar Bala,003050105,,,,0,326,326,,,
"",,,,,,Total,0,861,861,0,1,1
84,"GGHSS, Khwdija Gandigar (Combined)",Dherai,003050107,,,,62,32,94,,,
"",,Khadija,003050109,,,,145,96,241,,,
"",,,,,,Total,207,128,335,1,1,2
85,Govt.High School Kattan (Combined),Kattan Payeen,003050201,,,,413,262,675,,,
"",,Kattan Payeen,003050203,,,,407,279,686,,,
"",,,,,,Total,820,541,1361,2,1,3
86,"Govt.Primary School  Kattan Payeen(Male)",Kattan Payeen,003050202,,,,721,0,721,,,
"",,Kattan Payeen,003050204,,,,299,0,299,,,
"",,,,,,Total,1020,0,1020,2,0,2
87,"GGPS, Kattan Payeen(Female)",Kattan Payeen,003050202,,,,0,519,519,,,
"",,Kattan Payeen,003050204,,,,0,213,213,,,
"",,,,,,Total,0,732,732,0,1,1
88,Govt.Girls Primary School  Chumra,Kattan Chumr,003050209,,,,278,155,433,,,
"",,,,,,Total,278,155,433,1,1,2
89,Govt.Primary School Satal (Combined),Satal,003050205,,,,238,143,381,,,
"",,Shagai,003050206,,,,100,62,162,,,
"",,Nawo Khowar,003050207,,,,116,48,164,,,
"",,Wardag Khow,r003050208,,,,57,30,87,,,
"",,Kass Kattan B,003050210,,,,35,28,63,,,
"",,,,,,Total,546,311,857,1,1,2
90,Govt.Primary School  Sundrawal,Sundrawal,003060502,,,,756,451,1207,,,
"",,,,,,Total,756,451,1207,2,1,3
Nangarai,003060503,,,,215,132,347,,,,,
Srapo,003060504,,,,219,151,370,,,,,
Tanai,003060505,,,,228,150,378,,,,,
"",,Bandai Kass,003060506,,,,166,86,252,,,
"",,,,,,Total,828,519,1347,2,1,3
92,"Govt.Girls Primary School , Nawra(Combined)",Sro Manzo,003060402,,,,124,88,212,,,
"",,Nawra,003060407,,,,294,213,507,,,
"",,Asar Mara,003060501,,,,72,40,112,,,
"",,,,,,Total,490,341,831,1,1,2
93,"Govt. Primary School , Tikerkot   (Male)",Shahkat,003060301,,,,55,0,55,,,
"",,Delakal Kass,003060302,,,,413,0,413,,,
"",,Mohabat Khw,r003060303,,,,121,0,121,,,
"",,Tikerkot,003060304,,,,501,0,501,,,
"",,Shahi Zoor Ma,di003060401,,,,239,0,239,,,
"",,,,,,Total,1329,0,1329,2,0,2
94,"GGPS, Tikerkot(Female)",Shahkat,003060301,,,,0,30,30,,,
"",,Delakal Kass,003060302,,,,0,271,271,,,
"",,Mohabat Khw,r003060303,,,,0,80,80,,,
"",,Tikerkot,003060304,,,,0,339,339,,,
"",,Shahi Zoor Ma,di003060401,,,,0,156,156,,,
"",,,,,,Total,0,876,876,0,1,1
95,"Govt.Primary School,Chaptrara (Female)",Chapatrara,003060408,,,,0,199,199,,,
"",,Chapatrara,003060409,,,,0,305,305,,,
"",,,,,,Total,0,504,504,1,1,2
96,"Govt.Primary School,Tanga (Male)",Chapatrara,003060408,,,,298,0,298,,,
"",,Chapatrara,003060409,,,,476,0,476,,,
"",,,,,,Total,774,0,774,1,1,2
97,"Govt. Primary School, Lilban (Combined)",Lilban,003070302,,,,354,200,554,,,
"",,,,,,Total,354,200,554,1,1,2
98,Govt Middle  School Dir Khan  (Combined),Dir Khan,003060403,,,,159,103,262,,,
"",,Jakrai,003060404,,,,146,93,239,,,
"",,Zoor Mandi,003060405,,,,288,182,470,,,
"",,Zoor Mandi,003060406,,,,117,60,177,,,
"",,,,,,Total,710,438,1148,1,1,2
99,"Govt.Primary School , Barawal-I (Male)",,,Bandi  Payeen,003060101,,465,0,465,,,
"",,,,Bandi Payeen,003060102,,516,0,516,,,
"",,,,,,Total,981,0,981,2,0,2
100,"Govt.Girls High School Bandi Payeen (BabaSb Cham)  (Female)",,,Bandi  Payeen,003060101,,0,355,355,,,
"",,,,Bandi Payeen,003060102,,0,379,379,,,
"",,,,,,,0,734,734,0,1,1
101,"Govt.Primary School , Barawal No.3 (Male)",,,Bandi Bala,003060103,,746,0,746,,,
"",,,,Mashango Kas,003060104,,476,0,476,,,
"",,,,Poli Baba,003060105,,563,0,563,,,
"",,,,,,Total,1785,0,1785,2,0,2
102,"Govt.Girls Primary School BandiPayeen(Ghuzano cham) (Female)",,,Bandi Bala,003060103,,0,529,529,,,
"",,,,Mashango Kas,003060104,,0,320,320,,,
"",,,,Poli Baba,003060105,,0,363,363,,,
"",,,,,,Total,0,1212,1212,0,2,2
103,"Govt.Primary School , Maidan Khwar(Combined)",Gulo Dherai,003060106,,,,58,41,99,,,
"",,Marano,003060201,,,,191,145,336,,,
"",,Topi,003060202,,,,109,79,188,,,
"",,Maidan Khwar,003060203,,,,448,318,766,,,
"",,,,,,Total,806,583,1389,2,1,3
104,"GPS, Chinda Kot (Combined)",Kalpani,003060204,,,,289,143,432,,,
"",,Chinda Kot,003060205,,,,480,351,831,,,
"",,,,,,Total,769,494,1263,1,1,2
105,"Govt.Primary School, Ghurijo  (Combined)",Satara,003070401,,,,248,173,421,,,
"",,Ghurijo,003070402,,,,398,260,658,,,
"",,Dhakai Khwar,003070403,,,,99,59,158,,,
"",,Dando Khwar,003070405,,,,124,83,207,,,
"",,,,,,Total,869,575,1444,2,1,3
106,"Govt.Higher Secondery School , Barawal(Combined)",Lapakay,003070502,,,,307,198,505,,,
"",,Balokar,003070503,,,,119,87,206,,,
"",,Darikand,003070506,,,,235,176,411,,,
"",,,,,,Total,661,461,1122,1,1,2
107,"Govt.Girls Primary School , Bandagai(Male)",Guli Bagh,003070404,,,,104,0,104,,,
"",,Hido,003070406,,,,597,0,597,,,
"",,Bandagai Paye,n003070504,,,,294,0,294,,,
"",,Bandagai Bala,003070505,,,,182,0,182,,,
"",,,,,,Total,1177,0,1177,2,0,2
108,"GMS, Bandagai (Female)",Guli Bagh,003070404,,,,0,77,77,,,
"",,Hido,003070406,,,,0,418,418,,,
"",,Bandagai Paye,n003070504,,,,0,208,208,,,
"",,Bandagai Bala,003070505,,,,0,134,134,,,
"",,,,,,Total,0,837,837,0,1,1
109,"Govt.High School, Shingara Bala(Combined)",Karborai,003070102,,,,226,124,350,,,
"",,Mamosai Kass,003070103,,,,144,97,241,,,
"",,Giro,003070301,,,,173,119,292,,,
"",,Shingara Bala,003070303,,,,227,153,380,,,
"",,Shingara Paye,n 003070304,,,,181,106,287,,,
"",,,,,,Total,951,599,1550,2,1,3
110,"Govt.Girls Primary School, Kharkanai(Combined)",Sokai Bala,003070104,,,,109,75,184,,,
"",,Makhai,003070106,,,,205,111,316,,,
"",,Kharkanai,003070305,,,,242,141,383,,,
"",,Sokai Payeen,003070501,,,,314,203,517,,,
"",,,,,,Total,870,530,1400,2,1,3
111,"Govt.Primary School , Bela Chand  Payeen(Combined)",Belachand Bal,003070204,,,,333,181,514,,,
"",,Belachand  Pa,ee0n03070205,,,,430,238,668,,,
"",,Katoro,003070206,,,,91,53,144,,,
"",,,,,,Total,854,472,1326,2,1,3
112,"GPS, Gul Bahar (Combined)",Naw,003070202,,,,133,49,182,,,
"",,Gujaro Kalay/,ul 0B0a3h0a7r0203,,,,687,326,1013,,,
"",,,,,,Total,820,375,1195,2,1,3
113,"GPS, Kass Shingara(Combined)",Shingargal,003070101,,,,157,87,244,,,
"",,Kass,003070201,,,,344,193,537,,,
"",,,,,,Total,501,280,781,1,1,2
114,"Govt.High School , Bin Bala  (Combined)",Gintool,003080202,,,,340,207,547,,,
"",,Muhabbat Kot,003080403,,,,193,129,322,,,
"",,Bin Bala,003080404,,,,445,250,695,,,
"",,,,,,Total,978,586,1564,2,1,3
115,"Govt.Primary School, Noor Khel",Noor Khel Bala,003080401,,,,531,300,831,,,
"",,Noor Khel Pay,en003080402,,,,400,255,655,,,
"",,,,,,Total,931,555,1486,2,1,3
116,"GPS,Makhamay (Combined)",Jaba Bala,003080301,,,,246,106,352,,,
"",,Jaba Payeen,003080302,,,,81,46,127,,,
"",,Chuncher,003080303,,,,106,48,154,,,
"",,Makhamay,003080304,,,,278,181,459,,,
"",,,,,,Total,711,381,1092,1,1,2
117,"Basic Health Unit, Bin Payeen  (Male)",Krapa,003080201,,,,172,0,172,,,
"",,Bando Khwar,003080203,,,,102,0,102,,,
"",,Dokay,003080204,,,,69,0,69,,,
"",,Bin Payeen,003080405,,,,586,0,586,,,
"",,Bin Payeen,003080406,,,,554,0,554,,,
"",,,,,,Total,1483,0,1483,2,0,2
118,"GPS, Bin Payeen (Female)",Krapa,003080201,,,,0,108,108,,,
"",,Bando Khwar,003080203,,,,0,97,97,,,
"",,Dokay,003080204,,,,0,60,60,,,
"",,Bin Payeen,003080405,,,,0,374,374,,,
"",,Bin Payeen,003080406,,,,0,369,369,,,
"",,,,,,Total,0,1008,1008,0,2,2
119,Govt. Primary School No.2 Jan Batthi,Bin Khwar,003070105,,,,154,109,263,,,
"",,Sogyar,003070602,,,,126,84,210,,,
"",,Jan Batthi,003070603,,,,384,238,622,,,
"",,,,,,Total,664,431,1095,1,1,2
120,"Govt.Primary School, Ziarano  Bala (Male)",Piriona Gat,003070601,,,,91,0,91,,,
"",,Shekhogai,003070604,,,,229,0,229,,,
"",,Ziarano Payee,003070605,,,,204,0,204,,,
"",,Ziarano Bala,003070606,,,,431,0,431,,,
"",,Gudar,003070607,,,,130,0,130,,,
"",,,,,,Total,1085,0,1085,2,0,2
121,"GGPS, Ziarano Bala (Female)s",Piriona Gat,003070601,,,,0,58,58,,,
"",,Shekhogai,003070604,,,,0,156,156,,,
"",,Ziarano Payee,003070605,,,,0,139,139,,,
"",,Ziarano Bala,003070606,,,,0,295,295,,,
"",,Gudar,003070607,,,,0,66,66,,,
"",,,,,,Total,0,714,714,0,1,1
122,"Govt.Middle School, Nasrat  (Male)",Nasrat,003080101,,,,409,0,409,,,
"",Kharaw,003080102,,,,509,0,509,,,,
"",Sroo Kalay,003080103,,,,438,0,438,,,,
"",,,,,,Total,1356,0,1356,2,0,2
123,"GGPS, Nasrat (Female)",Nasrat,003080101,,,,0,226,226,,,
"",,Kharaw,003080102,,,,0,281,281,,,
"",,Sroo Kalay,003080103,,,,0,285,285,,,
"",,,,,,Total,0,792,792,0,1,1
124,"Govt.Primary School, Batoor (Combined)",Batoor,003080105,,,,298,155,453,,,
"",,Tango,003080106,,,,461,278,739,,,
"",,,,,,Total,759,433,1192,1,1,2
125,Govt.GirlsPrimary School  Shahikot,Shahikot,003080107,,,,607,375,982,,,
"",,,,,,Total,607,375,982,1,1,2
126,"GGPS, Dogal (Combined)",Dogal,003070608,,,,394,268,662,,,
"",,Shatez,003080104,,,,295,229,524,,,
"",,,,,,Total,689,497,1186,1,1,2
127,"Govt.Primary School, Elo Kass (Combined)",Nakamai,003080501,,,,542,311,853,,,
"",,Elo Kass,003080502,,,,313,144,457,,,
"",,,,,,Total,855,455,1310,2,1,3
128,"Govt.Middle School, Shaltalo(Combined)",Shaltalo,003080503,,,,278,171,449,,,
"",,Zulikha,003080504,,,,179,114,293,,,
"",,Gat Koto,003080507,,,,164,104,268,,,
"",,Maro,003080508,,,,234,125,359,,,
"",,,,,,Total,855,514,1369,2,1,3
129,"Govt.Primery School , Sonai (Combined)",Sonai,003080505,,,,923,471,1394,,,
"",,Khara,003080506,,,,203,161,364,,,
"",,,,,,Total,1126,632,1758,2,1,3
