1,Govt Higher Secondary School Khall (Combined),Gharib Abad,005070601,,,,451,322,773,2,2,4
"",,Gharib Abad,005070602,,,,521,326,847,,,
"",,,,,,,972,648,1620,,,
2,Govt Primary  School Mansoorabad(Combined),Abo Bakray,005070603,,,,1,1,2,2,1,3
"",,Mansoor Abad,005070701,,,,399,277,676,,,
"",,Khall Colony,005070505,,,,161,92,253,,,
"",,Pitaw Colony No-1,005070707,,,,43,21,64,,,
"",,Pitaw Colony No-2,005070708,,,,62,37,99,,,
"",,,,,,,666,428,1094,,,
3,Govt Primary School Namseer (Combined),Namseer,005070502,,,,708,451,1159,2,2,4
"",,,,,,,708,451,1159,,,
4,"GMS, Namseer",Said Abad,005070604,,,,233,145,378,2,1,3
"",,Banda Payeen,005070703,,,,95,62,157,,,
"",,Banda Bala,005070704,,,,231,98,329,,,
"",,Natarai,005070705,,,,25,18,43,,,
"",,,,,,,584,323,907,,,
5,"Govt: Girls Primery School Khall Kandaro/ZoorMandi (Combined)",Zoor Mandi,005070201,,,,611,417,1028,2,2,4
"",,Khall Mandai,005070501,,,,144,94,238,,,
"",,Khall Nimako,005070504,,,,169,113,282,,,
"",,,,,,,924,624,1548,,,
6,Govt Primary School Mera Khall (Combined),Sacha,005070101,,,,365,222,587,2,2,4
"",,Shahidano Kass,005070102,,,,16,6,22,,,
"",,Mera,005070103,,,,52,18,70,,,
"",,Billa,005070104,,,,367,260,627,,,
"",,Kasai,005070105,,,,48,21,69,,,
"",,,,,,,848,527,1375,,,
7,Govt Primary School No.3 Koz Kalay Khall(Male),Koz Kalay,005070202,,,,602,0,602,4,0,4
"",,Koz Kalay,005070203,,,,403,0,403,,,
"",,Makar Dam,005070303,,,,106,0,106,,,
"",,,,,,,1111,0,1111,,,
8,"GGPS, Khall Payeen (Female)",Koz Kalay,005070202,,,,0,449,449,0,2,2
"",,Koz Kalay,005070203,,,,0,253,253,,,
"",,Makar Dam,005070303,,,,0,40,40,,,
"",,,,,,,0,742,742,,,
9,Govt: Middle School  Bar Kalay Khall (Male),Bar Kalay,005070401,,,,525,0,525,2,2,2
"",Bar Kalay,005070404,,,,347,0,347,,,,
"",,,,,,872,0,872,,,,
"",Bar Kalay-,005070402,,,,622,0,622,,,,
10,Bar Kalay-,005070403,,,,751,0,751,,,,
"",,,,,,,1373,0,1373,,,
11,Govt: Primary School No.4  Bar Kalay Khall (Female),Bar Kalay,005070401,,,,0,279,279,0,4,4
"",,Bar Kalay-,005070402,,,,0,382,382,,,
"",,Bar Kalay,005070403,,,,0,544,544,,,
"",,Bar Kalay,005070404,,,,0,229,229,,,
"",,,,,,,0,1434,1434,,,
12,Govt: Girls Middle School Shalfalam (Combined),Shalfalam,005060101,,,,576,322,898,2,2,4
"",,Adi,005060103,,,,187,87,274,,,
"",,Jabagai,005060201,,,,87,48,135,,,
"",,Ghurmatak,005060303,,,,56,36,92,,,
"",,Shatong,005070405,,,,5,3,8,,,
"",,,,,,,911,496,1407,,,
13,Govt: High School Khall Kandaro (M),Kandaro Koto,005070204,,,,35,0,35,3,0,3
"",,Khall Kandaro,005070301,,,,579,0,579,,,
"",,Khall Kandaro,005070302,,,,284,0,284,,,
"",,Gul Bahar Colony,005070304,,,,299,0,299,,,
"",,Khwar Koto,005070305,,,,82,0,82,,,
"",,Kandaro khall,005070503,,,,0,0,0,,,
"",,,,,,,1279,0,1279,,,
"",,,,,,,,,,0,2,2
14,Govt: Girls High School Khall (F),Kandaro Koto,005070204,,,,0,37,37,,,
"",,Khall Kandaro,005070301,,,,0,391,391,,,
"",,Khall Kandaro,005070302,,,,0,169,169,,,
"",,Gul Bahar Colony,005070304,,,,0,170,170,,,
"",,Khwar Koto,005070305,,,,0,58,58,,,
"",,Kandaro khall,005070503,,,,0,0,0,,,
"",,,,,,,0,825,825,,,
"",,,,,,,,,,2,2,4
15,Govt: High School Shalkani Payeen  (Combined),Mano,005060202,,,,122,77,199,,,
"",,Khrarai,005060203,,,,121,70,191,,,
"",,Shalkanai-P,005060204,,,,456,250,706,,,
"",,Shalkanai-B,005060205,,,,188,95,283,,,
"",,,,,,,887,492,1379,,,
16,Govt: High School Luqman Banda (Combined),Aziz Abad,005060405,,,,222,180,402,2,2,4
"",,Luqman Banda,005060501,,,,500,374,874,,,
"",,,,,,,722,554,1276,,,
17,"GPS, Luqman Banda",Maskanai,005060502,,,,199,166,365,2,2,4
"",,Shahab,005060603,,,,222,111,333,,,
"",,Khushal Kot,005060605,,,,115,60,175,,,
"",,Walai Band,005060706,,,,209,126,335,,,
"",,,,,,,745,463,1208,,,
18,Govt: Primary School Dawab,Dawab,005060302,,,,326,171,497,1,1,2
"",,Charam Aab,005060304,,,,168,58,226,,,
"",,,,,,,494,229,723,,,
19,"GPS, Safaray",Safaray,005060701,,,,186,93,279,2,1,3
"",,Nazim Patay,005060702,,,,68,32,100,,,
"",,Ado,005060703,,,,271,124,395,,,
"",,Mula Nala,005060704,,,,107,55,162,,,
"",,,,,,,632,304,936,,,
20,Govt: Primary School Lalo Payeen (Combined),Lalo Payeen,005060301,,,,271,187,458,2,1,3
Kandaw,005060305,,,,263,142,405,,,,,
"",,,,,534,329,863,,,,,
21,Govt: Primary School Adokai (Combined),Adokai,005060401,,,,313,216,529,2,1,3
"",,Kharikot,005060402,,,,76,38,114,,,
"",,Jaa Dherai,005060403,,,,108,71,179,,,
"",,lalo Bala,005060404,,,,185,124,309,,,
"",,,,,,,682,449,1131,,,
22,"GPS, Galkore",Galkore,005060503,,,,408,241,649,2,1,3
"",,Kohey,005060504,,,,120,63,183,,,
"",,Tamblo,005060604,,,,190,86,276,,,
"",,,,,,,718,390,1108,,,
23,Govt: Primary School Kamar Tall (Combined),Kamar Tall,005060601,,,,679,414,1093,1,1,2
"",,,,,,,679,414,1093,,,
24,"GMS, Kamal Khel Tall",Kamal Khel Tall,005060602,,,,655,328,983,2,1,3
"",,Shen Kat,005060705,,,,200,154,354,,,
"",,,,,,,855,482,1337,,,
25,Govt: Primary School  Gawnai Bala(Combined),Jograi/Hasinay,005080202,,,,299,121,420,2,1,3
"",,Pitaw Gawnai,005080203,,,,554,313,867,,,
"",,Shaw,005080603,,,,87,36,123,,,
"",,Quanjai,005080604,,,,134,56,190,,,
"",,,,,,,1074,526,1600,,,
26,Govt: Primary School  Guma Gat(Combined),Sero Kandaw,005080304,,,,134,50,184,1,1,2
"",,Khershano Banda,005080311,,,,6,2,8,,,
"",,Guma Gat,005080706,,,,236,103,339,,,
"",,,,,,,376,155,531,,,
27,Govt: High School Shekawli  (Combined),Shekolai,005080602,,,,473,257,730,1,1,2
"",,Kaskai Dab,005080701,,,,81,38,119,,,
"",,,,,,,554,295,849,,,
28,Govt: Primary School Walo Tangai(Combined),Shadogano Banda,005080206,,,,7,1,8,2,1,3
"",,Kaper Kot,005080211,,,,18,5,23,,,
"",,Tango Kandaw,005080301,,,,400,231,631,,,
"",,Walo Tangai,005080305,,,,216,133,349,,,
"",,Loya Banda,005080309,,,,23,4,27,,,
"",,Khanko Banda,005080310,,,,5,1,6,,,
"",,Shahtot,005080707,,,,133,63,196,,,
"",,,,,,,802,438,1240,,,
29,Govt: Primary School Dolai Kandaw(Combined),Dolai Kandaw,005080201,,,,451,238,689,1,1,2
"",,Billa Bala,005080303,,,,84,43,127,,,
"",,Billa Payeen,005080312,,,,52,34,86,,,
"",,,,,,,587,315,902,,,
30,Govt: Primary School Watetai(Combined),Watitai,005080105,,,,171,97,268,1,1,2
"",,Asharay Manzai,005080107,,,,51,26,77,,,
"",,Ster Jaba,005080108,,,,58,35,93,,,
"",,Hedarai,005080204,,,,206,80,286,,,
"",,Bagh Bala,005080208,,,,0,0,0,,,
"",,,,,,,486,238,724,,,
31,Govt: Middle School Seer (Combined),Seer,005080104,,,,690,445,1135,2,1,3
Pateh Manzai,005080106,,,,39,9,48,,,,,
Lakai Adai,005080111,,,,30,17,47,,,,,
Bagh,005080205,,,,107,39,146,,,,,
Ghlo Awarai,005080308,,,,10,3,13,,,,,
Bar Patai,005080506,,,,67,15,82,,,,,
Banrgay,005080507,,,,1,1,2,,,,,
Markhano,005080606,,,,127,49,176,,,,,
"",,,,,1071,578,1649,,,,,
32,Govt: High School Toormang(Combined),Toormang,005080101,,,,483,283,766,2,1,3
"",,Toormang,005080103,,,,167,59,226,,,
33,"GPS, Toormang-I",,,,,,650,342,992,,,
"",,Toormang,005080102,,,,827,522,1349,2,1,3
"",,,,,,,827,522,1349,,,
34,Govt: Primary School Malikabad (Combined),Malikabad,005060102,,,,248,120,368,1,1,2
"",,Golono Kass,005060104,,,,98,50,148,,,
"",,,,,,,346,170,516,,,
35,Govt: Primary School Sia Gawni (Combined),Danda,005080110,,,,15,5,20,2,1,3
"",,Khatako Patai,005080207,,,,34,15,49,,,
"",,Taklim Kandaw,005080306,,,,57,25,82,,,
"",,Mula Rasool Patai,005080408,,,,69,34,103,,,
"",,Akhtar Gat,005080508,,,,16,5,21,,,
"",,Kaskai Kandaw,005080601,,,,29,19,48,,,
"",,Siah Gawni,005080605,,,,329,191,520,,,
"",,Mula Hussain,005080702,,,,101,38,139,,,
"",,Khwar Kaskai,005080705,,,,108,66,174,,,
"",,,,,,,758,398,1156,,,
36,Govt: Primary School Mango (Combined),Mango,005080704,,,,502,335,837,1,1,2
"",,,,,,,502,335,837,,,
37,Govt: Primary School  Ali Mast(Combined),Painda Banda,005080109,,,,57,27,84,2,1,3
"",,Mano Patai,005080209,,,,26,8,34,,,
"",,Qalagai,005080302,,,,71,43,114,,,
"",,Dherangai,005080401,,,,122,61,183,,,
"",,Shkanra Patai,005080406,,,,30,14,44,,,
"",,Barkanai,005080409,,,,0,0,0,,,
"",,Ali Mast,005080501,,,,121,58,179,,,
"",,Ashiq Banda,005080502,,,,80,49,129,,,
"",,Goz Patai,005080503,,,,106,51,157,,,
"",,Kandowna,005080607,,,,87,59,146,,,
"",,,,,,,700,370,1070,,,
38,Govt: Primary School  Dargai(Combined),Wara Dargai,005080307,,,,30,13,43,1,1,2
"",,Dargai,005080703,,,,348,157,505,,,
"",,,,,,,378,170,548,,,
39,Govt: Primary School  Shaheed Abad(Combined),Khadang,005070702,,,,68,37,105,2,1,3
"",,Kombazara,005070706,,,,106,47,153,,,
"",,Mula Patay,005080404,,,,93,50,143,,,
"",,Kotigam,005080405,,,,104,48,152,,,
"",,Shaheed Abad,005080504,,,,172,84,256,,,
"",,Qazi Abad,005080505,,,,361,186,547,,,
"",,,,,,,904,452,1356,,,
40,Govt: Primary School  Raza Gram(Combined),Khado Shah,005080210,,,,56,26,82,1,1,2
"",,Raza Gram,005080402,,,,369,221,590,,,
"",,Raza Gram,005080403,,,,191,82,273,,,
"",,Saperay,005080407,,,,7,6,13,,,
"",,,,,,,Total,623,335,,,
41,GGMS Asigi (T)**,Pitao Dubera,5090406,,,,262,176,438,2,2,4
"",,Banjo Dara,5090701,,,,167,108,275,,,
"",,Asilo,5090702,,,,280,201,481,,,
"",,Ondisa,5090705,,,,68,47,115,,,
"",,Kharkai,5090706,,,,85,36,121,,,
"",,,,,,,862,568,1430,,,
"",,,,,,,,,,,,
42,BHU Asigy Dara(T)**,Asigai,5090102,,,,512,368,880,2,2,4
"",,Charge,5090105,,,,235,169,404,,,
"",,Ghozano Banda,5090803,,,,220,115,335,,,
"",,,,,,,967,652,1619,,,
"",,,,,,,,,,,,
43,"GMS, Asigi Dara(T)**",Tango Manez,5090101,,,,113,80,193,3,1,4
"",,Khwaro Awarai,5090106,,,,49,32,81,,,
"",,Tango Bagh,5090404,,,,50,33,83,,,
"",,Tarnaow,5090405,,,,139,75,214,,,
"",,Khangai Patai,5090602,,,,137,94,231,,,
"",,Dobera Sorai,5090703,,,,168,136,304,,,
"",,Bado Patai,5090704,,,,154,103,257,,,
"",,,,,,,810,553,1363,,,
"",,,,,,,,,,,,
44,"GPS, Balo Dara (T)**",Dogai,5090601,,,,389,272,661,3,1,4
"",,Markhanai No-2,5090603,,,,62,39,101,,,
"",,Balo,5090604,,,,151,93,244,,,
"",,Ghwargo,5090605,,,,173,112,285,,,
"",,Barghwalay,5090606,,,,77,39,116,,,
"",,,,,,,852,555,1407,,,
"",,,,,,,,,,,,
45,GPS Danda (T)**,Bakana,5090502,,,,169,116,285,2,1,3
"",,Danda,5090503,,,,312,206,518,,,
"",,Ghwago,5090504,,,,194,120,314,,,
"",,,,,,,675,442,1117,,,
"",,,,,,,,,,,,
46,GPS Gangla (T)**,Jogai Banda,5090104,,,,143,94,237,2,1,3
"",,Spenakhora,5090206,,,,96,81,177,,,
"",,alihgram Paye,5090501,,,,167,104,271,,,
"",,Gadano Banda,5090804,,,,157,89,246,,,
"",,,,,,,563,368,931,,,
47,"GGPS, Ganjla",Ganjla,5090801,,,,493,327,820,2,1,3
"",,Ogo Shah,5090802,,,,92,61,153,,,
"",,,,,,,585,388,973,,,
"",,,,,,,,,,,,
48,"GPS, Sial Koto Rabbat ( T)**",Salehgram Bala,5090103,,,,86,67,153,2,1,3
"",,Watona,5090305,,,,54,38,92,,,
"",,Siyal Koto,5090306,,,,58,46,104,,,
"",,Dolo Kando,5090401,,,,35,20,55,,,
"",,Babakray,5090402,,,,162,114,276,,,
"",,Shahtoot,5090403,,,,44,21,65,,,
"",,,,,,,439,306,745,,,
"",,,,,,,,,,,,
49,"GGHS, Rabat (T)**",Nawagai Bala,5090203,,,,432,0,432,4,0,4
"",,Nawagai Payeen,5090204,,,,702,0,702,,,
"",,,,,,,1134,0,1134,,,
"",,,,,,,,,,,,
50,"GGPS, Rabat (T**)",Nawagai Bala,5090203,,,,0,258,258,0,2,2
"",,Nawagai Payeen,5090204,,,,0,442,442,,,
"",,,,,,,0,700,700,,,
"",,,,,,,,,,,,
51,"GHSS, Rabat (P)*",Kotkai Rabat,5090201,,,,700,499,1199,3,1,4
Rabat Qila,5090202,,,,224,193,417,,,,,
"",,,,,,,924,692,1616,,,
"",,,,,,,,,,,,
52,"GPS,  Rabat (T)**",aber Shah Koro,a5090205,,,,384,243,627,2,1,3
"",,Asigai Teer,5090805,,,,262,170,432,,,
"",,,,,,,646,413,1059,,,
"",,,,,,,,,,,,
53,"GGPS, Saber Shah Korona (T**)",Shagai Rabat,5090806,,,,509,333,842,2,1,3
"",,,,,,,509,333,842,,,
"",,,,,,,,,,,,
54,"GPS, Mandish (T)**",Mandish,5090301,,,,526,314,840,3,1,4
"",,Mandish,5090302,,,,435,282,717,,,
"",,,,,,,961,596,1557,,,
"",,,,,,,,,,,,
55,GPS Malai(T)**,Maningai,5090107,,,,2,1,3,2,1,3
"",,Malai,5090303,,,,577,313,890,,,
"",,Markhanai No.1,5090304,,,,192,101,293,,,
"",,,,,,,771,415,1186,,,
"",,,,,,,,,,,,
56,"GPS, Manogai (T)**",Gul Dherai,5100101,,,,105,89,194,2,1,3
"",,Manogai,5100305,,,,126,94,220,,,
"",,Mano Khwar,5100406,,,,200,132,332,,,
"",,Manogai,5100407,,,,378,251,629,,,
"",,Manogai,5100408,,,,150,99,249,,,
"",,,,,,,959,665,1624,,,
"",,,,,,,,,,,,
57,"GMS, Andherai (T)**",Qazai Abad,5100102,,,,99,0,99,3,0,3
"",,Peshay,5100303,,,,306,0,306,,,
"",,Chaman Abad,5100306,,,,130,0,130,,,
"",,Andherai,5100401,,,,316,0,316,,,
"",,Andherai,5100402,,,,517,0,517,,,
"",,,,,,,1368,0,1368,,,
"",,,,,,,,,,,,
58,"GGPS, Andherai (T)**",Qazai Abad,5100102,,,,0,70,70,0,2,2
"",,Peshay,5100303,,,,0,182,182,,,
"",,Chaman Abad,5100306,,,,0,59,59,,,
"",,Andherai,5100401,,,,0,204,204,,,
"",,Andherai,5100402,,,,0,367,367,,,
"",,,,,,,0,882,882,,,
"",,,,,,,,,,,,
59,"GPS, No.2 Haji Abad (T)**",Main Banda,5100301,,,,56,0,56,4,0,4
"",,nangoro Khwa,5100302,,,,139,0,139,,,
"",,Banda,5100304,,,,96,0,96,,,
"",,Haji Abad No.2,5100403,,,,542,0,542,,,
"",,Haji Abad No.2,5100405,,,,433,0,433,,,
"",,,,,,,1266,0,1266,,,
"",,,,,,,,,,,,
60,"GGPS, Haji Abad (T**)",Main Banda,5100301,,,,0,35,35,0,2,2
"",,nangoro Khwa,5100302,,,,0,88,88,,,
"",,Banda,5100304,,,,0,60,60,,,
"",,Haji Abad No.2,5100403,,,,0,307,307,,,
"",,Haji Abad No.2,5100405,,,,0,260,260,,,
"",,,,,,,0,750,750,,,
"",,,,,,,,,,,,
"",,,,,,,,,,,,
61,"GPS, Dood Khana (T)**",Dood Khana,5110101,,,,443,292,735,2,1,3
"",,Tokrai Bala,5110102,,,,377,206,583,,,
"",,Tokrai Payeen,5110103,,,,194,124,318,,,
"",,,,,,,1014,622,1636,,,
"",,,,,,,,,,,,
62,"GPS, Watangai Payeen (P)*",Watangai Bala,5110104,,,,402,155,557,2,1,3
"",,atangai Payee,5110105,,,,546,340,886,,,
"",,,,,,,948,495,1443,,,
"",,,,,,,,,,,,
63,"GPS, Baroon (T)*",Baroon No.1,5110106,,,,55,31,86,2,1,3
"",,Baroon No.1,5110107,,,,624,364,988,,,
"",,,,,,,679,395,1074,,,
"",,,,,,,,,,,,
64,"GGPS, Baroon",Brroon No1,5110108,,,,315,180,495,2,1,3
"",,Pandi Kass,5110109,,,,80,57,137,,,
"",,Baroon No.2,5110110,,,,208,130,338,,,
"",,,,,,,603,367,970,,,
"",,,,,,,,,,,,
65,"GPS, Sar Banda (T)**",Sarbanda,5110201,,,,278,170,448,2,1,3
"",,Sarbanda,5110202,,,,513,322,835,,,
"",,,,,,,791,492,1283,,,
"",,,,,,,,,,,,
66,"GHS, Minz Banda (T)**",Minz Banda,5110203,,,,507,317,824,2,1,3
"",,Awliya Banda,5110204,,,,191,111,302,,,
"",,,,,,,698,428,1126,,,
"",,,,,,,,,,,,
67,GPS Bandagai,Bandagai,5110205,,,,380,238,618,2,1,3
"",,Damamo,5110206,,,,232,132,364,,,
"",,,,,,,612,370,982,,,
"",,,,,,,,,,,,
68,"GHS, Munjai (P)*",Munjai No.1,5110207,,,,293,0,293,3,0,3
"",,Munjai No.1,5110208,,,,637,0,637,,,
"",,Munjai No.1,5110209,,,,486,0,486,,,
"",,Munjai No.1,5110210,,,,205,0,205,,,
"",,Barghwlai,5110211,,,,26,0,26,,,
"",,Munjai No.2,5110212,,,,14,0,14,,,
"",,,,,,,1661,0,1661,,,
"",,,,,,,,,,,,
"",,,,,,,,,,,,
69,"GGHS, Munjai (T)**",Munjai No.1,5110207,,,,0,233,233,0,2,2
"",,Munjai No.1,5110208,,,,0,474,474,,,
"",,Munjai No.1,5110209,,,,0,338,338,,,
"",,Munjai No.1,5110210,,,,0,111,111,,,
"",,Barghwlai,5110211,,,,0,21,21,,,
"",,Munjai No.2,5110212,,,,0,9,9,,,
"",,,,,,,0,1186,1186,,,
"",,,,,,,,,,,,
70,"GHS, Rani (P)*",Gero Khwar,5110301,,,,69,41,110,2,1,3
"",,Rani,5110302,,,,501,368,869,,,
"",,,,,,,570,409,979,,,
"",,,,,,,,,,,,
"",Ziarat Kili,5110304,,,,261,158,419,,,,
71,Kakorai,5110306,,,,375,281,656,,,,
"",,,,,,,636,439,1075,,,
"",,,,,,,,,,,,
72,"GGPS, Dub (T)**",Sangar,5110303,,,,153,94,247,2,2,4
"",,Ghani Dherai,5110305,,,,363,247,610,,,
"",,Dub,5110404,,,,362,215,577,,,
"",,Khush Muqam,5110405,,,,118,62,180,,,
73,GMS Ghwargay /Ondisa (T)**,Ghwargay,5120101,,,,367,281,648,2,2,4
"",,Kas,5120102,,,,422,330,752,,,
"",,,,,,,789,611,1400,,,
"",,,,,,,,,,,,
74,GGMS Lajbook (P)*,Asharo Dherai,5120103,,,,186,130,316,2,2,4
"",,Lajbook Tapor,5120104,,,,103,76,179,,,
"",,Toot Patay,5120106,,,,104,69,173,,,
"",,Lajbook,5120107,,,,253,180,433,,,
"",,Dagary,5120203,,,,141,102,243,,,
"",,Kass Kandao,5120302,,,,180,114,294,,,
"",,Kabal,5120506,,,,60,40,100,,,
"",,Banda Dherai,5120507,,,,59,38,97,,,
"",,,,,,,1086,749,1835,,,
"",,,,,,,,,,,,
75,GPS Garband,Girband,5120202,,,,269,205,474,2,1,3
"",,Ondisa No2,5120105,,,,331,249,580,,,
"",,Maroofa,5120205,,,,143,102,245,,,
"",,,,,,,743,556,1299,,,
"",,,,,,,,,,,,
76,GPS Charingo (T)**,Charingo,5120108,,,,437,290,727,2,1,3
"",,Banda Lajbook,5120109,,,,328,229,557,,,
"",,,,,,,765,519,1284,,,
"",,,,,,,,,,,,
77,"GGPS Mando Manzai (T)**K",Mando Manzai,5120201,,,,267,188,455,2,2,4
"",,Landai,5120204,,,,138,75,213,,,
"",,Kandaro,5120304,,,,124,85,209,,,
"",,Pukhtawargay,5120305,,,,105,55,160,,,
"",,zandral,5120501,,,,59,45,104,,,
"",,Dub Kandaro,5120502,,,,62,42,104,,,
"",,ndaro Rahim Ab,d5120503,,,,153,99,252,,,
"",,,,,,,908,589,1497,,,
"",,,,,,,,,,,,
78,GPS Darmal Bala (T)**,Darmal Bala,5120306,,,,787,571,1358,2,2,4
"",,Naray Tangay,5120401,,,,369,240,609,,,
"",,,,,,,1156,811,1967,,,
"",,,,,,,,,,,,
79,GPS Shako (T)**,Shako,5120407,,,,528,388,916,2,1,3
"",,,,,,,528,388,916,,,
"",,,,,,,,,,,,
80,"GGMS, Kawarai Banda (T)**",Kawarai,5120402,,,,301,188,489,2,1,3
"",,Mano Banda,5120408,,,,220,142,362,,,
"",,,,,,,521,330,851,,,
"",,,,,,,,,,,,
81,GHSS Rehan Pur (P)*,Rehan Pur,5120403,,,,411,273,684,2,1,3
Rehan Pur,5120404,,,,247,146,393,,,,,
"",,,,,658,419,1077,,,,,
"",,,,,,,,,,,,
82,"GGHS, Moranai (T)**",Moranai,5120405,,,,543,329,872,2,1,3
"",,Giro Payeen,5120504,,,,106,47,153,,,
"",,Giro Bala,5120505,,,,142,59,201,,,
"",,,,,,,791,435,1226,,,
"",,,,,,,,,,,,
83,GPS Biarai (T)**,Biarai,5120301,,,,1119,767,1886,2,2,4
"",,"AnangoroManzai",5120303,,,,44,30,74,,,
"",,,,,,,1163,797,1960,,,
"",,,,,,,,,,,,
84,GPS Darmal Payeen (T)**,Darmal Payeen,5120406,,,,800,498,1298,2,1,3
"",,Awikas,5120508,,,,71,36,107,,,
"",,Jagal,5120509,,,,146,104,250,,,
"",,,,,,,1017,638,1655,,,
"",,,,,,,,,,,,
85,GGHS Koto (T)**,Qilagai,5100103,,,,118,83,201,2,1,3
"",,Shahi Koto,5100104,,,,201,131,332,,,
"",,Qillqgai Payeen,5100105,,,,175,151,326,,,
"",,Koto No2,5100214,,,,255,168,423,,,
"",,,,,,,749,533,1282,,,
"",,,,,,,,,,,,
86,GPS Shehzadi (T)**,Shehzadi Bala,5100201,,,,622,432,1054,2,2,4
"",,,,,,,622,432,1054,,,
"",,,,,,,,,,,,
87,"GGPS, Shehzadi (T)**",Shehzadi Bala,5100202,,,,239,156,395,3,1,4
"",,"ShehzadiPayeen",5100203,,,,532,389,921,,,
"",,,,,,,771,545,1316,,,
"",,,,,,,,,,,,
88,"GPS, Koto (T)**",Koto No1,5100204,,,,750,0,750,4,0,4
"",,Koto No1,5100205,,,,396,0,396,,,
"",,Koto No1,5100206,,,,151,0,151,,,
"",,Koto No1,5100207,,,,517,0,517,,,
"",,Sharif Abad,5100307,,,,120,0,120,,,
"",,,,,,,1934,0,1934,,,
"",,,,,,,,,,,,
89,"GGHSS, Koto (T)**",Koto No1,5100204,,,,0,522,522,0,3,3
"",,Koto No1,5100205,,,,0,261,261,,,
"",,Koto No1,5100206,,,,0,101,101,,,
"",,Koto No1,5100207,,,,0,368,368,,,
"",,Sharif Abad,5100307,,,,0,87,87,,,
"",,,,,,,0,1339,1339,,,
"",,,,,,,,,,,,
"",,,,,,,,,,,,
90,GHS Haji Abad (P)*,Haji Abad,5100208,,,,818,0,818,3,0,3
"",,Haji Abad,5100209,,,,189,0,189,,,
"",,Haji Abad,5100210,,,,376,0,376,,,
"",,Haji Abad No.2,5100404,,,,425,0,425,,,
"",,,,,,,1808,0,1808,,,
"",,,,,,,,,,,,
91,GGHS Haji Abad (P)*,Haji Abad,5100208,,,,0,591,591,0,3,3
"",,Haji Abad,5100209,,,,0,135,135,,,
"",,Haji Abad,5100210,,,,0,276,276,,,
"",,Haji Abad No.2,5100404,,,,0,224,224,,,
"",,,,,,,0,1226,1226,,,
"",,,,,,,,,,,,
92,GPS Paloso (T)**,Anwar Abad,5100211,,,,363,270,633,2,1,3
"",,Anwar Abad,5100212,,,,304,195,499,,,
"",,Paloso,5100213,,,,224,136,360,,,
"",,,,,,,891,601,1492,,,
"",,,,,,,,,,,,
93,GHS Odigram (P)*,Odigram,5110401,,,,618,0,618,2,0,2
"",,Odigram,5110402,,,,573,0,573,,,
"",,Rakia,5110406,,,,72,0,72,,,
"",,,,,,,1263,0,1263,,,
"",,,,,,,,,,,,
94,GGHS Odigram (P)*,Odigram,5110401,,,,0,460,460,0,2,2
"",,Odigram,5110402,,,,0,370,370,,,
"",,Rakia,5110406,,,,0,42,42,,,
"",,,,,,,0,872,872,,,
95,GHS Haya Serai (P)*,Haya serai,68060101,,,,367,299,666,2,2,4
"",,Kot Payeen,68060105,,,,231,175,406,,,
"",,,,,,,598,474,1072,,,
"",,,,,,,,,,,,
96,GPS Kot Bala,Kot Bala,68060104,,,,538,390,928,2,1,3
"",,,,,,,538,390,928,,,
97,GPS Manzaray Tangay (T)**,"ManzarayTangay",5110403,,,,644,483,1127,2,1,3
"",,,,,,,644,483,1127,,,
98,GPS Haya Serai (T)**,Gidaro Bala,68060102,,,,359,259,618,3,1,4
"",,Gidaro Payeen,68060103,,,,528,403,931,,,
"",,,,,,,887,662,1549,,,
"",,,,,,,,,,,,
99,GGHS Sher Khani (T)**,Sher Khani,68060201,,,,623,443,1066,2,1,3
"",,Kolal Patay,68060303,,,,188,134,322,,,
"",,Dara Sher Khani,68060406,,,,164,136,300,,,
"",,,,,,,975,713,1688,,,
"",,,,,,,,,,,,
100,GMS Sher Khani/Kala Dag (T)**,Jarando Dherai,68060202,,,,209,140,349,2,1,3
"",,Shakar Tangay,68060203,,,,401,246,647,,,
"",,Kala Dag,68060304,,,,455,323,778,,,
"",,,,,,,1065,709,1774,,,
"",,,,,,,,,,,,
101,GPS Kamar Kotkay (T)**,Kat Bala,68060204,,,,443,278,721,2,2,4
"",,Kamer Kotkay,68060205,,,,542,379,921,,,
"",,Shah Bandai,68060206,,,,287,200,487,,,
"",,,,,,,1272,857,2129,,,
"",,,,,,,,,,,,
102,GPS Tabo Dara (T)**,Tabo  Dara,68060301,,,,614,388,1002,2,1,3
"",,Landi Dara,68060302,,,,256,174,430,,,
"",,,,,,,870,562,1432,,,
"",,,,,,,,,,,,
Sangwali Bala,68060402,,,,528,373,901,,,,,
"",,,,,,,528,373,901,,,
"",,,,,,,,,,,,
104,"GGMS, Sangowlai (T)**",Miser Khanay,68060401,,,,324,200,524,2,1,3
"",,Sangwali Bala,68060403,,,,308,209,517,,,
"",,,,,,,632,409,1041,,,
"",,,,,,,,,,,,
105,GPS Sangwali(P) (T)**,Ondak,68060305,,,,424,304,728,2,2,4
angwali Payee,68060404,,,,499,351,850,,,,,
angwali Payee,68060405,,,,365,277,642,,,,,
"",,,,,1288,932,2220,,,,,
1,"GPS Darbar (Male) (T)**",Darbar No 1,67010103,,,,356,0,356,4,0,4
"",,Darbar No 1,67010104,,,,829,0,829,,,
"",,Darbar No 2,67010105,,,,657,0,657,,,
"",,,,,,,1842,0,1842,,,
"",,,,,,,,,,,,
2,"GCMS DoctorAbad SesadaNo. 1 (Female)(T)**",Darbar No1,67010103,,,,0,265,265,0,3,3
"",,Darbar No1,67010104,,,,0,621,621,,,
"",,Darbar No2,67010105,,,,0,548,548,,,
"",,,,,,,0,1434,1434,,,
"",,,,,,,,,,,,
3,"GHSS,Chakdara (P)*",Amir Abad,67010101,,,,639,0,639,3,0,3
"",,"MandaiChakdara",67010201,,,,380,0,380,,,
"",,Shaheed Abad,67010302,,,,163,0,163,,,
"",,Haji Abad,67010404,,,,285,0,285,,,
"",,,,,,,1467,0,1467,,,
"",,,,,,,,,,,,
4,"GGHS,ChakdaraSeconderyPortion  (T)**",Amir Abad,67010101,,,,0,487,487,0,3,3
"",,"MandaiChakdara",67010201,,,,0,280,280,,,
"",,Shaheed Abad,67010302,,,,0,146,146,,,
"",,Haji Abad,67010404,,,,0,207,207,,,
"",,,,,,,0,1120,1120,,,
"",,,,,,,,,,,,
5,"GPS NO 2Chakdara (T)**",Cham Chakdara,67010205,,,,484,341,825,2,2,4
"",,"GharaiChakdara",67010301,,,,68,53,121,,,
"",,,,,,,552,394,946,,,
"",,,,,,,,,,,,
Khas Chakdara,67010202,,,,289,184,473,,,,,
"",,"ManogayChakdara",67010207,,,,215,149,364,,,
"",,,,,,,504,333,837,,,
"",,,,,,,,,,,,
"",,,,,,,,,,,,
7,"GHS, Sesada(T)**",Sesada No.1,67010203,,,,573,0,573,4,0,4
"",,Sesada No.2,67010204,,,,339,0,339,,,
"",,"DheraiChakdara",67010206,,,,457,0,457,,,
"",,,,,,,1369,0,1369,,,
"",,,,,,,,,,,,
8,"GGPS, Sesada(T)**",Sesada No.1,67010203,,,,0,446,446,0,3,3
"",,Sesada No.2,67010204,,,,0,261,261,,,
"",,"DheraiChakdara",67010206,,,,0,358,358,,,
"",,,,,,,0,1065,1065,,,
"",,,,,,,,,,,,
9,"GHS Ramora(P)*",Ramora,67010304,,,,474,0,474,4,0,4
"",,Cham Ramora,67010305,,,,210,0,210,,,
"",,Qalagai Ramora,67010306,,,,86,0,86,,,
"",,Darbar Ramora,67010402,,,,310,0,310,,,
"",,Serai Ramora,67010403,,,,367,0,367,,,
"",,Kosh Muqam,67010405,,,,315,0,315,,,
"",,,,,,,1762,0,1762,,,
"",,,,,,,,,,,,
10,"GGHS Ramora(P)*",Ramora,67010304,,,,0,353,353,0,4,4
"",,Cham Ramora,67010305,,,,0,156,156,,,
"",,Qalagai Ramora,67010306,,,,0,63,63,,,
"",,Darbar Ramora,67010402,,,,0,230,230,,,
"",,Serai Ramora,67010403,,,,0,254,254,,,
"",,Kosh Muqam,67010405,,,,0,226,226,,,
"",,,,,,,0,1282,1282,,,
"",,,,,,,,,,,,
11,"GHS, GulMuqam Ramora(T)**",Ali Mast,67010102,,,,895,0,895,4,0,4
"",,Jafar Abad,67010303,,,,212,0,212,,,
"",,Gul Muqam,67010401,,,,636,0,636,,,
"",,Gul Muqam,67010403,,,,0,0,0,,,
"",,Gul Muqam,67010409,,,,0,0,0,,,
"",,,,,,,1743,0,1743,,,
"",,,67060101,,,,,,,,,
12,"GGMS, AliMast (T)**",Ali Mast,67010102,,,,0,658,658,,,
"",,Jafar Abad,67010303,,,,0,148,148,,,
"",,Gul Muqam,67010401,,,,0,419,419,,,
"",,Gul Muqam,67010403,,,,0,0,0,,,
"",,Gul Muqam,67010409,,,,0,0,0,,,
"",,,,,,,,1225,1225,,,
"",,,,,,,,,,,,
13,"GHS, SharabKohay (T)**",Kushal Korona,67010307,,,,457,0,457,4,0,4
"",,Faqir Abad,67010308,,,,208,0,208,,,
"",,Spina khwra,67010309,,,,202,0,202,,,
"",,Khwar Koto,67010310,,,,37,0,37,,,
"",,Ghaligay,67010406,,,,349,0,349,,,
"",,Sharab Kohay,67010407,,,,257,0,257,,,
"",,,,,,,1510,0,1510,,,
"",,,,,,,,,,,,
14,"GGHS, SharabKohay (T)**",Kushal Korona,67010307,,,,0,329,329,0,3,3
"",,Faqir Abad,67010308,,,,0,147,147,,,
"",,Spina khwra,67010309,,,,0,151,151,,,
"",,Khwar Koto,67010310,,,,0,24,24,,,
"",,Ghaligay,67010406,,,,0,257,257,,,
"",,Sharab Kohay,67010407,,,,0,171,171,,,
"",,,,,,,0,1079,1079,,,
"",,,,,,,,,,,,
15,"GPMS Khanpur (T)**",Mina Khan Pur,67020101,,,,163,118,281,3,1,4
"",,Khan Pur,67020102,,,,766,632,1398,,,
"",,Khan Pur,67020110,,,,0,0,0,,,
"",,Bada,67020403,,,,60,43,103,,,
"",,,,,,,989,793,1782,,,
"",,,,,,,,,,,,
16,"GPS, TiknaiPayeen (T)**",Tiknai Payeen,67020103,,,,511,351,862,2,1,3
"",,,,,,,511,351,862,,,
"",,,,,,,,,,,,
17,"GGPS, Tiknai(T)**",Tiknai Payeen,67020104,,,,325,247,572,2,1,3
"",,Amlook Dara,67020105,,,,342,262,604,,,
"",,,,,,,667,509,1176,,,
"",,,,,,,,,,,,
18,"GMS, TiknaiBala (T)**",Toknai Bala,67020106,,,,962,694,1656,2,1,3
"",,Char Ray,67020201,,,,118,88,206,,,
"",,,,,,,1080,782,1862,,,
"",,,,,,,,,,,,
19,"GPS, Sia (T)**",Sia Pori Cham,67020107,,,,458,0,458,3,0,3
"",,Sia Koz Cham,67020108,,,,350,0,350,,,
"",,Sia Koz Cham,67020109,,,,537,0,537,,,
"",,Haider,67020207,,,,201,0,201,,,
"",,,,,,,1546,0,1546,,,
"",,,,,,,,,,,,
20,"GGPS, Sia (T)**",Sia Pori Cham,67020107,,,,0,388,388,0,2,2
"",,Sia Koz Cham,67020108,,,,0,261,261,,,
"",,Sia Koz Cham,67020109,,,,0,442,442,,,
"",,Haider,67020207,,,,0,163,163,,,
"",,,,,,,0,1254,1254,,,
"",,,,,,,,,,,,
Sam Patay,67020202,,,,127,91,218,,,,,
Warghar,67020203,,,,284,257,541,,,,,
"",Kasskasai,67020204,,,,161,116,277,,,,
"",Oghaz,67020205,,,,205,154,359,,,,
"",Donga,67020206,,,,154,83,237,,,,
"",,,,,,931,701,1632,,,,
"",,,,,,,,,,,,
22,"GGMSBochakay (T)**",Yago Tal,67020301,,,,134,120,254,2,1,3
"",Naway Kalay,67020401,,,,372,261,633,,,,
"",,,,,,506,381,887,,,,
"",,,,,,,,,,,,
23,"GGPS,Buchakay",Buchakay,67020402,,,,544,442,986,2,1,3
"",,,,,,544,442,986,,,,
"",,,,,,,,,,,,
24,"GPS ShahAdam (T)**",Shah Adam,67020306,,,,261,204,465,2,1,3
"",Salim shah,67020404,,,,331,223,554,,,,
"",Ghwarija,67020405,,,,52,48,100,,,,
"",Narai Manzai,67020406,,,,123,91,214,,,,
"",,,,,,767,566,1333,,,,
"",,,,,,,,,,,,
25,"GPS, Barimkay(T)**",Barimkay Bala,67020302,,,,273,211,484,2,1,3
"","BarimkayPayeen",67020303,,,,318,297,615,,,,
"",Mula Patay,67020304,,,,72,68,140,,,,
"",Kharkanai,67020305,,,,113,86,199,,,,
"",,,,,,776,662,1438,,,,
"",,,,,,,,,,,,
26,"GPS, Gadar(T)**",Bagh Kandai,67030101,,,,655,0,655,2,0,2
"",Gadar,67030102,,,,810,0,810,,,,
"",,,,,,1465,0,1465,,,,
"",,,,,,,,,,,,
27,"GGMS, Gadar(T)**",Bagh Kandai,67030101,,,,0,472,472,0,2,2
"",Gadar,67030102,,,,0,574,574,,,,
"",,,,,,0,1046,1046,,,,
"",,,,,,,,,,,,
28,"GPS, ShamlaiChakdara (T)**",Shamsi korona,67030103,,,,49,37,86,2,1,3
"",Gujar sar,67030104,,,,11,11,22,,,,
"","ShamlaiChakdara",67030202,,,,619,468,1087,,,,
"",,,,,,679,516,1195,,,,
"",,,,,,,,,,,,
29,"GPS Chat Pat(T)**",Ramyal,67030201,,,,517,0,517,3,0,3
"",Chat Pat,67030203,,,,744,0,744,,,,
"","Gujar Abad ChPat",67030204,,,,286,0,286,,,,
"",,,,,,1547,0,1547,,,,
"",,,,,,,,,,,,
Ramyal,67030201,,,,0,368,368,,,,,
Chat Pat,67030203,,,,0,545,545,,,,,
"",,"Gujar Abad ChPat",67030204,,,,0,230,230,,,
"",,,,,,,0,1143,1143,,,
"",,,,,,,,,,,,
"",,,,,,,,,,,,
31,"GHS AdamDherai (P)*",Barorai,67030206,,,,768,0,768,3,0,3
"",,Adam Dherai,67030207,,,,708,0,708,,,
"",,,,,,,1476,0,1476,,,
"",,,,,,,,,,,,
32,"GGPS AdamDherai (T)*",Barorai,67030206,,,,0,563,563,0,2,2
"",,Adam Dherai,67030207,,,,0,524,524,,,
"",,,,,,,0,1087,1087,,,
"",,,,,,,,,,,,
33,"GPS, No.1Badwan Bala(T)**",Badwan Bala,67030301,,,,783,0,783,3,0,3
"",,Badwan Bala,67030302,,,,632,0,632,,,
"",,Darusalam,67030401,,,,235,0,235,,,
"",,,,,,,1650,0,1650,,,
"",,,,,,,,,,,,
34,"GGPS,  BadwanBala (T)**",Badwan Bala,67030301,,,,0,572,572,0,3,3
"",,Badwan Bala,67030302,,,,0,439,439,,,
"",,Darusalam,67030401,,,,0,164,164,,,
"",,,,,,,0,1175,1175,,,
"",,,,,,,,,,,,
35,"GHS, Badwan(P)*",Khambo,67030105,,,,243,0,243,3,0,3
"",,Ghargai Bala,67030106,,,,166,0,166,,,
"",,Ghargai Payeen,67030107,,,,97,0,97,,,
"",,Badwan Payeen,67030303,,,,753,0,753,,,
"",,Darbar Badwan,67030304,,,,515,0,515,,,
"",,,,,,,1774,0,1774,,,
"",,,,,,,,,,,,
36,"GGHSS,BadwanBadwan Bala(T)*",Khambo,67030105,,,,0,170,170,0,2,2
"",,Ghargai Bala,67030106,,,,0,114,114,,,
"",,Ghargai Payeen,67030107,,,,0,58,58,,,
"",,Badwan Payeen,67030303,,,,0,529,529,,,
"",,Darbar Badwan,67030304,,,,0,333,333,,,
"",,,,,,,0,1204,1204,,,
"",,,,,,,,,,,,
"Obo KhwarShahd",67030305,,,,115,114,229,,,,,
Tore Ghatay,67030402,,,,67,50,117,,,,,
Liko,67030403,,,,195,130,325,,,,,
Ghazo,67030404,,,,56,34,90,,,,,
Gujar Gat,67030405,,,,89,76,165,,,,,
"",,Barikaw,67030505,,,,154,117,271,,,
"",,Saparay,67030506,,,,81,71,152,,,
"",,Banday Shah,67030601,,,,216,170,386,,,
"",,Mirdad,67030602,,,,26,11,37,,,
"",,Takay Bala,67030603,,,,21,15,36,,,
"",,Jangal Banda,67030604,,,,117,108,225,,,
"",,Tajber Korona,67030605,,,,79,69,148,,,
"",,,,,,,1216,965,2181,,,
"",,,,,,,,,,,,
38,"GPS, SwatoBanda (T)**",Trai Badwan,67030205,,,,123,87,210,3,1,4
"",,Marwando,67030406,,,,88,65,153,,,
"",,Jabagai,67030501,,,,36,37,73,,,
"",,Bagat Payeen,67030502,,,,112,73,185,,,
"",,Bagat Bala,67030503,,,,81,65,146,,,
"",,Swato Banda,67030504,,,,93,71,164,,,
"",,"GhwandoBadwan",67030507,,,,342,263,605,,,
"",,,,,,,875,661,1536,,,
"",,,,,,,,,,,,
39,"GHS MayarKhadagzai (T)**",Digan,67040101,,,,316,234,550,2,2,4
"",,Donga,67040102,,,,69,44,113,,,
"",,"MayarKhadagzai",67040207,,,,707,561,1268,,,
"",,,,,,,1092,839,1931,,,
"",,,,,,,,,,,,
40,"GPS Nagram(T)**",Nagram,67040103,,,,592,425,1017,2,1,3
"",,,,,,,592,425,1017,,,
"",,,,,,,,,,,,
41,"GGPS, Kagan","Gala AtrafDherai",67040104,,,,50,37,87,2,1,3
"",,"UmraGhowandai",67040105,,,,79,68,147,,,
"",,Sabar Shah,67040208,,,,45,30,75,,,
"",,Kagan,67040209,,,,306,230,536,,,
"",,,,,,,480,365,845,,,
"",,,,,,,,,,,,
42,"GGCMSTangayBrangola (T)**",Baikand,67040106,,,,322,240,562,2,1,3
"",,Sirai,67040107,,,,82,54,136,,,
"",,Manai Tangay,67040108,,,,191,154,345,,,
"",,Shin Kamar,67040109,,,,38,21,59,,,
"",,Mamna,67040110,,,,197,157,354,,,
"",,Koti gram,67040111,,,,29,26,55,,,
"",,Baba Serai,67040112,,,,20,17,37,,,
"",,Gaz Dara,67040113,,,,30,22,52,,,
"",,,,,,,909,691,1600,,,
"",,,,,,,,,,,,
Dandona,67040307,,,,126,103,229,,,,,
Gira Banda,67040308,,,,21,14,35,,,,,
"",,Chenay Chinar,67040401,,,,95,79,174,,,
"",,Sworai Tangai,67040402,,,,46,43,89,,,
"",,Koti Ghakhay,67040403,,,,48,40,88,,,
"",,Danda,67040404,,,,46,33,79,,,
"",,Pamba Zara,67040405,,,,9,19,28,,,
"",,Kumbar,67040406,,,,23,22,45,,,
"",,Pir Abad,67040407,,,,98,71,169,,,
"",,,,,,,512,424,936,,,
"",,,,,,,,,,,,
44,"GHS Kamala(T)**",Kamala,67040201,,,,692,528,1220,2,1,3
"",,Sogyar,67040202,,,,317,224,541,,,
"",,,,,,,1009,752,1761,,,
"",,,,,,,,,,,,
45,"GMS TangaiPayeen (T)**",Katkala,67040203,,,,125,89,214,2,1,3
"",,Wazbanai,67040204,,,,247,202,449,,,
"",,Tiroona,67040205,,,,141,116,257,,,
"",,Tangai Payeen,67040206,,,,497,384,881,,,
"",,,,,,,1010,791,1801,,,
"",,,,,,,,,,,,
46,"GHS,Khadagzai (P)*","KhadagzaiPayeen",67040302,,,,759,0,759,3,0,3
"",,"KhadagzaiPayeen",67040303,,,,442,0,442,,,
"",,"KhadagzaiPayeen",67040304,,,,495,0,495,,,
"",,,,,,,1696,0,1696,,,
"",,,,,,,,,,,,
47,"GGHSS,Khadagzai (T)**","KhadagzaiPayeen",67040302,,,,0,530,530,0,2,2
"",,"KhadagzaiPayeen",67040303,,,,0,330,330,,,
"",,"KhadagzaiPayeen",67040304,,,,0,349,349,,,
"",,,,,,,0,1209,1209,,,
"",,,,,,,,,,,,
48,"GPS PokhtanoKhadagzai (T)**",Bango Kass,67040301,,,,362,273,635,2,1,3
"",,Khadagzai Bala,67040305,,,,727,484,1211,,,
"",,,,,,,1089,757,1846,,,
"",,,,,,,,,,,,
49,"GHSS MianBarangola (P)*",Mian Brangola,67040306,,,,789,597,1386,2,1,3
"",,,,,,,789,597,1386,,,
"",,,,,,,,,,,,
50,"GPS, shaban /Tarnawo (T)**",Tarnawo,67050101,,,,480,0,480,3,0,3
Sher Atraf,67050102,,,,33,0,33,,,,,
Sanam,67050103,,,,503,0,503,,,,,
Shaban,67050309,,,,495,0,495,,,,,
"",,,,,1511,0,1511,,,,,
"",,,,,,,,,,,,
51,"GGCMS,shaban /Tarnawo (T)**",Tarnawo,67050101,,,,0,341,341,0,2,2
"",,Sher Atraf,67050102,,,,0,16,16,,,
"",,Sanam,67050103,,,,0,346,346,,,
"",,Shaban,67050309,,,,0,306,306,,,
"",,,,,,,0,1009,1009,,,
"",,,,,,,,,,,,
52,"GGHS Ketyarai(P)*",Shingrai,67050201,,,,309,214,523,2,1,3
"",,Qilla Ketyarai,67050301,,,,108,76,184,,,
"",,Sirai Ketyarai,67050304,,,,380,305,685,,,
"",,,,,,,,,,,,
"",,,,,,,,,,,,
53,"GPS, Kityarai(P)*",Ketyarai,67050302,,,,730,0,730,2,0,2
"",,ketyarai,67050303,,,,560,0,560,,,
"",,,,,,,1290,0,1290,,,
"",,,,,,,,,,,,
54,"GGHS, Kityarai(T)*",Ketyarai,67050302,,,,0,588,588,0,2,2
"",,ketyarai,67050303,,,,0,420,420,,,
"",,,,,,,0,1008,1008,,,
"",,,,,,,,,,,,
55,"GMS, ShahAlam Baba (T)**","Shah AlamBaba",67050104,,,,503,0,503,3,0,3
"",,"Shah AlamBaba",67050105,,,,1090,0,1090,,,
"",,,,,,,1593,0,1593,,,
"",,,,,,,,,,,,
56,"GGPS, ShahAlam Baba (T)**","Shah AlamBaba",67050104,,,,0,359,359,0,3,3
"",,"Shah AlamBaba",67050105,,,,0,797,797,,,
"",,,,,,,0,1156,1156,,,
"",,,,,,,,,,,,
57,"GPS,  Shawa(P.S-I)  (T)**",Tindo Dag,67050106,,,,1099,0,1099,3,0,3
"",,Tindo Dag,67050107,,,,288,0,288,,,
"",,,,,,,1387,0,1387,,,
"",,,,,,,,,,,,
58,"GGPS, TindoDag (T)**",Tindo Dag,67050106,,,,0,845,845,0,2,2
"",,Tindo Dag,67050107,,,,0,198,198,,,
"",,,,,,,0,1043,1043,,,
"",,,,,,,,,,,,
59,"GHS, Shawa(P)*",Shawa No 2,67050204,,,,1229,952,2181,2,2,4
"",,,,,,,1229,952,2181,,,
"",,,,,,,,,,,,
60,"GPS ShawaTindo Dog(PS_2) (T)**",Shawa No1,67050205,,,,226,171,397,2,1,3
"",,Shawa No1,67050206,,,,189,126,315,,,
"",,,,,,,415,297,712,,,
"",,,,,,,,,,,,
61,"GGHSS, Shawa(T)**",Shawa No1,67050207,,,,652,401,1053,2,1,3
"",,,,,652,401,1053,,,,,
"",,,,,,,,,,,,
62,"GPS, TazaGram (T)**",Kaga Wala,67050202,,,,105,89,194,2,1,3
"",,Qilla Shawa,67050203,,,,111,75,186,,,
"",,Jango Bala,67050305,,,,189,131,320,,,
"",,Jango Payeen,67050306,,,,327,215,542,,,
"",,,,,,,732,510,1242,,,
"",,,,,,,,,,,,
63,"GHS Taza Gram(P)*",Taza Gram,67050307,,,,987,0,987,3,0,3
"",,Taza Gram,67050308,,,,388,0,388,,,
"",,,,,,,1375,0,1375,,,
"",,,,,,,,,,,,
64,"GGHS TazaGram (P)*",Taza Gram,67050307,,,,0,710,710,0,2,2
"",,Taza Gram,67050308,,,,0,234,234,,,
"",,,,,,,0,944,944,,,
"",,,,,,,,,,,,
65,"Govt; ShaheedShahbaz HighAli High SchoolOuch Sharqi",Ouch Gharbi,67070101,,,,511,0,511,4,0,4
"",,Ouch Gharbi,67070103,,,,659,0,659,,,
"",,Banr  Ouch,67070206,,,,117,0,117,,,
"",,,,,,,1287,0,1287,,,
"",,,,,,,,,,,,
66,"GGPS BanrOuch (T)**",Ouch Gharbi,67070101,,,,0,338,338,0,3,3
"",,Ouch Gharbi,67070103,,,,0,488,488,,,
"",,Banr  Ouch,67070206,,,,0,86,86,,,
"",,,,,,,0,912,912,,,
"",,,,,,,,,,,,
67,"GGPS OuchGharbi (T)**",Ouch Gharbi,67070102,,,,1068,0,1068,3,0,3
"",,,,,,,1068,0,1068,,,
"",,,,,,,,,,,,
68,"GGHSS Ouch(F) PS.1",Ouch Gharbi,67070102,,,,0,820,820,0,3,3
"",,,,,,,0,820,820,,,
"",,,,,,,,,,,,
69,"GPS OuchGharbi (T)**",Ouch Gharbi,67070104,,,,682,0,682,2,0,2
"",,Ouch Gharbi,67070105,,,,672,0,672,,,
"",,,,,,,1354,0,1354,,,
"",,,,,,,,,,,,
70,"GGHSS OuchGharbi (T)**",Ouch Gharbi,67070104,,,,0,492,492,0,2,2
"",,Ouch Gharbi,67070105,,,,0,508,508,,,
"",,,,,,,0,1000,1000,,,
"",,,,,,,,,,,,
71,"Govt: ShahbazShaheed Higher",Ouch Gharbi,67070106,,,,634,473,1107,2,2,4
"",,,,,,,634,473,1107,,,
"",,,,,,,,,,,,
72,GPS Ouch,Ouch Gharbi,67070107,,,,543,379,922,2,2,4
"",,Ouch Gharbi,67070108,,,,187,140,327,,,
"",,,,,,,730,519,1249,,,
"",,,,,,,,,,,,
73,"GPS OuchSharqi (T)**",Ouch Sharqi,67070109,,,,617,0,617,3,0,3
Ouch Sharqi,67070110,,,,339,0,339,,,,,
"",,,,,956,0,956,,,,,
"",,,,,,,,,,,,
74,"GGPS OuchSharqi (T)**",Ouch Sharqi,67070109,,,,0,485,485,0,3,3
"",,Ouch Sharqi,67070110,,,,0,269,269,,,
"",,,,,,,0,754,754,,,
"",,,,,,,,,,,,
75,"GPS MenaOuch (T)**",Ouch gharbi,67070111,,,,469,0,469,4,0,4
"",,Ouch gharbi,67070112,,,,814,0,814,,,
"",,,,,,,1283,0,1283,,,
"",,,,,,,,,,,,
76,"GGPS MenaOuch (T)**",Ouch gharbi,67070111,,,,0,376,376,0,3,3
"",,Ouch gharbi,67070112,,,,0,551,551,,,
"",,,,,,,0,927,927,,,
"",,,,,,,,,,,,
77,"GPS Warsak(T)**",Warsak Kandao,67070201,,,,411,0,411,4,0,4
"",,Warsak Kandao,67070202,,,,760,0,760,,,
"",,,,,,,1171,0,1171,,,
"",,,,,,,,,,,,
78,"GGMS Warsak(T)**",Warsak Kandao,67070201,,,,0,296,296,0,3,3
"",,Warsak Kandao,67070202,,,,0,563,563,,,
"",,,,,,,0,859,859,,,
"",,,,,,,,,,,,
79,"GPS Qazi AbadKharkani (T)**",Babam Shah,67070203,,,,674,503,1177,2,2,4
"",,,,,,,674,503,1177,,,
"",,,,,,,,,,,,
80,"GPS SafronaGul Abad (T)**","Safrona GulAbad",67070204,,,,966,662,1628,3,1,4
"",,,,,,,966,662,1628,,,
"",,,,,,,,,,,,
81,"GPS Jabagai(T)**",Jabagai,67070205,,,,304,211,515,3,1,4
"",,Khoni Dand,67070207,,,,355,246,601,,,
"",,,,,,,659,457,1116,,,
"",,,,,,,,,,,,
82,GHS Batan (T)**,Batan /zarbag,67070208,,,,593,0,593,4,0,4
"",,Batan /zarbag,67070209,,,,267,0,267,,,
"",,Mena,67070210,,,,657,0,657,,,
"",,,,,,,1517,0,1517,,,
"",,,,,,,,,,,,
83,"GGMS Batan(T)**",Batan /zarbag,67070208,,,,0,456,456,0,4,4
"",,Batan /zarbag,67070209,,,,0,178,178,,,
"",,Mena,67070210,,,,0,484,484,,,
"",,,,,,,0,1118,1118,,,
"",,,,,,,,,,,,
"",,,,,,,,,,,,
Masylor,67080101,,,,381,0,381,,,,,
Ragbanai,67080102,,,,276,0,276,,,,,
"",,Ingaro Baba,67080103,,,,201,0,201,,,
"",,Dop Manai,67080303,,,,75,0,75,,,
"",,Zeyam,67080304,,,,244,0,244,,,
"",,Mena,67080305,,,,227,0,227,,,
"",,Dhoop,67080307,,,,66,0,66,,,
"",,,,,,,1470,0,1470,,,
"",,,,,,,,,,,,
85,"GPS Masylor(T)**",Masylor,67080101,,,,0,284,284,0,3,3
"",,Ragbanai,67080102,,,,0,159,159,,,
"",,Ingaro Baba,67080103,,,,0,144,144,,,
"",,Dop Manai,67080303,,,,0,49,49,,,
"",,Zeyam,67080304,,,,0,170,170,,,
"",,Mena,67080305,,,,0,165,165,,,
"",,Dhoop,67080307,,,,0,45,45,,,
"",,,,,,,0,1016,1016,,,
"",,,,,,,,,,,,
86,"GHS DheranKashmir (T)**",Umray Utala,67080104,,,,208,212,420,1,1,2
"",,"KhawarKashmir",67080702,,,,118,104,222,,,
"",,,,,,,326,316,642,,,
87,"GGPS GuliBagh (Dheran)(T)**",Sam Patay,67080302,,,,61,38,99,2,1,3
"",,Banda Shah,67080701,,,,268,192,460,,,
"",,"Dheran GuliBagh",67080301,,,,292,253,545,,,
"",,,,,,,621,483,1104,,,
"",,,,,,,,,,,,
88,"GHSS, Asbanr(P)*",Asanr Qilla,67080503,,,,497,0,497,4,0,4
"",,Obow Tangai,67080504,,,,65,0,65,,,
"",,Asbanr Bazar,67080707,,,,928,0,928,,,
"",,,,,,,1490,0,1490,,,
"",,,,,,,,,,,,
89,"GGHS, Asbanr(P)*",Asanr Qilla,67080503,,,,0,356,356,0,4,4
"",,Obow Tangai,67080504,,,,0,40,40,,,
"",,Asbanr Bazar,67080707,,,,0,732,732,,,
"",,,,,,,0,1128,1128,,,
"",,,,,,,,,,,,
"",,,,,,,,,,,,
90,"GMS, Kumbar(T)**",Babozo,67080204,,,,392,0,392,4,0,4
"",,Kaskay,67080205,,,,191,0,191,,,
"",,Kumbar,67080206,,,,240,0,240,,,
"",,Ali Daday,67080207,,,,88,0,88,,,
"",,"ShanaiShahtoot",67080306,,,,252,0,252,,,
"",,HamzaBanda,67080706,,,,308,0,308,,,
"",,,,,,,1471,0,1471,,,
"",,,,,,,,,,,,
Babozo,67080204,,,,0,286,286,,,,,
Kaskay,67080205,,,,0,150,150,,,,,
Kumbar,67080206,,,,0,182,182,,,,,
"",,Ali Daday,67080207,,,,0,57,57,,,
"",,"ShanaiShahtoot",67080306,,,,0,200,200,,,
"",,HamzaBanda,67080706,,,,0,264,264,,,
"",,,,,,,0,1139,1139,,,
"",,,,,,,,,,,,
92,"GPS, Bagh  No-2 (T)**",Bagh Asbanr,67080201,,,,368,266,634,1,1,2
"",,,,,,,368,266,634,,,
"",,,,,,,,,,,,
93,"GGPS Oligando(T)**",Oli Gando,67080202,,,,427,324,751,2,1,3
"",,Khushal Patai,67080203,,,,293,187,480,,,
"",,,,,,,720,511,1231,,,
"",,,,,,,,,,,,
94,"GHS,Shorshang(T)**","ShorshangManzay",67080401,,,,407,286,693,2,2,4
"",,,,,,,407,286,693,,,
"",,,,,,,,,,,,
95,"GPS,Shorshang(T)**","ChotaShorshong",67080402,,,,428,301,729,2,2,4
"",,"ShorshangKalay",67080403,,,,192,123,315,,,
"",,Sakhawano,67080506,,,,246,159,405,,,
"",,,,,,,866,583,1449,,,
"",,,,,,,,,,,,
96,"GMS NawagaiPayeen (T)**",Nawagay Bala,67080404,,,,97,66,163,2,2,4
"",,"NawagayPayeen",67080405,,,,350,256,606,,,
"",,Banday Sar,67080704,,,,71,59,130,,,
"",,Jawro,67080705,,,,225,177,402,,,
"",,,,,,,743,558,1301,,,
"",,,,,,,,,,,,
97,GMS Mator,Toot Patay,67080406,,,,473,381,854,1,1,2
"",,,,,,,473,381,854,,,
"",,,,,,,,,,,,
98,GGPS Khawas,Khawas,67080502,,,,651,528,1179,2,2,4
"",,,,,,,651,528,1179,,,
"",,,,,,,,,,,,
99,"GMS Bambolai(T)**",Bambolai Bala,67080501,,,,884,0,884,4,0,4
"",,"BambolaiPayeen",67080601,,,,539,0,539,,,
"",,Melaga,67080602,,,,60,0,60,,,
"",,,,,,,1483,0,1483,,,
"",,,,,,,,,,,,
100,"GGPS,Bambolai (T)**",Bambolai Bala,67080501,,,,0,673,673,0,4,4
"",,"BambolaiPayeen",67080601,,,,0,412,412,,,
"",,Melaga,67080602,,,,0,42,42,,,
"",,,,,,,0,1127,1127,,,
"",,,,,,,,,,,,
101,"GGPS DheriAsbanr (T)**",Punra,67080105,,,,171,142,313,2,2,4
"",,sro Gato,67080505,,,,60,53,113,,,
"",,Asbanr Bala,67080603,,,,173,152,325,,,
"",,DheraiAsbanr,67080703,,,,187,139,326,,,
"",,,,,,,591,486,1077,,,
"",,,,,,,,,,,,
102,"GPS Awi Shah(T)**",Karamay,67080106,,,,391,0,391,4,0,4
"",,Awi Shah,67080604,,,,672,0,672,,,
"",,,,,,,1063,0,1063,,,
"",,,,,,,,,,,,
"",,,,,,,,,,,,
103,"GGPS AwiShah (T)**",Karamay,67080106,,,,0,332,332,0,3,3
Awi Shah,67080604,,,,0,391,391,,,,,
"",,,,,0,723,723,,,,,
1,"GHS, Koherai (T)**",Koherai,5130102,,,,591,438,1029,2,1,3
"",,,,,,,591,438,1029,,,
2,"GGHS, Koheria (T)**",Koherai,5130101,,,,412,255,667,2,1,3
"",,Koherai,5130103,,,,306,142,448,,,
"",,,,,,,718,397,1115,,,
"",,,,,,,,,,,,
3,"GPS, Banda (T)**",Banda Bala,5130104,,,,379,248,627,2,1,3
"",,Banda Payeen,5130105,,,,283,208,491,,,
"",,Tangai,5130106,,,,104,70,174,,,
"",,,,,,,766,526,1292,,,
"",,,,,,,,,,,,
4,"GPS,No.1 Malakand (T)**",Gadala Bala,5130108,,,,118,64,182,2,2,4
"",,Shah Korona,5130109,,,,174,111,285,,,
"",,Sar Azgho,5130205,,,,103,71,174,,,
"",,Walai Korona,5130206,,,,105,73,178,,,
"",,Sherea,5130301,,,,358,200,558,,,
"",,Gadala Payeen,5130303,,,,102,60,162,,,
"",,Botano Kalay,5130305,,,,49,28,77,,,
"",,,,,,,1009,607,1616,,,
"",,,,,,,,,,,,
5,GPS No.2 Malakand Payeen (T)**,Malakand Payeen,5130207,,,,652,0,652,3,0,3
"",,Malakand Payeen,5130208,,,,794,0,794,,,
"",,Redwan,5130302,,,,210,0,210,,,
"",,Ghlo Tangai,5130304,,,,79,0,79,,,
"",,,,,,,1735,0,1735,,,
"",,,,,,,,,,,,
6,"GGHS, Malakand Payeen (T)**",Malakand Payeen,5130207,,,,0,418,418,0,2,2
"",,Malakand Payeen,5130208,,,,0,573,573,,,
"",,Redwan,5130302,,,,0,148,148,,,
"",,Ghlo Tangai,5130304,,,,0,37,37,,,
"",,,,,,,0,1176,1176,,,
"",,,,,,,,,,,,
7,"GPS, Safarai (T)**",Safarai,5130201,,,,557,379,936,2,1,3
Dolai,5130202,,,,214,125,339,,,,,
"",,,,,771,504,1275,,,,,
"",,,,,,,,,,,,
8,"GHS, Malakand (P)*",Sangar,5130107,,,,176,113,289,3,1,4
"",,Malakand Bala,5130203,,,,150,93,243,,,
"",,Malakand Bala,5130204,,,,676,495,1171,,,
"",,,,,,,1002,701,1703,,,
9,GHS Balambat (P)*,,,Colony Balambat,005140303,,197,0,372,4,0,4
"",,,,Balambat,005140306,,363,0,590,,,
"",,,,Chargori,005140402,,573,0,983,,,
"",,,,,,,1133,0,1945,,,
"",,,,,,,,,,,,
10,"GGPS,  Chargori (T)*",,,Colony Balambat,005140303,,0,175,372,0,3,3
"",,,,Balambat,005140306,,0,227,590,,,
"",,,,Chargori,005140402,,0,410,983,,,
"",,,,,,,0,812,1945,,,
"",,,,,,,,,,,,
11,GGPS Kandaro (T)**,Kandaro Payeen,005130504,,,,263,182,445,3,1,4
"",,,,Kandaro Bala,005140403,,678,489,1167,,,
"",,,,,,,941,671,1612,,,
"",,,,,,,,,,,,
12,GGPS Khema (T)**,"Dandona, Jabagi",005130503,,,,571,0,571,4,0,4
"",,Khema,005130501,,,,793,0,793,,,
"",,Khema,005130502,,,,198,0,198,,,
"",,,,Khema,005140403,,100,0,,,,
"",,,,Khema,005140404,,50,0,,,,
"",,,,,,,1712,0,1562,,,
13,"GPS, Khema (T)*","Dandona, Jabagi",005130503,,,,0,345,345,0,3,3
"",,Khema,005130501,,,,0,554,554,,,
"",,Khema,005130502,,,,0,132,132,,,
"",,,,Khema,005140403,,0,77,77,,,
"",,,,Khema,005140404,,0,20,20,,,
"",,,,,,,0,1128,1128,,,
14,GHS Stanadar (T)**,,,Stanadar Payeen,005140304,,309,206,515,3,1,4
"",,,,Stanadar Bala,005140305,,333,230,563,,,
"",,Mali Khela,005130402,,,,311,269,580,,,
"",,,,,,,953,705,1658,,,
"",,,,,,,,,,,,
15,GGPS Shati (T)**,"Matta, Shatai",005030401,,,,484,352,836,3,1,4
"",,,,Yousaf Manai,005140401,,153,94,247,,,
"",,"Dherai ,Jabagai Bala",005130403,,,,307,185,492,,,
"",,,,,,,944,631,1575,,,
16,GPS Timer (T)**,Gorgia,5010306,,,,340,0,340,4,0,4
"",,Dargai,5010401,,,,32,0,32,,,
"",,,,Gul Dehri,5140102,,847,0,847,,,
"",,,,,,,1219,0,1219,,,
"",,,,,,,,,,,,
17,"GGPS, Timer (T)**",Gorgia,5010306,,,,0,186,186,0,2,2
"",,Dargai,5010401,,,,0,21,21,,,
"",,,,Gul Dehri,5140102,,0,584,584,,,
"",,,,,,,0,791,791,,,
"",,,,,,,,,,,,
"",,,,,,,,,,,,
18,GHS Mian Banda (T)**,,,Wara Banda,5140101,,749,0,749,3,0,3
"",,,,DHQ Hospital,5140103,,734,0,734,,,
"",,,,,,,1483,0,1483,,,
"",,,,,,,,,,,,
19,"GGPS, Mian Banda (T)*",,,Wara Banda,5140101,,0,491,491,0,2,2
"",,,,DHQ Hospital,5140103,,0,512,512,,,
"",,,,,,,0,1003,1003,,,
"",,,,,,,,,,,,
20,GCMHS Timergara(Male) (P)*,,,Itehad Colony,5140106,,389,0,389,4,0,4
"",,,,Shengrai,5140203,,942,0,942,,,
"",,,,Shengrai,5140204,,272,0,272,,,
"",,,,,,,1603,0,1603,,,
"",,,,,,,,,,,,
21,GGPS Timergara (Female) (T)**,,,Itehad Colony,5140106,,0,270,270,0,4,4
"",,,,Shengrai,5140203,,0,668,668,,,
"",,,Shengrai,5140204,,0,194,194,,,,
"",,,,,,,0,1132,1132,,,
"",,,,,,,,,,,,
22,GHSS Tangi (T)**,,,Sokai Shah etc,5140104,,1058,687,1745,3,1,4
"",,,,,,,1058,687,1745,,,
"",,,,,,,,,,,,
23,GGPS Mani Banr (M)**,,,"Shekhan, Chinar",5140105,,1264,0,1264,3,0,3
"",,,,,1264,0,1264,,,,,
"",,,,,,,,,,,,
24,GPS Mani Banr (F),,,"Shekhan, Chinar",5140105,,0,740,740,0,2,2
"",,,,,0,740,740,,,,,
"",,,,,,,,,,,,
25,GPS Timergara(Male) (T)**,,,Koz Kalay,5140107,,565,0,565,3,0,3
"",,,,Shah Gul Abad,5140201,,689,0,689,,,
"",,,,Shah Mahla,5140202,,344,0,344,,,
"",,,,,,,1598,0,1598,,,
"",,,,,,,,,,,,
26,"GGHS Quarter Mohlla Timergara(Female)(T)**",,,Koz Kalay,5140107,,0,397,397,0,3,3
"",,,,Shah Gul Abad,5140201,,0,487,487,,,
"",,,,Shah Mahla,5140202,,0,225,225,,,
"",,,,,,,0,1109,1109,,,
"",,,,,,,,,,,,
27,"GHS, Shago Kas (T)**",Shago Kas,005020107,,,,498,308,806,2,1,3
"",,,,,,,498,308,806,,,
"",,,,,,,,,,,,
"",,,,,,,,,,,,
28,GMS Trai (T)**,Trai,005010601,,,,815,457,1272,3,1,4
"",,,,,,,815,457,1272,,,
"",,,,,,,,,,,,
29,GGHSS Sado (T)**,Sado,005010602,,,,737,0,737,2,0,2
"",,"Rehan Kot,U.Kot",005010603,,,,251,0,251,,,
"",,,,,,,988,0,988,,,
30,GPS Saddo (T)**,Sado,005010602,,,,0,559,559,0,2,2
"Rehan Kot,U.Kot",005010603,,,,0,113,113,,,,,
"",,,,,0,672,672,,,,,
"",,,,,,,,,,,,
31,GHSS Sado (P)*,Shekwolai,005010604,,,,766,0,766,4,0,4
"",Duber,005010605,,,,312,0,312,,,,
"",Tangai Khowar,005010505,,,,376,0,376,,,,
"",,,,,,1454,0,1454,,,,
"",,,,,,,,,,,,
32,"GHSS, Sado (T)**",Shekwolai,005010604,,,,0,543,543,0,3,3
"",Duber,005010605,,,,0,195,195,,,,
"",Tangai Khowar,005010505,,,,0,265,265,,,,
"",,,,,,0,1003,1003,,,,
"",,,,,,,,,,,,
33,GHS Khongi (P)*,Khongi Payeen,005010503,,,,804,0,804,4,0,4
"",,,Khongi Bala,005140302,,530,0,530,,,,
"",,,,,,1334,0,1334,,,,
34,"GGMS, Khongi (T)**",Khongi Payeen,005010503,,,,0,529,529,0,4,3
"",,,Khongi Bala,005140302,,0,384,384,,,,
"",,,,,,0,913,913,,,,
35,GPS Beghamdara,,,,,,,,,,,
"",Begham Dara,005010504,,,,453,343,,,,,
"",,,,,,,,796,,,,
36,GGCMHS Timergara (T)** (PS-1),,,Al Imran Streat Tg,005140205,,1044,0,1044,4,0,4
"",,,Dawt Collony,005140206,,582,0,582,,,,
"",,,,,,1626,0,1626,,,,
37,GGCMHS Timergara (T)** (PS-2),,,Al Imran Streat Tg,005140205,,0,675,675,0,3,3
"",,,Dawt Collony,005140206,,0,417,417,,,,
"",,,,,,0,1092,1092,,,,
38,GHS Qallagai (P)*,Qilagai,5010101,,,,279,215,494,2,2,4
"",Bar Kali Siyar,5010102,,,,170,124,294,,,,
"",Anangoro,5010103,,,,145,108,253,,,,
"",,,,,,594,447,1041,,,,
39,"GPS, Pury Kalay(T***)",Pury Kalay,5010104,,,,485,326,811,2,1,3
"",Khowar Siyar,5010201,,,,73,58,131,,,,
"",,,,,,558,384,942,,,,
"",,,,,,,,,,,,
40,GMS Letai (T)**,Rashkhani,5010202,,,,259,207,466,2,1,3
"",Litai,5010203,,,,230,146,376,,,,
"",Banr Safaray,5010204,,,,83,50,133,,,,
"",Pano Siar,5010301,,,,123,66,189,,,,
"",,,,,,695,469,1164,,,,
41,GPS Rakhshanay,Ziyam,5010302,,,,76,46,122,1,1,2
"",Gidro Sir,5010303,,,,70,50,120,,,,
"",Gat,5010304,,,,138,85,223,,,,
"",Tangi,5010305,,,,91,64,155,,,,
"",,,,,,375,245,620,,,,
42,,,,,,,,,,,,
"",GPS Danwa (T)**,Kas Koto,5010402,,,,61,47,108,2,1,3
"",Khasdanwa,5010404,,,,571,426,997,,,,
"",,,,,,632,473,1105,,,,
43,"GGHS, Danwa (T**)",Dabano,5010403,,,,192,144,336,2,1,3
Khasdanwa,5010405,,,,445,323,768,,,,,
"",,,,,637,467,1104,,,,,
Pito,5020101,,,,528,0,528,,,,,
"",,Spankharo,5020102,,,,130,0,130,,,
"",,Marhano,5020103,,,,161,0,161,,,
"",,Bandai,5020104,,,,153,0,153,,,
"",,,,,,,972,0,972,,,
45,GHS Peto Dhara(M)  (P)* P.S-2,Anbarzai,5020105,,,,192,0,192,2,0,2
"",,Yar Khan Banda,5020106,,,,660,0,660,,,
"",,,,"Rest House,",5140207,,14,0,14,,,
"",,,,Banday Kandawo,5140301,,7,0,7,,,
"",,,,,,,873,0,873,,,
"",,,,,,,,,,,,
46,"GGHS, Peto Dhara (T*)",Pito,5020101,,,,0,351,351,0,3,3
"",,Spankharo,5020102,,,,0,100,100,,,
"",,Marhano,5020103,,,,0,130,130,,,
"",,Bandai,5020104,,,,0,120,120,,,
"",,Anbarzai,5020105,,,,0,150,150,,,
"",,Yar Khan Banda,5020106,,,,0,446,446,,,
"",,,,"Rest House,",5140207,,0,10,10,,,
"",,,,Banday Kandawo,5140301,,0,6,6,,,
"",,,,,,,0,1313,1313,,,
"",,,,,,,,,,,,
47,GPS Barikot (T)**,Barikot,5020201,,,,264,179,443,2,1,3
"",,Barikot,5020202,,,,506,310,816,,,
"",,Panjo,5020203,,,,96,70,166,,,
"",,,,,,,866,559,1425,,,
"",,,,,,,,,,,,
48,GHS Bajauro (P)*,Bajauro Talash,5020204,,,,687,0,687,4,0,4
"",,Bajauro Talash,5020205,,,,606,0,606,,,
"",,Chino Talash,5020209,,,,290,0,290,,,
"",,,,,,,1583,,1583,,,
49,"GGHS, Bajauro (T*)",Bajauro Talash,5020204,,,,0,426,426,0,3,3
"",,Bajauro Talash,5020205,,,,0,385,385,,,
"",,Chino Talash,5020209,,,,0,223,223,,,
"",,,,,,,0,1034,1034,,,
"",,,,,,,,0,,,,
50,GGMS Banrgai (M) (T)**,Banrgai,5020206,,,,500,0,500,4,0,4
"",,Soghalai,5020207,,,,282,0,282,,,
"",,Narai Shah,5020208,,,,296,0,296,,,
"",,Kandaro Qazai,5020303,,,,126,0,126,,,
"",,,,,,,1204,0,1204,,,
"",,,,,,,,,,,,
51,"GGPS, Banrgai (F), (T**)",Banrgai,5020206,,,,0,356,356,0,2,2
"",,Soghalai,5020207,,,,0,208,208,,,
"",,Narai Shah,5020208,,,,0,236,236,,,
"",,Kandaro Qazai,5020303,,,,0,96,96,,,
"",,,,,,,0,896,896,,,
52,GHS Dherai Talash (M) (P)*,Dherai Talash,5020301,,,,1246,0,1246,4,0,4
"",,,,,,,1246,0,1246,,,
"",,,,,,,,,,,,
53,"GGMS, Dherai Talash (F) (P)*",Dherai Talash,5020301,,,,0,890,890,0,3,3
"",,,,,,,0,890,890,,,
"",,,,,,,,,,,,
54,GPS No. 1 Ahmad Galai (T)**,Ahmad Ghalai,5020302,,,,729,512,1241,2,1,3
"",,,,,,729,512,1241,,,,
"",,,,,,,,,,,,
55,GPS Bandagai (T)**,Bandagai Talash,5020304,,,,524,330,854,2,1,3
"",Gero Talash,5020305,,,,329,228,557,,,,
"",,,,,,853,558,1411,,,,
"",,,,,,,,,,,,
56,"GGPS, Kalpani (M) T***",Ziarat No.1,5030101,,,,848,0,848,4,0,4
"",Ziarat No.1,5030102,,,,277,0,277,,,,
"",,,,,,1125,0,1125,,,,
57,"GHSS, Ziarat Talash (Male ) (P)*",Ziarat No.1,5030103,,,,884,0,884,3,0,3
"",Masken Abad,5030111,,,,191,0,191,,,,
"",Ziarat No.2,5030112,,,,76,0,76,,,,
"",,,,,,1151,0,1151,,,,
"",,,,,,,,,,,,
58,"GGHSS, Ziarat Talash (Female (P)*",Ziarat No.1,5030101,,,,0,627,627,0,3,3
"",Ziarat No.1,5030102,,,,0,207,207,,,,
"",Ziarat No.1,5030103,,,,0,670,670,,,,
"",Maskinabad,5030111,,,,0,128,128,,,,
"",Ziarat No 2,5030112,,,,0,48,48,,,,
"",,,,,,0,1680,1680,,,,
"",,,,,,,,,,,,
59,GPS Gumbat (T)**,Gumbat,5030104,,,,648,457,1105,2,1,3
"",,,,,,648,457,1105,,,,
60,"GPS, Macho",Macho,5030207,,,,581,405,986,2,1,3
"",,,,,,581,405,986,,,,
"",,,,,,,,,,,,
61,GPS Mirza Abad (T)**,Mirzabad,5030105,,,,333,226,559,2,1,3
"",Kas Shamshikhan,5030106,,,,420,293,713,,,,
"",Cham S Khan,5030107,,,,98,74,172,,,,
"",,,,,,851,593,1444,,,,
"",,,,,,,,,,,,
62,"GPS, Amlok Dara (T)**",Amlok Dara,5030201,,,,676,479,1155,2,1,3
"",,,,,,676,479,1155,,,,
63,"GGPS, Amlok Dara, T**",Amlok Dara,5030202,,,,530,365,895,2,1,3
"",,,,,,530,365,895,,,,
"",,,,,,,,,,,,
64,"GPS, Khadang(T)**",Ghaljo,5030203,,,,33,23,56,2,1,3
"",Khadang Patai,5030204,,,,190,135,325,,,,
"",Manzai Khadang,5030205,,,,92,59,151,,,,
"",Zarghai Patai,5030206,,,,230,139,369,,,,
"",,,,,,545,356,901,,,,
"",,,,,,,,,,,,
Shagai,5030108,,,,65,0,65,,,,,
Lawara,5030110,,,,212,0,212,,,,,
Kono S. Khan,5030302,,,,283,0,283,,,,,
khrashah,5030304,,,,281,0,281,,,,,
Shao baba,5030305,,,,311,0,311,,,,,
Qila Shamshi Khan,5030401,,,,116,0,116,,,,,
Dob Danai,5030405,,,,129,0,129,,,,,
Landai Shamshi Khan,5030406,,,,99,0,99,,,,,
"",,,,,,,1496,0,1496,,,
66,"GGHS, Shamshi Khan (F) T**",Shagai,5030108,,,,0,59,59,0,3,3
"",,Lawara,5030110,,,,0,165,165,,,
"",,Kono S. Khan,5030302,,,,0,218,218,,,
"",,khrashah,5030304,,,,0,184,184,,,
"",,Shao baba,5030305,,,,0,220,220,,,
"",,Qila Shamshi Khan,5030401,,,,0,70,70,,,
"",,Dob Danai,5030405,,,,0,94,94,,,
"",,Landai Shamshi Khan,5030406,,,,0,78,78,,,
"",,,,,,,0,1088,1088,,,
"",,,,,,,,,,,,
67,"GPS, Shamshi Khan (T)**",Dulai Tangai,5030109,,,,579,0,579,4,0,4
"",,Chorai,5030301,,,,126,0,126,,,
"",,Giro Tangai,5030303,,,,186,0,186,,,
"",,Kaper Tall,5030402,,,,116,0,116,,,
"",,Khushta S. Khan,5030403,,,,49,0,49,,,
"",,Mondakai,5030404,,,,227,0,227,,,
"",,,,,,,1283,0,1283,,,
"",,,,,,,,,,,,
68,"GGPS, Shamshi Khan",Dulai Tangai,5030109,,,,0,377,377,0,3,3
"",,Chorai,5030301,,,,0,85,85,,,
"",,Giro Tangai,5030303,,,,0,116,116,,,
"",,Kaper Tall,5030402,,,,0,97,97,,,
"",,Khushta S. Khan,5030403,,,,0,29,29,,,
"",,Mondakai,5030404,,,,0,160,160,,,
"",,,,,,,0,864,864,,,
"",,,,,,,,,,,,
69,GPS Kamangara (T)**,Kamengara,5040101,,,,563,326,889,2,1,3
"",,,,,,,563,326,889,,,
"",,,,,,,,,,,,
70,"GGMS, Ajoo Talash",Ajoo Talash,5040201,,,,637,453,1090,2,1,3
"",,,,,,,637,453,1090,,,
"",,,,,,,,,,,,
71,GHS Pato Talash (T)**,Pato Talash,5040102,,,,376,250,626,2,1,3
"",,Khonako,5040103,,,,191,127,318,,,
"",,Drabo,5040104,,,,207,122,329,,,
"",,,,,,,774,499,1273,,,
"",,,,,,,,,,,,
72,GHSS Sarai Bala(M) (P)*,Manai Patai,5040401,,,,161,0,161,4,0,4
"",,Kalo Manai,5040402,,,,254,0,254,,,
"",,Srai Bala,5040403,,,,392,0,392,,,
"",,Srai Bala,5040404,,,,551,0,551,,,
"",,Srai Bala,5040405,,,,219,0,219,,,
"",,,,,,,1577,0,1577,,,
"",,,,,,,,,,,,
Manai Patai,5040401,,,,0,104,104,,,,,
Kalo Manai,5040402,,,,0,172,172,,,,,
Srai Bala,5040403,,,,0,271,271,,,,,
Srai Bala,5040404,,,,0,339,339,,,,,
Srai Bala,5040405,,,,0,144,144,,,,,
"",,,,,,1030,1030,,,,,
"",,,,,,,,,,,,
"",,,,,,,,,,,,
74,"GHS, Banda Talash (P)*",Gumbatkai,5040202,,,,499,0,499,4,0,4
"",,Tangai Noora Khel,5040203,,,,200,0,200,,,
"",,Banda Talash,5040204,,,,343,0,343,,,
"",,Banda Talash,5040205,,,,341,0,341,,,
"",,Daramdal,5040301,,,,183,0,183,,,
"",,,,,,,1566,0,1566,,,
75,"GGMS, Banda Talash (T*)",Gumbatkai,5040202,,,,0,352,352,0,3,3
"",,Tangai Noora Khel,5040203,,,,0,114,114,,,
"",,Banda Talash,5040204,,,,0,224,224,,,
"",,Banda Talash,5040205,,,,0,208,208,,,
"",,Daramdal,5040301,,,,0,104,104,,,
"",,,,,,,0,1002,1002,,,
"",,,,,,,,,,,,
76,"GMS, Srai Payeen (M) (T)**",Rahman Abad,5040409,,,,341,0,341,4,0,4
"",,Srai Payeen,5040410,,,,422,0,422,,,
"",,Srai Payeen,5040411,,,,247,0,247,,,
"",,Srai Payeen,5040412,,,,295,0,295,,,
"",,,,,,,1305,0,1305,,,
"",,,,,,,,,,,,
77,"GGPS, Srai Payeen (T)**",Rahman Abad,5040409,,,,0,213,213,0,3,3
"",,Srai Payeen,5040410,,,,0,306,306,,,
"",,Srai Payeen,5040411,,,,0,177,177,,,
"",,Srai Payeen,5040412,,,,0,210,210,,,
"",,,,,,,0,906,906,,,
"",,,,,,,,,,,,
78,"GPS, Nagrai Payeen (M)",Matta Islam Abad,5040206,,,,307,0,307,4,0,4
"",,Chinar,5040302,,,,166,0,166,,,
"",,Nagrai Bala,5040303,,,,364,0,364,,,
"",,Walai,5040304,,,,113,0,113,,,
"",,Nagrai Payeen,5040305,,,,759,0,759,,,
"",,,,,,,1709,0,1709,,,
79,"GGPS, Nagrai Payeen (F)*",Matta Islam Abad,5040206,,,,0,216,216,0,3,3
"",,Chinar,5040302,,,,0,106,106,,,
"",,Nagrai Bala,5040303,,,,0,241,241,,,
"",,Walai,5040304,,,,0,82,82,,,
"",,Nagrai Payeen,5040305,,,,0,496,496,,,
"",,,,,,,0,1141,1141,,,
"",,,,,,,,,,,,
80,"GPS, Nasafa (T)**",Arakh,5040406,,,,103,0,159,4,0,4
"",,Nasafa,5040407,,,,861,0,1457,,,
"",,Nasafa,5040408,,,,177,0,306,,,
"",,,,,,,1141,0,1922,,,
81,"GGPS, Nasafa (T)**",Arakh,5040406,,,,0,56,56,0,2,2
"",,Nasafa,5040407,,,,0,596,596,,,
"",,Nasafa,5040408,,,,0,129,129,,,
"",,,,,,,0,781,781,,,
Chinarono,5050101,,,,468,0,468,,,,,
Qull,5050102,,,,104,0,104,,,,,
Katen Payeen,5050205,,,,493,0,493,,,,,
"",Katen Bala,5050206,,,,248,0,248,,,,
"",,,,,,1313,0,1313,,,,
83,"GGPS, Katen Payeen (T*)",Chinarono,5050101,,,,0,363,363,0,2,2
"",Qull,5050102,,,,0,75,75,,,,
"",Katen Payeen,5050205,,,,0,399,399,,,,
"",Katen Bala,5050206,,,,0,195,195,,,,
"",,,,,,0,1032,1032,,,,
"",,,,,,,,,,,,
84,"GHS, Otala (P)*",Otala,5050201,,,,565,0,565,4,0,4
"",Naro Obo,5050202,,,,163,0,163,,,,
"",Manzai,5050203,,,,478,0,478,,,,
"",,,,,,,1206,0,1206,,,
"",,,,,,,,,,,,
85,"GHS, Otala (P)*",Otala,5050201,,,,0,397,397,0,2,2
"",Naro Obo,5050202,,,,0,120,120,,,,
"",Manzai,5050203,,,,0,328,328,,,,
"",,,,,,,0,845,845,,,
"",,,,,,,,,,,,
86,"GGPS, Pingal T**",Tora Tabai,5050103,,,,52,38,90,3,1,4
"",Manogai,5050106,,,,222,179,401,,,,
"",Dogal,5050303,,,,263,204,467,,,,
"",,,,,,537,421,958,,,,
87,"GHS, Pangal (P)*",Pangal,5050302,,,,484,366,850,1,1,2
"",,,,,,484,366,850,,,,
"",,,,,,,,,,,,
88,"GHS, Bagh Dushkhil (P)*",Bagh Dushkhil,5050204,,,,1263,0,1263,3,0,3
"",,,,,,1263,0,1263,,,,
89,"GGHS, Bagh Dushkhil (T*)",Bagh Dushkhil,5050204,,,,0,970,970,0,2,2
"",,,,,,0,970,970,,,,
"",,,,,,,,,,,,
90,"GPS, Bakhtbilanda (T)**",Sir Chinarono,5050104,,,,176,127,303,2,1,3
"",Hisargat,5050401,,,,28,23,51,,,,
"",Bakhtbilanda,5050402,,,,306,216,522,,,,
"",Shnai,5050403,,,,228,165,393,,,,
"",,,,,,,738,531,1269,,,
"",,,,,,,,,,,,
91,"GPS, Gulingas (T)**",Kharono,5050105,,,,70,60,130,2,1,3
"",Inzero,5050404,,,,311,251,562,,,,
"",Gulingas,5050405,,,,287,215,502,,,,
"",Mankai,5050406,,,,128,115,243,,,,
"",,,,,,,796,641,1437,,,
"",,,,,,,,,,,,
92,"GPS, Toda Chena (T)**",Masho,5050501,,,,297,222,519,2,1,3
"",Jai,5050502,,,,240,185,425,,,,
"",,,,,,537,407,944,,,,
93,"GGHS, Toda Chena",Toda Chena,5050504,,,,558,414,972,2,1,3
"",Sar Gado,5050505,,,,66,48,114,,,,
"",,,,,,624,462,1086,,,,
"",,,,,,,,,,,,
"",,,,,,,,,,,,
Tamble Shah,5050304,,,,489,371,860,,,,,
"",,,,,,,489,371,860,,,
"",,,,,,,,,,,,
95,"GGHS, Doshkhail",Gidaro,5050301,,,,197,140,337,2,1,3
"",,Qila Dushkhil,5050305,,,,185,153,338,,,
"",,Lasho,5050503,,,,157,119,276,,,
"",,,,,,,539,412,951,,,
96,"GMS, Laram (T)**",Kartangai,67060101,,,,115,0,115,4,0,4
"",,Laram,67060102,,,,381,0,381,,,
"",,Banda,67060103,,,,290,0,290,,,
"",,Kabalo,67060104,,,,113,0,113,,,
"",,Serai,67060203,,,,48,0,48,,,
"",,Asharo Manai,67060204,,,,159,0,159,,,
"",,Serai Bala,67060205,,,,27,0,27,,,
"",,Serai Payeen,67060206,,,,34,0,34,,,
"",,,,,,,1167,0,1167,,,
97,,,,,,,,,,,,
"","GGPS, Laram (T)**",Kartangai,67060101,,,,0,89,89,0,3,3
"",,Laram,67060102,,,,0,310,310,,,
"",,Banda,67060103,,,,0,218,218,,,
"",,Kabalo,67060104,,,,0,97,97,,,
"",,Serai,67060203,,,,0,47,47,,,
"",,Asharo Manai,67060204,,,,0,152,152,,,
"",,Serai Bala,67060205,,,,0,27,27,,,
"",,Serai Payeen,67060206,,,,0,19,19,,,
"",,,,,,,0,959,959,,,
"",,,,,,,,,,,,
98,"GHSS, Kher Abad (P)*",Kandero Shah,67060105,,,,124,114,238,3,1,4
"",,Nasrat Bala,67060201,,,,70,45,115,,,
"",,Nasrat Payeen,67060202,,,,33,28,61,,,
"",,Paramar,67060207,,,,164,147,311,,,
"",,Wazir Abad,67060406,,,,62,41,103,,,
"",,Kher Abad,67060407,,,,379,325,704,,,
"",,,,,,,832,700,1532,,,
"",,,,,,,,,,,,
99,GPS Zaman Patay (T)**,Dada,67060304,,,,108,86,194,2,1,3
"",,Shago,67060305,,,,91,66,157,,,
"",,Makhai,67060306,,,,96,81,177,,,
"",,Zaman Patay,67060307,,,,82,67,149,,,
"",,Kwaro Nawa,67060507,,,,37,20,57,,,
"",,,,,,,414,320,734,,,
"",,,,,,,,,,,,
100,"GPS, Shah Abad (T)**",Shah Abad,67060106,,,,247,176,423,2,1,3
"",,Ghalanai,67060405,,,,158,120,278,,,
"",,Landai Shah,67060508,,,,53,45,98,,,
"",,,,,,,458,341,799,,,
"",,,,,,,,,,,,
101,GPS Totko,Totko,67060606,,,,160,133,293,2,1,3
"",,Khonao Baba,67060608,,,,403,283,686,,,
"",,,,,,,563,416,979,,,
"",,,,,,,,,,,,
Osakai Bala,67060602,,,,766,536,1302,,,,,
"",,Osakai Bala,67060603,,,,97,68,165,,,
"",,Gash Kot,67060607,,,,55,41,96,,,
"",,,,,,,918,645,1563,,,
"",,,,,,,,,,,,
103,GHS Osakai(P*),Katkala,67060308,,,,119,0,119,4,0,4
"",,Akber Abad,67060401,,,,105,0,105,,,
"",,Khan Baba,67060601,,,,49,0,49,,,
"",,Osakai Payeen,67060604,,,,619,0,619,,,
"",,Osakai Payeen,67060605,,,,384,0,384,,,
"",,,,,,,1276,0,1276,,,
"",,,,,,,,,,,,
104,GGHS Osakai (T)**,Katkala,67060308,,,,0,85,85,0,3,3
"",,Akber Abad,67060401,,,,0,76,76,,,
"",,Khan Baba,67060601,,,,0,32,32,,,
"",,Osakai Payeen,67060604,,,,0,486,486,,,
"",,Osakai Payeen,67060605,,,,0,244,244,,,
"",,,,,,,0,923,923,,,
"",,,,,,,,,,,,
"",,,,,,,,,,,,
105,GPS Teso (T)**,Tiso Bala,67060403,,,,283,186,469,2,1,3
"",,Dherai,67060404,,,,337,227,564,,,
"",,Tiso Payeen,67060409,,,,97,63,160,,,
"",,,,,,,717,476,1193,,,
"",,,,,,,,,,,,
106,GMS Chikho  (T)**,Chikho Bala,67060402,,,,210,162,372,2,1,3
"",,Chikho Payeen,67060408,,,,203,154,357,,,
"",,,,,,,413,316,729,,,
"",,,,,,,,,,,,
"",,,,,,,,,,,,
107,GPS Koti Gram (Khwajal) (T)**,Koti Gram,67060504,,,,718,0,718,4,0,4
"",,Koti Gram,67060505,,,,491,0,491,,,
"",,,,,,,1209,0,1209,,,
"",,,,,,,,,,,,
108,GPS Tulandai Kotigram  (T)**,Koti Gram,67060504,,,,0,462,462,0,3,3
"",,Koti Gram,67060505,,,,0,343,343,,,
"",,,,,,,0,805,805,,,
"",,,,,,,,,,,,
"",,,,,,,,,,,,
"",,,,,,,,,,,,
109,"GHS, Kotigram (P)*",Kotigram Payeen,67060501,,,,568,0,568,4,0,4
"",,Kotigram Payeen,67060502,,,,491,0,491,,,
"",,Kotigram Payeen,67060503,,,,211,0,211,,,
"",,Naqai,67060506,,,,99,0,99,,,
"",,,,,,,1369,0,1369,,,
"",,,,,,,,,,,,
110,"GGPS, Kotigram Payeen (T)**",Kotigram Payeen,67060501,,,,0,413,413,0,2,2
"",,Kotigram Payeen,67060502,,,,0,379,379,,,
"",,Kotigram Payeen,67060503,,,,0,142,142,,,
"",,Naqai,67060506,,,,0,80,80,,,
"",,,,,,,0,1014,1014,,,
"",,,,,,,,,,,,
111,GPS Gorya Khawar (T)**,Gorya Khawar (B),67060301,,,,258,244,502,2,2,4
"",,Gorya Khawar(P),67060302,,,,208,162,370,,,
"",,,,,,,466,406,872,,,
"",,,,,,,,,,,,
112,GPS Lalko T)**,Lalako,67060303,,,,513,445,958,2,1,3
"",,,,,513,445,958,,,,,
1,"GGPS Khan Piquet, Gosam(T)**",Kata Sar,6010101,,,,285,163,448,3,1,4
"",,Gosam,6010102,,,,773,425,1198,,,
"",,,,,,,1058,588,1646,,,
"",,,,,,,,,,,,
2,GPS Ghanum shah,Ghanum Shah,6010106,,,,297,211,508,2,1,3
"",,KhaDI Khela,6020803,,,,261,143,404,,,
"",,,,,,,558,354,912,,,
"",,,,,,,,,,,,
"",,,,,,,,,,,,
3,GPS Khona Picut (T)**,Dag Gosam,6010103,,,,728,319,1047,3,1,4
"",,Khona Pikat,6010104,,,,74,40,114,,,
"",,Bila,6010105,,,,67,39,106,,,
"",,,,,,,869,398,1267,,,
"",,,,,,,,,,,,
4,GPS Garrah (T)**,Jarjorai,6010201,,,,26,12,38,2,1,3
"",,Tangai,6010202,,,,125,77,202,,,
"",,Ghobana,6010203,,,,144,85,229,,,
"",,Garrah,6010405,,,,386,214,600,,,
"",,,,,,,681,388,1069,,,
"",,,,,,,,,,,,
5,"GGCMS, Ghara (T)**",Rahim Abad,6010204,,,,661,335,996,2,1,3
"",,Fazil,6010301,,,,44,28,72,,,
"",,,,,,,705,363,1068,,,
"",,,,,,,,,,,,
6,GHS Barjam Makhai (T)**,janat Tangai,6010304,,,,209,140,349,2,1,3
"",,Bimro Banda,6010305,,,,101,72,173,,,
"",,karmo,6010502,,,,161,106,267,,,
"",,Karghan,6010504,,,,60,39,99,,,
"",,,,,,,531,357,888,,,
"",,,,,,,,,,,,
7,GPS Ghund Kalay,Ghond kalay,6010503,,,,213,136,349,2,1,3
"",,Rahmat Tangay,6010505,,,,208,133,341,,,
"",,Prang Dara,6010904,,,,68,45,113,,,
"",,Sara Sar,6010905,,,,87,47,134,,,
"",,,,,,,576,361,937,,,
"",,,,,,,,,,,,
Deharai Makhai,6010302,,,,18,10,28,,,,,
shagai,6010303,,,,33,12,45,,,,,
Shenalai,6010401,,,,53,25,78,,,,,
Chinar,6010402,,,,340,204,544,,,,,
"",,Qilla,6010501,,,,174,110,284,,,
"",,Salo banda,6010607,,,,220,140,360,,,
"",,Kolam Dara,6010903,,,,188,105,293,,,
"",,,,,,,1026,606,1632,,,
"",,,,,,,,,,,,
9,"GPS, Diaroon (T)*",Diaroon,6010702,,,,578,309,887,2,1,3
"",,Elanai,6010703,,,,142,98,240,,,
"",,Chapi,6010704,,,,21,23,44,,,
"",,,,,,,741,430,1171,,,
10,"GGPS, Khazana (T)*",Khazana,6010705,,,,72,60,132,1,1,2
"",,Gulbarag,6010706,,,,43,25,68,,,
"",,Khazanna NO 2,6010801,,,,121,82,203,,,
"",,Banr Khazana,6010802,,,,167,111,278,,,
"",,,,,,,403,278,681,,,
"",,,,,,,,,,,,
11,GMS Kotkay pati khel (T)**,Bihram Baba,6010403,,,,315,200,515,2,1,3
"",,Gul Bela,6010404,,,,276,164,440,,,
"",,,,,,,591,364,955,,,
"",,,,,,,,,,,,
12,"GGPS, Kotkay",Kotkay,6010406,,,,255,141,396,2,1,3
"",,Malala,6010803,,,,375,214,589,,,
"",,Manai Tangai,6010804,,,,27,15,42,,,
"",,,,,,,657,370,1027,,,
"",,,,,,,,,,,,
13,GPS Paloso Dag (T)**,Paloso Dag,6010604,,,,498,315,813,2,1,3
"",,Malala Dog,6010606,,,,219,117,336,,,
"",,,,,,,717,432,1149,,,
"",,,,,,,,,,,,
14,"GHS, Hisarak(t)**",hisarak  Bala,6010901,,,,135,89,224,1,1,2
"",,Hisarak  Payeen,6010902,,,,221,150,371,,,
"",,,,,,,356,239,595,,,
"",,,,,,,,,,,,
15,GPS Khazana (T)**,pata,6010601,,,,56,0,56,2,0,2
"",,Islam Dehrai,6010602,,,,168,0,168,,,
"",,Karkan Shah,6010603,,,,233,0,233,,,
"",,Qilla gai,6010605,,,,186,0,186,,,
"",,,,,,,643,0,643,,,
"",,,,,,,,,,,,
16,"GHSS, Khazana (T)**",Matta,6010701,,,,326,0,326,4,0,4
"",,Landa Kor,6010805,,,,305,0,305,,,
"",,Zolam,6010806,,,,150,0,150,,,
"",,Walai,6010906,,,,390,0,390,,,
"",,,,,,,1171,0,1171,,,
"",,,,,,,,,,,,
17,"GGHS, Khazana (T)**",pata,6010601,,,,0,32,32,0,3,3
"",,Islam Dehrai,6010602,,,,0,103,103,,,
"",,Karkan Shah,6010603,,,,0,142,142,,,
"",,Qilla gai,6010605,,,,0,100,100,,,
"",,Matta,6010701,,,,0,206,206,,,
"",,Landa Kor,6010805,,,,0,172,172,,,
"",,Zolam,6010806,,,,0,101,101,,,
"",,Walai,6010906,,,,0,192,192,,,
"",,,,,,,0,1048,1048,,,
"",,,,,,,,,,,,
Mulyano Banda,006020101,,,,179,98,277,,,,,
Rostam Banda,6020102,,,,255,156,411,,,,,
"",,Gidaro,6020405,,,,40,26,66,,,
"",,Gidaro shai,6020505,,,,145,73,218,,,
"",,Dherai Bala,6020506,,,,206,117,323,,,
"",,Khaista Dherai,6020601,,,,200,124,324,,,
"",,,,,,,1025,594,1619,,,
"",,,,,,,,,,,,
19,GPS Godar (T)**,Bakro,6020103,,,,232,153,385,2,1,3
"",,Kandil,6020104,,,,65,18,83,,,
"",,Bargo Kano,6020105,,,,271,157,428,,,
"",,Bazwanai,6020106,,,,83,34,117,,,
"",,,,,,,651,362,1013,,,
"",,,,,,,,,,,,
20,GPS Korai,Zara Banda,6020201,,,,76,28,104,2,1,3
"",,Dhal,6020202,,,,103,45,148,,,
"",,Korai,6020203,,,,176,53,229,,,
"",,Karona,6020204,,,,61,35,96,,,
"",,Kagawaga,6020205,,,,93,44,137,,,
"",,,,,,,509,205,714,,,
"",,,,,,,,,,,,
21,GPS Awarai (T)**,Awarai Kalay,6020206,,,,259,163,422,2,1,3
"",,Takoro Banda,6020301,,,,206,131,337,,,
"",,Sori Pawo,6020306,,,,260,116,376,,,
"",,,,,,,725,410,1135,,,
"",,,,,,,,,,,,
22,GHS Takwaro (T)**,Karin Kalay,6020302,,,,85,56,141,2,1,3
"",,Minz Kalay,6020303,,,,164,105,269,,,
"",,Rasool Patay,6020304,,,,160,93,253,,,
"",,Rasool Banda,6020305,,,,216,126,342,,,
"",,Musa Patay,6020307,,,,74,39,113,,,
"",,,,,,,699,419,1118,,,
23,"GGPS, Lowai Shah",,,,,,,,,2,1,3
"",,Bargai,6020401,,,,60,37,97,,,
"",,Kandero Kaslay,6020402,,,,122,64,186,,,
"",,Lowai Shah,6020404,,,,220,122,342,,,
"",,Asman Banda,6020805,,,,166,102,268,,,
"",,,,,,,568,325,893,,,
"",,,,,,,,,,,,
24,GPS Qalla Shalkandai (P)*,Chirgo Khwar,6020403,,,,28,4,32,2,1,3
"",,Chirgo Kaly,6020406,,,,64,35,99,,,
"",,Ghlu Tangai,6020407,,,,170,86,256,,,
"",,Manogai,6020502,,,,356,215,571,,,
"",,Qilagai,6020602,,,,117,85,202,,,
"",,,,,,,735,425,1160,,,
"",,,,,,,,,,,,
25,"GGHS, Shalkandai, (T)**",Dangi Sar,6020503,,,,316,185,501,2,1,3
"",,Qilla Shalkandai,6020504,,,,153,78,231,,,
"",,Srashah,6020604,,,,45,38,83,,,
"",,Ghakhay,6020605,,,,174,104,278,,,
"",,Amin Abad,6020606,,,,57,30,87,,,
"",,,,,,,745,435,1180,,,
"",,,,,,,,,,,,
Chamyar Kas,6020501,,,,212,0,212,,,,,
Landai,6020603,,,,49,0,49,,,,,
Jono Dherai,6020701,,,,339,0,339,,,,,
Chupraqa,6020702,,,,138,0,138,,,,,
Dando Shah,6020703,,,,408,0,408,,,,,
"",,Sanzo,6020704,,,,200,0,200,,,
"",,Musa Abad,6020707,,,,542,0,542,,,
"",,,,,,,1888,0,1888,,,
"",,,,,,,,,,,,
"",,,,,,,,,,,,
27,"GGMS, Musa Abad (T)**",Chamyar Kas,6020501,,,,0,121,121,0,3,3
"",,Landai,6020603,,,,0,25,25,,,
"",,Jono Dherai,6020701,,,,0,186,186,,,
"",,Chupraqa,6020702,,,,0,89,89,,,
"",,Dando Shah,6020703,,,,0,247,247,,,
"",,Sanzo,6020704,,,,0,135,135,,,
"",,Musa Abad,6020707,,,,0,298,298,,,
"",,,,,,,0,1101,1101,,,
"",,,,,,,,,,,,
28,GHSS Munda (P)*,Munda,6020705,,,,1164,0,1164,4,0,4
"",,Munda,6020706,,,,515,0,515,,,
"",,,,,,,1679,0,1679,,,
29,"GGHS, Munda (T)**",Munda,6020705,,,,0,788,788,0,3,3
"",,Munda,6020706,,,,0,317,317,,,
"",,,,,,,0,1105,1105,,,
"",,,,,,,,,,,,
30,GPS Jan Mohammada (T)**,Jan Mohammada,6020801,,,,244,151,395,3,1,4
"",,Miuhammad Banda,6020802,,,,55,28,83,,,
"",,Fashtai,6020804,,,,244,126,370,,,
"",,Hasham,6020806,,,,215,133,348,,,
"",,,,,,,758,438,1196,,,
"",,,,,,,,,,,,
31,"GHS, Takora Shehan (T)**",Badalzo,6030103,,,,238,201,439,3,1,4
"",,Anangorai,6030104,,,,253,164,417,,,
"",,Mian Kalay Shah,6030105,,,,512,306,818,,,
"",,,,,,,1003,671,1674,,,
"",,,,,,,,,,,,
32,GHSS Mian Kalay P.S#1 (P)*,Mian Kalay,6030106,,,,89,0,89,3,0,3
"",,Mian Kalay,6030107,,,,244,0,244,,,
"",,Mian Kalay,6030108,,,,279,0,279,,,
"",,Mian Kalay,6030109,,,,151,0,151,,,
"",,Mian Kalay,6030110,,,,230,0,230,,,
"",,,,,,,993,0,993,,,
33,GHSS Mian Kalay P.S#2 (T)**,,,,,,,,,4,0,4
"",,Mian Kalay,6030111,,,,189,0,189,,,
"",,Mian Kalay,6030112,,,,142,0,142,,,
"",,Mian Kalay,6030113,,,,72,0,72,,,
"",,Mian Kalay,6030114,,,,643,0,643,,,
"",,Mian Kalay,6030115,,,,89,0,89,,,
"",,,,,,,1135,0,1135,,,
"",,,,,,,,,,,,
Mian Klay,6030106,,,,0,77,77,,,,,
Mian Klay,6030107,,,,0,182,182,,,,,
Mian Kalay,6030108,,,,0,184,184,,,,,
Mian Klay,6030109,,,,0,124,124,,,,,
Mian Klay,6030110,,,,0,167,167,,,,,
Mian Klay,6030111,,,,0,130,130,,,,,
Mian Klay,6030112,,,,0,104,104,,,,,
Mian Klay,6030113,,,,0,60,60,,,,,
Mian Klay,6030114,,,,0,464,464,,,,,
Mian Klay,6030115,,,,0,79,79,,,,,
"",,,,,,,0,1571,1571,,,
"",,,,,,,,,,,,
35,GPS Mian Kalay (T)**,Jalala,6030101,,,,187,120,307,3,1,4
"",,Toora Ghondai,6030102,,,,185,103,288,,,
"",,Mian Kalay,6030116,,,,409,336,745,,,
"",,,,,,,781,559,1340,,,
"",,,,,,,,,,,,
36,GPS Lowi Kalay (T)**,Lowi Kalay,6030201,,,,225,161,386,3,1,4
"",,Shah Gjo Kalay,6030202,,,,67,59,126,,,
"",,Sandalo Kalay,6030203,,,,84,63,147,,,
"",,Dand,6030204,,,,63,47,110,,,
"",,Shago Kalay,6030205,,,,187,109,296,,,
"",,Rashakai,6030206,,,,166,88,254,,,
"",,Kamar Sar,6030207,,,,98,96,194,,,
"",,,,,,,890,623,1513,,,
"",,,,,,,,,,,,
37,GPS Inzaro Banda (T)**,Sapo Kamar,6030301,,,,70,72,142,2,1,3
"",,Tofan Shah,6030302,,,,200,139,339,,,
"",,Mula Banda,6030303,,,,340,149,489,,,
"",,,,,,,610,360,970,,,
"",,,,,,,,,,,,
38,"GPS, Tofan Shah (T)**",Khushmuqam,6030304,,,,90,26,116,1,1,2
"",,Inzaro Banda,6030305,,,,405,283,688,,,
"",,,,,,,495,309,804,,,
"",,,,,,,,,,,,
39,BHU Arif (T)**,Babo,6030401,,,,105,62,167,2,1,3
"",,Chalgazai,6030402,,,,215,120,335,,,
"",,Tabilo,6030403,,,,132,85,217,,,
"",,Arif,6030405,,,,280,195,475,,,
"",,,,,,,732,462,1194,,,
"",,,,,,,,,,,,
40,GHS Toor Qilla (P)*,Badonai,6030501,,,,315,221,536,3,1,4
"",,Shekhan,6030502,,,,204,117,321,,,
"",,Toor Qilla,6030503,,,,420,251,671,,,
"",,,,,,,939,589,1528,,,
"",,,,,,,,,,,,
41,GPS Barikawo (T)**,Barikawo,6030504,,,,546,392,938,3,1,4
"",,Rasha Dhrrai,6030505,,,,177,102,279,,,
"",,,,,,,723,494,1217,,,
"",,,,,,,,,,,,
42,GPS Bazarak (T)**,Manai Mandizo,6030601,,,,223,146,369,2,1,3
"",,Hasiney,6030602,,,,120,75,195,,,
"",,Dheri Mandizo,6030603,,,,226,136,362,,,
"",,Sori Mandizo,6030604,,,,41,24,65,,,
"",,,,,,,610,381,991,,,
"",,,,,,,,,,,,
43,"GGPS, Mandizo",Sambiak,6030605,,,,71,47,118,2,1,3
"",,Bazarak,6030708,,,,576,384,960,,,
"",,,,,,,647,431,1078,,,
"",,,,,,,,,,,,
44,GPS Banr (T)**,Kandaro,6030404,,,,142,86,228,3,1,4
"",,Dopa,6030701,,,,426,330,756,,,
"",,,,,,,568,416,984,,,
"",,,,,,,,,,,,
Banrh,6030702,,,,249,154,403,,,,,
Karapa,6030703,,,,59,43,102,,,,,
"",,Landai Shah,6030704,,,,40,33,73,,,
"",,Dop Qilla,6030705,,,,11,6,17,,,
"",,Shinjai,6030706,,,,230,160,390,,,
"",,Binjar Kaso,6030707,,,,108,74,182,,,
"",,,,,,,697,470,1167,,,
46,GHS Sadbar Kalay (P)*,Sadbar Kalay,6050101,,,,655,459,1114,2,1,3
"",,,,,,,655,459,1114,,,
"",,,,,,,,,,,,
47,"GPS Sadbar Kalay, (T)**",Sadbar Kalay,6050102,,,,596,427,1023,2,1,3
"",,,,,,,596,427,1023,,,
"",,,,,,,,,,,,
48,GGPS Tangi Payeen (T)**,Gatkay,6050104,,,,120,56,176,3,1,4
"",,Gujaro Kalay,6050105,,,,210,112,322,,,
"",,Tangi Payeen,6050106,,,,469,297,766,,,
"",,Bandagai,6050207,,,,263,141,404,,,
"",,,,,,,1062,606,1668,,,
"",,,,,,,,,,,,
49,GPS Swara Ghwandai (T)**,Skha Dand,6050103,,,,143,83,226,3,1,4
"",,Kartoso Kalay,6050107,,,,165,103,268,,,
"",,Swara Ghwandai,6050108,,,,517,343,860,,,
"",,,,,,,825,529,1354,,,
"",,,,,,,,,,,,
50,"GGPS, Swara Ghwandai (T)**",Swara Ghwandai,6050109,,,,100,78,178,2,1,3
"",,Jabo,6050204,,,,76,42,118,,,
"",,Sabar Shah,6050208,,,,384,234,618,,,
"",,,,,,,560,354,914,,,
"",,,,,,,,,,,,
51,GPS Charmango (T)**,Paloso,6050303,,,,449,270,719,3,1,4
"",,Charmango,6050305,,,,405,210,615,,,
"",,,,,,,854,480,1334,,,
"",,,,,,,,,,,,
52,GGPS Shina (T)**,Biro,6050201,,,,362,206,568,3,1,4
"",,Shina,6050302,,,,566,407,973,,,
"",,,,,,,928,613,1541,,,
"",,,,,,,,,,,,
53,GMS Qandaharay (T)**,Islam Gat,6050202,,,,132,46,178,2,1,3
"",,Shagai,6050203,,,,66,44,110,,,
"",,Qandaharay,6050205,,,,484,262,746,,,
"",,,,,,,682,352,1034,,,
"",,,,,,,,,,,,
54,"GGPS, Qandaharay (T)**",Qandaharay,6050206,,,,230,110,340,2,1,3
"",,Walo Obo,6050301,,,,190,96,286,,,
"",,Jabagai,6050407,,,,99,53,152,,,
"",,,,,,,519,259,778,,,
"",,,,,,,,,,,,
55,GGMS Hanifa (T)**,Moragai,6050304,,,,111,78,189,3,1,4
"",,Hanifa,6050306,,,,348,243,591,,,
"",,Kas Koto,6050307,,,,393,254,647,,,
"",,,,,,,852,575,1427,,,
"",,,,,,,,,,,,
56,GPS Chamartalai (T)**,Cham Payeen,6050402,,,,30,21,51,3,1,4
"",,Chamartalai,6050404,,,,416,280,696,,,
"",,Khazana,6050405,,,,249,132,381,,,
"",,Cham Bala,6050406,,,,258,160,418,,,
"",,,,,,,953,593,1546,,,
"",,,,,,,,,,,,
57,GPS Ghanderay Payeen (T)**,Ghanderay Bala,6050401,,,,311,158,469,3,1,4
"",,handeray Payen,6050403,,,,564,321,885,,,
"",,,,,,,875,479,1354,,,
"",,,,,,,,,,,,
58,GHSS Samar Bagh (P)*,Samar Bagh,6060101,,,,456,0,456,4,0,4
"",,Samar Bagh,6060102,,,,265,0,265,,,
"",,Samar Bagh,6060103,,,,203,0,203,,,
"",,Samar Bagh,6060104,,,,476,0,476,,,
"",,Gul Dherai,6060201,,,,48,0,48,,,
"",,,,,,,1448,0,1448,,,
"",,,,,,,,,,0,3,3
59,"GGHSS, Samarbagh (T)**",Samar Bagh,6060101,,,,0,357,357,,,
"",,Samar Bagh,6060102,,,,0,200,200,,,
"",,Samar Bagh,6060103,,,,0,144,144,,,
"",,Samar Bagh,6060104,,,,0,336,336,,,
"",,Gul Dherai,6060201,,,,0,20,20,,,
"",,,,,,,0,1057,1057,,,
"",,,,,,,,,,,,
60,GPS Nawo Koto (T)**,Kamangara,6060105,,,,327,0,327,4,0,4
"",,Munshi Cham,6060106,,,,118,0,118,,,
"",,Nawo Koto,6060107,,,,741,0,741,,,
"",,Sar China,6060108,,,,118,0,118,,,
"",,Jar Joray,6060506,,,,30,0,30,,,
"",,,,,,,1334,0,1334,,,
"",,,,,,,,,,,,
61,"GGPS, Nawo Koto (T)**",Kamangara,6060105,,,,0,201,201,0,3,3
"",,Munshi Cham,6060106,,,,0,90,90,,,
"",,Nawo Koto,6060107,,,,0,512,512,,,
"",,Sar China,6060108,,,,0,75,75,,,
"",,Jar Joray,6060506,,,,0,23,23,,,
"",,,,,,,0,901,901,,,
"",,,,,,,,,,,,
62,GGPS Tatar (T)**,Titar,6060202,,,,464,345,809,1,1,2
"",,,,,,,464,345,809,,,
"",,,,,,,,,,,,
63,GGPS Rahim Abad (T)**,Rahim Abad,6060203,,,,650,456,1106,2,1,3
"",,,,,,,650,456,1106,,,
"",,,,,,,,,,,,
64,GPS Qashodal (T)**,Qashodal,6060205,,,,551,334,885,2,1,3
"",,Khan Banda,6060301,,,,215,152,367,,,
"",,,,,,,766,486,1252,,,
"",,,,,,,,,,,,
65,"GHS, Ashrkor (T)**",Asharkor Payeen,6060204,,,,875,0,875,4,0,4
"",,Asharkor Bala,6060302,,,,591,0,591,,,
"",,Bazarzai,6060303,,,,169,0,169,,,
"",,Sar Lara,6060507,,,,10,0,10,,,
"",,,,,,,1645,0,1645,,,
"",,,,,,,,,,,,
66,"GGPS, Ashrkor (T)**",Asharkor Payeen,6060204,,,,0,560,560,0,3,3
"",,Asharkor Bala,6060302,,,,0,346,346,,,
"",,Bazarzai,6060303,,,,0,124,124,,,
"",,Sar Lara,6060507,,,,0,8,8,,,
"",,,,,,,0,1038,1038,,,
"",,,,,,,,,,,,
67,GHS Shontala (P)*,Shontala,6060304,,,,692,508,1200,2,1,3
"",,,,,692,508,1200,,,,,
"",,,,,,,,,,,,
68,GMS Shontala (T)**,Shontala,6060305,,,,370,258,628,1,1,2
"",,,,,,,370,258,628,,,
"",,,,,,,,,,,,
69,GPS Ali Sher (T)**,Ajabay,6060306,,,,357,226,583,3,1,4
"",,Ali Sher,6060307,,,,627,404,1031,,,
"",,,,,,,984,630,1614,,,
"",,,,,,,,,,,,
70,"GPS, Golar (T)**",Kasai,6060402,,,,125,80,205,1,1,2
"",,Manzai,6060403,,,,130,79,209,,,
"",,Golar,6060503,,,,123,82,205,,,
"",,MiwaPayeen,6060504,,,,65,55,120,,,
"",,Miwa Bala,6060505,,,,46,37,83,,,
"",,,,,,,489,333,822,,,
"",,,,,,,,,,,,
71,GPS Ghwara Banda (T)**,Ghwara Banda,6060501,,,,264,182,446,2,1,3
"",,Ghwara Banda,6060502,,,,400,301,701,,,
"",,,,,,,664,483,1147,,,
"",,,,,,,,,,,,
72,GPS Shpanko Kasai (T)**,Shpanko Kasai,6060401,,,,425,330,755,1,1,2
"",,,,,,,425,330,755,,,
"",,,,,,,,,,,,
73,"GPS, Suryanai",Suryanai,6060404,,,,348,217,565,1,1,2
"",,,,,,,348,217,565,,,
"",,,,,,,,,,,,
74,GHSS Mayar (P)*,Shakrata,6090102,,,,172,119,291,3,1,4
"",,Janmai,6090103,,,,206,127,333,,,
"",,Mayar,6090311,,,,428,300,728,,,
"",,,,,,,806,546,1352,,,
"",,,,,,,,,,,,
75,GGPS Hakim Abad (T)**,Hakim Abad,6090101,,,,364,254,618,3,1,4
"",,Dagay Shah,6090104,,,,204,125,329,,,
"",,Paloso Shakarta,6090106,,,,38,30,68,,,
"",,Mayar Qilla,6090107,,,,50,45,95,,,
"",,Chaghraba,6090406,,,,134,64,198,,,
"",,,,,,,790,518,1308,,,
"",,,,,,,,,,,,
76,GPS Hakim Abad (T)**,Dag Qilla,6090105,,,,166,0,166,4,0,4
"",,Dag Qilla,6090305,,,,173,0,173,,,
"",,Juni Kalay,6090307,,,,474,0,474,,,
"",,Juni Kalay,6090308,,,,317,0,317,,,
"",,,,,,,1130,0,1130,,,
"",,,,,,,,,,,,
77,GGPS Juni Kalay (T)**,Dag Qilla,6090105,,,,0,101,101,2,0,2
"",,Dag Qilla,6090305,,,,0,113,113,,,
"",,Juni Kalay,6090307,,,,0,342,342,,,
"",,Juni Kalay,6090308,,,,0,230,230,,,
"",,,,,,,0,786,786,,,
"",,,,,,,,,,,,
78,GPS Gambir (T)**,Markhano Shah,6090201,,,,430,250,680,3,1,4
"",,Gambeer,6090301,,,,116,60,176,,,
"",,Gambeer,6090302,,,,575,363,938,,,
"",,,,,,,1121,673,1794,,,
"",,,,,,,,,,,,
Jabagai,6090202,,,,309,168,477,,,,,
Botigata,6090306,,,,202,133,335,,,,,
"",,Diwana Dherai,6090501,,,,24,15,39,,,
"",,Drazinda,6090502,,,,36,14,50,,,
"",,Nasar,6090506,,,,154,95,249,,,
"",,,,,,,725,425,1150,,,
"",,,,,,,,,,,,
80,GMS Kotki Shahi Khel (T)**,Kotki Shahi Khel,6090303,,,,572,418,990,3,1,4
"",,Kotki Shahi Khel,6090304,,,,66,34,100,,,
"",,Khanao Banda,6090401,,,,42,25,67,,,
"",,Malkana Kotkay,6090503,,,,164,89,253,,,
"",,Sabar Shah Kotkay,6090504,,,,51,25,76,,,
"",,Bandagai,6090507,,,,50,36,86,,,
"",,,,,,,945,627,1572,,,
"",,,,,,,,,,,,
81,GGPS Chamyarona Banda (T)**,Bakar,6090402,,,,243,124,367,2,1,3
"",,Zardali Banda,6090403,,,,202,118,320,,,
"",,Asilo Banda,6090404,,,,298,133,431,,,
"",,,,,,,743,375,1118,,,
"",,,,,,,,,,,,
82,GPS Chamyarano Banda (T)**,Inzaro Shah,6090405,,,,127,59,186,1,1,2
"",,Chmyarano Bnda,6090407,,,,80,58,138,,,
"",,Tangi Shah,6090505,,,,276,153,429,,,
"",,,,,,,483,270,753,,,
"",,,,,,,,,,,,
83,GPS Mayar No. 1 (T)**,Mayar,6090309,,,,430,285,715,3,1,4
"",,Mayar,6090310,,,,593,362,955,,,
"",,,,,,,1023,647,1670,,,
"",,,,,,,,,,,,
84,GPS Mayar Kass (T)**,Mayar,6090312,,,,809,0,809,4,0,4
"",,Mayar,6090314,,,,389,0,389,,,
"",,,,,,,1198,0,1198,,,
"",,,,,,,,,,,,
85,"GGHSS, Mayar (T)**",Mayar,6090312,,,,0,587,587,0,3,3
"",,Mayar,6090314,,,,0,270,270,,,
"",,,,,,,0,857,857,,,
"",,,,,,,,,,,,
"",,,,,,,,,,,,
86,GGHS Mayar (T)**,Mayar,6090313,,,,1012,755,1767,3,1,4
"",,,,,,,1012,755,1767,,,
"",,,,,,,,,,,,
87,GHS Badin (T)**,Badin,6090203,,,,440,254,694,2,1,3
Badin,6090204,,,,258,162,420,,,,,
"",,,,,698,416,1114,,,,,
1,GHS Maskeny (P)*,Dhrerai Bala,6040101,,,,319,224,543,3,1,4
"",,Mskeny Qilla,6040201,,,,295,198,493,,,
"",,,,,,,614,422,1036,,,
"",,,,,,,,,,,,
2,"GGMS, Maskeny (T)**",Toti Banda,6040202,,,,375,222,597,2,1,3
"",,Darbar,6040405,,,,65,65,130,,,
"",,Rangul Bala,6040603,,,,144,101,245,,,
"",,Shagai,6040705,,,,71,45,116,,,
"",,,,,,,655,433,1088,,,
"",,,,,,,,,,,,
3,GPS Mian Banda (T)**,Ranidalay,6040102,,,,283,167,450,2,1,3
"",,Ranidalay,6040103,,,,400,250,650,,,
"",,Sandilo,6040104,,,,49,14,63,,,
"",,,,,,,732,431,1163,,,
"",,,,,,,,,,,,
4,GPS Mian Banda (T)**,Halim Serai,6040108,,,,159,79,238,2,1,3
"",,Mian Banda,6040109,,,,136,87,223,,,
"",,Mian Banda,6040110,,,,460,236,696,,,
"",,,,,,,755,402,1157,,,
"",,,,,,,,,,,,
5,GPS Gulo Dherai (T)**,Karborai,6040105,,,,142,92,234,2,1,3
"",,Gulo Dherai,6040106,,,,168,89,257,,,
"",,Zaray,6040107,,,,55,38,93,,,
"",,Garday,6040601,,,,54,42,96,,,
"",,Ashrogai,6040804,,,,163,107,270,,,
"",,,,,,,582,368,950,,,
6,"GPS Dherai, (T)**",,,,,,,,,,,
Naqai,6040805,,,,37,32,69,,,,,
Dherai Payeen,6040901,,,,145,92,237,,,,,
Sangar,6040902,,,,60,44,104,,,,,
Sangipara,6040903,,,,169,115,284,,,,,
Rangul Payen,6040904,,,,109,83,192,,,,,
"",,,,,520,366,886,,,,,
"",,,,,,,,,,,,
7,GMS Kakas (T)**,Ado,6040203,,,,105,63,168,2,2,4
"",,landay,6040204,,,,31,22,53,,,
"",,Ganjla,6040205,,,,162,103,265,,,
"",,Karinona,6040303,,,,174,95,269,,,
"",,Manjafar,6040304,,,,100,49,149,,,
"",,Skhawono,6040403,,,,132,66,198,,,
"",,,,,,,704,398,1102,,,
"",,,,,,,,,,,,
8,"GGPS, Kakas (T)**",Kakas,6040404,,,,496,361,857,3,1,3
"",,Sokai,6040406,,,,201,105,306,,,
"",,Dabona,6040502,,,,75,43,118,,,
"",,Haji Kalay,6040604,,,,96,63,159,,,
"",,,,,,,868,572,1440,,,
"",,,,,,,,,,,,
9,GPS Kandowolo(T)**,Kharkay,6040301,,,,249,161,410,3,1,4
"",,Kharkay,6040302,,,,119,60,179,,,
"",,Sheikh Patay,6040305,,,,84,37,121,,,
"",,Pandoray,6040306,,,,98,36,134,,,
"",,Bosta,6040504,,,,164,71,235,,,
"",,Kachal,6040505,,,,170,73,243,,,
"",,Kandawolo,6040506,,,,138,72,210,,,
"",,,,,,,1022,510,1532,,,
"",,,,,,,,,,,,
10,GPS Dhall (T)**,Sadokai,6040401,,,,112,73,185,2,1,3
"",,dhall,6040402,,,,158,114,272,,,
"",,Banai,6040503,,,,258,152,410,,,
"",,Matta,6040602,,,,58,20,78,,,
"",,charmal,6040704,,,,59,23,82,,,
"",,,,,,,645,382,1027,,,
"",,,,,,,,,,,,
11,GPS Mandal (T)**,Jihanpasa,6040701,,,,276,212,488,2,1,3
"",,Prata,6040702,,,,461,359,820,,,
"",,Mandal,6040703,,,,123,103,226,,,
"",,,,,,,860,674,1534,,,
"",,,,,,,,,,,,
12,GPS Tooran (T)**,Moragai,6040501,,,,94,72,166,3,1,4
"",,Kolalan,6040801,,,,318,227,545,,,
"",,Shino Banda,6040802,,,,75,42,117,,,
"",,Pitawo Banda,6040803,,,,161,109,270,,,
"",,Dherako,6040905,,,,105,82,187,,,
"",,Toran,6040906,,,,191,144,335,,,
"",,,,,,,944,676,1620,,,
13,GHS Damtal (P)*,Damtal,6070102,,,,506,369,875,1,1,2
"",,,,,,,506,369,875,,,
"",,,,,,,,,,,,
Damtal,6070103,,,,365,251,616,,,,,
Ghadai,6070104,,,,406,247,653,,,,,
"",,,,,,,771,498,1269,,,
"",,,,,,,,,,,,
15,GGPS Bokrai (T)**,Bokrai,6070101,,,,259,180,439,2,1,3
"",,Khargai,6070203,,,,442,300,742,,,
"",,,,,,,701,480,1181,,,
"",,,,,,,,,,,,
16,GPS Bandai Shah,Bandai Shah,6070504,,,,492,319,811,1,1,2
"",,,,,,,492,319,811,,,
"",,,,,,,,,,,,
17,GPS Chupraqa (T)**,Chupraqa,6070105,,,,340,165,505,2,1,3
"",,Chinaray,6070106,,,,39,27,66,,,
"",,Dawagira,6070107,,,,204,149,353,,,
"",,Lohar,6070206,,,,141,70,211,,,
"",,,,,,,724,411,1135,,,
18,GMS Sra Dherai (T)**,Sra Dherai,6070306,,,,431,245,676,1,1,2
"",,,,,,,431,245,676,,,
"",,,,,,,,,,,,
19,GHS Kambat (P)*,Kambat,6070301,,,,273,0,273,4,0,4
"",,Kambat,6070302,,,,232,0,232,,,
"",,Kambat,6070303,,,,722,0,722,,,
"",,Boto Kmbat,6070304,,,,402,0,402,,,
"",,,,,,,1629,,1629,,,
20,GPS  Kambat No.2,Kambat,6070301,,,,0,181,181,0,3,3
"",,Kambat,6070302,,,,0,130,130,,,
"",,Kambat,6070303,,,,0,487,487,,,
"",,Boto Kmbat,6070304,,,,0,254,254,,,
"",,,,,,,,1052,1052,,,
"",,,,,,,,,,,,
21,GPS Dherai Kambat/Sarkai (T)**,Qilla Kambat,6070305,,,,402,242,644,3,1,4
"",,Kanro Kambat,6070401,,,,122,73,195,,,
"",,Owdi Banda,6070402,,,,80,52,132,,,
"",,Sarkai,6070403,,,,369,236,605,,,
"",,,,,,,973,603,1576,,,
"",,,,,,,,,,,,
22,GGMS Lekor Kambat (T)**,Lekor,6070202,,,,1042,665,1707,3,1,4
"",,,,,,,1042,665,1707,,,
"",,,,,,,,,,,,
23,GGPS Denjarai (T)**,Gwola,6070404,,,,121,48,169,3,1,4
"",,Denjarai,6070405,,,,840,516,1356,,,
"",,,,,,,961,564,1525,,,
"",,,,,,,,,,,,
24,GGPS Tangai Bala (T)**,Lalo,6070204,,,,55,36,91,2,1,3
"",,Malkana,6070205,,,,107,59,166,,,
"",,Sodai,6070307,,,,137,88,225,,,
"",,Nikhan Banda,6070406,,,,188,120,308,,,
"",,Khara,6070201,,,,313,189,790,,,
"",,,,,,,800,492,1580,,,
Tangai Bala,6070501,,,,243,163,406,,,,,
"",,Mozan Banda,6070502,,,,324,224,548,,,
"",,Jawzo Payeen,6070503,,,,44,20,64,,,
"",,,,,,,611,407,1018,,,
"",,,,,,,,,,,,
26,"GPS, Temtai (T)**",Zangyan,6080101,,,,234,137,371,3,1,4
"",,Mian Cham,6080102,,,,120,74,194,,,
"",,Temtai,6080103,,,,202,134,336,,,
"",,Ingaro Korona,6080104,,,,72,52,124,,,
"",,Lajbang,6080105,,,,284,171,455,,,
"",,,,,,,912,568,1480,,,
"",,,,,,,,,,,,
27,GHS Darangal (P)*,Darangal,6080106,,,,308,216,524,2,1,3
"",,Tiya,6080107,,,,316,209,525,,,
"",,,,,,,624,425,1049,,,
"",,,,,,,,,,,,
28,GGMS Darangal (T)**,Birarai,6080108,,,,743,449,1192,2,1,3
"",,,,,,,743,449,1192,,,
"",,,,,,,,,,,,
29,GPS Balooda (T)**,Baloda,6080201,,,,398,251,649,3,1,4
"",,Chadram,6080202,,,,226,128,354,,,
"",,Atan,6080204,,,,311,195,506,,,
"",,,,,,,935,574,1509,,,
"",,,,,,,,,,,,
30,GPS Shahi (T)**,Shahi,6080207,,,,579,279,858,3,1,4
"",,Shahi,6080208,,,,205,120,325,,,
"",,Bargai,6080303,,,,77,21,98,,,
"",,Rokhna,6080304,,,,127,57,184,,,
"",,Kharkai,6080406,,,,43,21,64,,,
"",,,,,,,1031,498,1529,,,
"",,,,,,,,,,,,
31,GPS Gawardesh (T)**,Manai,6080205,,,,334,222,556,2,1,3
"",,Ali Banda,6080206,,,,218,163,381,,,
"",,Gawardesh,6080305,,,,533,309,842,,,
"",,,,,,,1085,694,1779,,,
32,GGPS Benshahi (T)**,Shalkho Kass,6080203,,,,68,39,107,3,1,4
"",,Binshahi,6080301,,,,136,66,202,,,
"",,Jilako,6080302,,,,100,49,149,,,
"",,Digano Dherai,6080403,,,,433,211,644,,,
"",,Bizo Manzai,6080404,,,,391,190,581,,,
"",,Ghuzano Cham,6080405,,,,44,16,60,,,
"",,Barjo,6080407,,,,52,34,86,,,
"",,,,,,,1224,605,1829,,,
"",,,,,,,,,,,,
33,GPS Quro (T)**,Jawzo Bala,6080402,,,,322,220,542,2,1,3
"",,Quro,6080507,,,,293,169,462,,,
"",,,,,,,615,389,1004,,,
"",,,,,,,,,,,,
Lwanda,6080502,,,,164,72,236,,,,,
"",,Naway Kalay,6080505,,,,236,134,370,,,
"",,Ghund,6080506,,,,204,119,323,,,
"",,,,,,,604,325,929,,,
"",,,,,,,,,,,,
35,GPS Mora Shah (T)**,Ijara  Kalay,6080306,,,,186,131,317,2,1,3
"",,Mura Shah,6080501,,,,403,225,628,,,
"",,,,,,,589,356,945,,,
"",,,,,,,,,,,,
36,GPS Sharbanai (T)**,Jabagai,6080401,,,,235,152,387,2,1,3
"",,Sharbanai,6080504,,,,424,275,699,,,
"",,,,,,,659,427,1086,,,
"",,,,,,,,,,,,
37,GGPS Sharbanai,Butta,6080503,,,,549,275,824,2,1,3
"",,,,,,,549,275,824,,,
38,GHS Beshgram (T)**,Bishgramkot,68010101,,,,148,0,148,4,0,4
"",,Bishgramkot,68010102,,,,296,0,296,,,
"",,Sir Skhwai,68010103,,,,111,0,111,,,
"",,sar,68010104,,,,193,0,193,,,
"",,Bishgram,68010201,,,,758,0,758,,,
"",,Osakai,68010202,,,,82,0,82,,,
"",,,,,,,1588,0,1588,,,
"",,,,,,,,,,,,
39,"GGHS, Beshgram (T)**",Bishgramkot,68010101,,,,0,100,100,0,4,4
"",,Bishgramkot,68010102,,,,0,230,230,,,
"",,Sir Skhwai,68010103,,,,0,91,91,,,
"",,sar,68010104,,,,0,138,138,,,
"",,Bishgram,68010201,,,,0,589,589,,,
"",,Osakai,68010202,,,,0,63,63,,,
"",,,,,,,0,1211,1211,,,
"",,,,,,,,,,,,
40,GHS Gumbat Banda (T)**,Gumbat Banda  1,68010301,,,,536,0,536,4,0,4
"",,Gumbat Banda  1,68010302,,,,324,0,324,,,
"",,Gumbat Banda  1,68010303,,,,366,0,366,,,
"",,Gumbat Banda 2,68010312,,,,63,0,63,,,
"",,,,,,,1289,0,1289,,,
"",,,,,,,,,,,,
41,"GGPS, Gumbat Banda (T)**",Gumbat Banda  1,68010301,,,,0,418,418,0,3,3
"",,Gumbat Banda  1,68010302,,,,0,238,238,,,
"",,Gumbat Banda  1,68010303,,,,0,310,310,,,
"",,Gumbat Banda 2,68010312,,,,0,60,60,,,
"",,,,,,,0,1026,1026,,,
"",,,,,,,,,,,,
42,GPS Barikanay (T)**,shpakanai,68010304,,,,451,369,820,2,1,3
"",,Sopidar,68010305,,,,117,103,220,,,
"",,Barikanay,68010310,,,,131,117,248,,,
"",,,,,,,699,589,1288,,,
"",,,,,,,,,,,,
Dalgram Bala,68010306,,,,283,214,497,,,,,
"",,Dalgram Bala,68010307,,,,189,145,334,,,
"",,Dalgram Bala,68010308,,,,142,96,238,,,
"",,,,,,,614,455,1069,,,
"",,,,,,,,,,,,
44,GGPS Dalgram (T)**,Dalgram Bala,68010309,,,,255,207,462,2,1,3
"",,Dalgram  Payeen,68010313,,,,165,125,290,,,
"",,Mashwano,68010406,,,,264,194,458,,,
"",,,,,,,684,526,1210,,,
"",,,,,,,,,,,,
45,GHSS Bagh Maidan (P)*,Kulal Dherai,68010203,,,,172,147,319,2,1,3
"",,Bagh Maidan,68010401,,,,408,297,705,,,
"",,,,,,,580,444,1024,,,
"",,,,,,,,,,,,
46,"GGPS, Bagh Maidan (T)**",Bagh Maidan,68010402,,,,229,158,387,2,1,3
"",,Takht Maidan,68010403,,,,164,125,289,,,
"",,Khatkay,68010405,,,,162,118,280,,,
"",,,,,,,555,401,956,,,
"",,,,,,,,,,,,
47,GEMPS Kando Machla (T)**,Ghond Shamsi Mura,68010204,,,,307,0,307,4,0,4
"",,Kando,68010205,,,,436,0,436,,,
"",,Machla,68010311,,,,524,0,524,,,
"",,,,,,,1267,0,1267,,,
"",,,,,,,,,,,,
48,"GGMS, Kando",Ghond Shamsi Mura,68010204,,,,0,275,275,0,3,3
"",,Kando,68010205,,,,0,362,362,,,
"",,Machla,68010311,,,,0,433,433,,,
"",,,,,,,0,1070,1070,,,
"",,,,,,,,,,,,
49,GPS Shagai Markhanai (T)**,Lagharai,68010105,,,,327,229,556,3,1,4
"",,Kawaro Bagh,68010501,,,,435,305,740,,,
"",,Shagai,68010604,,,,203,130,333,,,
"",,,,,,,965,664,1629,,,
"",,,,,,,,,,,,
50,GPS Markhanai (T)**,Markhanai,68010602,,,,191,149,340,3,1,4
"",,Markhanai,68010603,,,,676,538,1214,,,
"",,,,,,,867,687,1554,,,
"",,,,,,,,,,,,
51,GMS Ashrogai (T)**,Ranra Manzai,68010404,,,,251,0,251,4,0,4
"",,Khazana,68010407,,,,311,0,311,,,
"",,Ashrogai,68010502,,,,274,0,274,,,
"",,Kargha,68010503,,,,343,0,343,,,
"",,Mashozai,68010504,,,,90,0,90,,,
"",,Tango Dherai,68010601,,,,193,0,193,,,
"",,,,,,,1462,0,1462,,,
"",,,,,,,,,,,,
Ranra Manzai,68010404,,,,0,193,193,,,,,
Khazana,68010407,,,,0,238,238,,,,,
Ashrogai,68010502,,,,0,209,209,,,,,
"",,Kargha,68010503,,,,0,257,257,,,
"",,Mashozai,68010504,,,,0,74,74,,,
"",,Tango Dherai,68010601,,,,0,130,130,,,
"",,,,,,,0,1101,1101,,,
"",,,,,,,,,,,,
53,GGHS Namaz Kot (T)**,Gul Abad,68020101,,,,173,133,306,2,2,4
"",,Gul Dherai,68020204,,,,250,192,442,,,
"",,,,,,,423,325,748,,,
"",,,,,,,,,,,,
54,"GMS, Nimaz kot (T)**",Nimaz kot,68020203,,,,765,540,1305,2,1,3
"",,,,,,,765,540,1305,,,
"",,,,,,,,,,,,
55,GGMS Safarai (T)**,Gargay,68020102,,,,129,100,229,2,1,3
"",,Baranai,68020103,,,,317,219,536,,,
"",,Safarai,68020104,,,,191,146,337,,,
"",,,,,,,637,465,1102,,,
"",,,,,,,,,,,,
56,"GPS, Dolai (T)**",Mahabat Koto,68020105,,,,165,126,291,2,1,3
"",,Dolai,68020106,,,,364,275,639,,,
"",,,,,,,529,401,930,,,
"",,,,,,,,,,,,
57,"GPS, Asman banda (T)**",Khanakai,68020107,,,,275,165,440,2,1,3
"",,Karborai,68020205,,,,158,63,221,,,
"",,Asman Banda,68020206,,,,307,160,467,,,
"",,,,,,,740,388,1128,,,
"",,,,,,,,,,,,
58,"GHSS, Manyal (P)*",Manyal,68020306,,,,414,0,414,4,0,4
"",,Manyal,68020307,,,,543,0,543,,,
"",,Towso,68030105,,,,373,0,373,,,
"",,,,,,,1330,0,1330,,,
"",,,,,,,,,,,,
59,GGHS Manyal (T)**,Manyal,68020306,,,,0,261,261,0,3,3
"",,Manyal,68020307,,,,0,411,411,,,
"",,Towso,68030105,,,,0,251,251,,,
"",,,,,,,0,923,923,,,
"",,,,,,,,,,,,
60,"GGPS, Chamgai (T)**",Odigram,68020201,,,,327,228,555,3,1,4
"",,Tall,68020202,,,,240,173,413,,,
"",,Chamgai,68020308,,,,221,157,378,,,
"",,,,,,,788,558,1346,,,
"",,,,,,,,,,,,
61,"GGMS, Barkhanai (T)**",Barkhanai,68020301,,,,392,291,683,2,1,3
"",,Barkhanai,68020302,,,,192,141,333,,,
"",,,,,,,584,432,1016,,,
"",,,,,,,,,,,,
62,"GPS, Bandagai (T)**",Inzergai,68020303,,,,55,50,105,2,1,3
Bandagai,68020305,,,,536,382,918,,,,,
"",,,,,591,432,1023,,,,,
"",,,,,,,,,,,,
63,"GPS, Komber (Male) (T)**",Komber No.1,68020309,,,,350,0,350,3,0,3
"",,Komber No.1,68020310,,,,72,0,72,,,
"",,Komber No.2,68020311,,,,623,0,623,,,
"",,,,,,,1045,0,1045,,,
"",,,,,,,,,,,,
64,"GGHS, Kombar (T)**",Komber No.2,68020312,,,,242,0,242,3,0,3
"",,Komber No.3,68020313,,,,384,0,384,,,
"",,Komber No.3,68020314,,,,146,0,146,,,
"",,kotkai Dherai,68020404,,,,281,0,281,,,
"",,,,,,,1053,0,1053,,,
"",,,,,,,,,,,,
65,"GGPS, Komber (Female) (T)**",Komber No.1,68020309,,,,0,222,222,0,3,3
"",,Komber No.1,68020310,,,,0,61,61,,,
"",,Komber No.2,68020311,,,,0,429,429,,,
"",,Komber No.2,68020312,,,,0,159,159,,,
"",,Komber No.3,68020313,,,,0,282,282,,,
"",,Komber No.3,68020314,,,,0,97,97,,,
"",,kotkai Dherai,68020404,,,,0,228,228,,,
"",,,,,,,0,1478,1478,,,
"",,,,,,,,,,,,
66,"GHSS, Lal Qila (P)*",Lal Qila,68020401,,,,402,316,718,3,1,4
"",,Lal Qila,68020402,,,,333,254,587,,,
"",,Katpatai,68020403,,,,254,199,453,,,
"",,,,,,,989,769,1758,,,
"",,,,,,,,,,,,
67,"GPS, Dhero Bala (T)**",Kolalano Shah,68020304,,,,148,100,248,2,1,3
"",,Dhero,68020405,,,,400,328,728,,,
"",,,,,,,548,428,976,,,
"",,,,,,,,,,,,
68,"GGPS, Pari Kas (T)**",Pari Kas,68020406,,,,330,263,593,1,1,2
"",,Chalgazai,68020407,,,,63,48,111,,,
"",,,,,,,393,311,704,,,
"",,,,,,,,,,,,
69,"GPS, Fazal Abad (T)**",Gat,68030101,,,,19,5,24,1,1,2
"",,Abdullah Banda,68030102,,,,75,45,120,,,
"",,Sar Banda,68030103,,,,84,44,128,,,
"",,Mulyano Banda,68030303,,,,124,88,212,,,
"",,Barjo Gat,68030505,,,,167,114,281,,,
"",,,,,,,469,296,765,,,
"",,,,,,,,,,,,
70,"GGPS, Fazalabad (T)**",Master Abad,68030304,,,,78,58,136,1,1,2
"",,Mayaro Banda,68030306,,,,94,60,154,,,
"",,Fazal Abad,68030508,,,,260,148,408,,,
"",,Chako Dherai,68030509,,,,28,22,50,,,
"",,,,,,,460,288,748,,,
"",,,,,,,,,,,,
Miramai,68030104,,,,444,312,756,,,,,
"",,,,,,,444,312,756,,,
"",,,,,,,,,,,,
72,"GGPS, Molo (T)**",Molo,68030204,,,,234,151,385,2,1,3
"",,Chinar Kot,68030501,,,,206,135,341,,,
"",,Badror,68030502,,,,125,78,203,,,
"",,,,,,,565,364,929,,,
"",,,,,,,,,,,,
73,"GPS, Taran Bala (T)**",Awaro,68030106,,,,85,65,150,2,1,3
"",,Taran Payeen,68030203,,,,118,98,216,,,
"",,Taran Bala,68030506,,,,255,168,423,,,
"",,Taran Bala,68030507,,,,137,88,225,,,
"",,,,,,,595,419,1014,,,
"",,,,,,,,,,,,
74,"GPS, Kotkai (T)**",Tangar,68030201,,,,237,0,237,3,0,3
"",,Aqal,68030202,,,,60,0,60,,,
"",,Guli bagh,68030206,,,,51,0,51,,,
"",,Raidgay,68030301,,,,435,0,435,,,
"",,Kotkai,68030601,,,,529,0,529,,,
"",,Kotkai,68030602,,,,302,0,302,,,
"",,,,,,,1614,0,1614,,,
"",,,,,,,,,,,,
75,"GGPS, Kotkai (T)**",Tangar,68030201,,,,0,176,176,0,2,2
"",,Aqal,68030202,,,,0,53,53,,,
"",,Guli bagh,68030206,,,,0,30,30,,,
"",,Raidgay,68030301,,,,0,276,276,,,
"",,Kotkai,68030601,,,,0,353,353,,,
"",,Kotkai,68030602,,,,0,183,183,,,
"",,,,,,,0,1071,1071,,,
"",,,,,,,,,,,,
76,"GPS, Ato (T)**",Shandai Inzar,68030205,,,,122,94,216,2,1,3
"",,Walai,68030302,,,,167,97,264,,,
"",,Lapakai,68030305,,,,127,97,224,,,
"",,,,,,,416,288,704,,,
"",,,,,,,,,,,,
77,"GGHS, Atto (T)**",Ato,68030503,,,,281,247,528,2,1,3
"",,Ato,68030504,,,,187,146,333,,,
"",,,,,,,468,393,861,,,
"",,,,,,,,,,,,
78,"GPS, Gumbatai (T)**",Gumbatai,68030207,,,,402,331,733,2,1,3
"",,Gumbatai,68030208,,,,195,144,339,,,
"",,,,,,,597,475,1072,,,
"",,,,,,,,,,,,
79,"GGPS, Barghando (T)**",Barghando,68030307,,,,581,422,1003,2,1,3
"",,,,,,,581,422,1003,,,
"",,,,,,,,,,,,
80,"GPS, Barghando (T)**",Meyagano Dheri,68030308,,,,434,323,757,1,1,2
"",,,,,,,434,323,757,,,
"",,,,,,,,,,,,
