"",,,,,,,,,,,,
1,2,3,4,5,6,7,8,9,10,11,12,13
1,"Govt.  Primary School, Dargalai  (Male)",Dargalai,074010101,-,-,-,413,0,413,3,0,3
"",,Dargalai,074010102,-,-,-,671,0,671,,,
2,"Govt. Girls Primary School, Dargalai (Female)",Dargalai,074010101,-,-,,0,310,310,,,
"",,Dargalai,074010102,-,-,-,0,468,468,,,
3,"Govt.  High School, Mangal Thana  (Combined)",Mangal Thana,074010103,-,-,-,616,480,1096,2,2,4
"",,Mangal Thana,074010104,-,-,-,288,206,494,,,
4,"Govt.  High School, Ghazi Kot  (Combined)",Ghazi Kot,074010201,-,-,-,260,196,456,2,1,3
"",,Ghazi Kot,074010202,-,-,-,363,249,612,,,
5,"Govt.primary School,  Damnair (Combined)",Damnair,074010203,-,-,-,444,342,786,1,1,2
6,"Govt. High School, Dakara (Male)",Dakara,074010204,-,-,-,160,0,160,3,0,3
"",,Dakara,074010206,-,-,-,206,0,206,,,
"",,Dakara,074010205,-,-,-,610,0,610,,,
7,"Govt. Girls Middle School, Dakara (Female)",Dakara,074010204,-,-,-,0,151,151,0,2,2
"",,Dakara,074010206,-,-,-,0,181,181,,,
"",,Dakara,074010205,-,-,-,0,486,486,,,
8,"Govt.  Primary School, Hisar Baba (Combined)",Koprai,074010601,-,-,-,87,66,153,1,1,2
"",,Hisar Baba,074010602,-,-,-,164,115,279,,,
"",,Tarook,074010603,-,-,-,151,101,252,,,
9,"Govt. Middle School, Hall ( Combined)",Hall,074010604,-,-,-,502,437,939,2,1,3
10,"Govt. Girls Primary School, Qasim Khel (Combined)",Qasim Khel,074010605,-,-,-,202,135,337,2,2,4
"",,Qasim Khel,074010606,-,-,-,615,448,1063,,,
11,"Govt. Girls Higher Secondary School, Panjtar (Combined)",Panjtar,074010607,-,-,-,560,428,988,2,1,3
12,"Govt.  High School, Chinglai (Combined)",Chinglai,074010401,-,-,-,382,283,665,2,2,4
"",,Chinglai,074010411,-,-,-,428,382,810,,,
13,Govt. Middle School Jamra (Combined),Chinglai,074010402,-,-,-,345,276,621,2,2,4
"",,Chinglai,074010412,-,-,-,524,405,929,,,
14,"Govt. Girls Higher Secondary School, Chinglai (Female)",Chinglai,074010403,-,-,-,0,374,374,0,3,3
"",,Chinglai,074010404,-,-,-,0,381,381,,,
"",,Chinglai,074010413,-,-,-,0,204,204,,,
15,"Govt.  Primary School, Chinglai (Male)",Chinglai,074010403,-,-,-,496,0,496,4,0,4
"",,Chinglai,074010404,-,-,-,417,0,417,,,
"",,Chinglai,074010413,-,-,-,248,0,248,,,
16,"Govt.  Primary School, Mirzakay (Male)",Chinglai,074010405,-,-,-,667,0,667,4,0,4
"",,Chinglai,074010414,-,-,-,232,0,232,,,
"",,Chinglai,074010415,-,-,-,407,0,407,,,
"",,Chinglai,074010416,-,-,-,341,0,341,,,
17,Govt. Girls Primary School Mirzakay (Female),Chinglai,074010405,-,-,-,0,481,481,0,4,4
"",,Chinglai,074010414,-,-,-,0,180,180,,,
"",,Chinglai,074010415,-,-,-,0,343,343,,,
"",,Chinglai,074010416,-,-,-,0,294,294,,,
18,"Govt.  High School, Mirzakay (Combined)",Chinglai,074010406,-,-,-,449,362,811,2,2,4
"",,Chinglai,074010417,-,-,-,386,291,677,,,
19,"Govt. Middle School, Dandi Kot (Combined)",Chinglai,074010407,-,-,-,340,230,570,2,1,3
"",,Chinglai,074010408,-,-,-,132,98,230,,,
"",,Chinglai,074010409,-,-,-,119,94,213,,,
20,"Govt: High  School, Kalan (Combined)",Kalan,074010301,-,-,-,659,496,1155,2,2,4
"",,Kalan,074010302,-,-,-,202,170,372,,,
21,Govt. Girls Primary School Naranj (Combined),Larai,074010305,-,-,-,160,138,298,1,1,2
22,Govt. Middle School Karorai (Combined),Karorai,074010410,-,-,-,376,300,676,1,1,2
23,"Govt.  Primary School, Kangalai (Female)",Kangalai,074010303,-,-,-,0,318,322,0,2,2
"",,Kangalai,074010304,-,-,-,0,346,338,,,
24,"Govt: High   School, Kangalai (Male)",Kangalai,074010303,-,-,-,404,0,404,2,0,2
"",,Kangalai,074010304,-,-,-,493,0,444,,,
25,Govt. Primary School Naranj (Combined),Naranj,074010306,-,-,-,217,160,377,1,1,2
26,"Govt. Middle School, Jaba Chowan (Combined)",Jaba/Chowan,074010307,-,-,-,229,154,383,1,1,2
27,"Govt.  Primary School, Bagh (Male)",Bagh,074010501,-,-,-,821,0,821,3,0,3
"",,Bagh,074010502,-,-,-,209,0,209,,,
28,"Govt: Girls Middle  School, Bagh (Female)",Bagh,074010501,-,-,-,0,590,590,0,2,2
"",,Bagh,074010502,-,-,-,0,152,152,,,
29,"Govt.  Primary School, Thigray (Combined)",Thigray,074010503,-,-,-,366,273,639,1,1,2
30,Govt. Middle School Dandar ( Combined),Dandar,074010504,-,-,-,365,284,649,1,1,2
31,Basic Health Unit Bagh (Combined),Sawawai,074010505,-,-,-,236,199,435,1,1,2
32,"Govt.  Girls High School, Sawawai (Female)",Sawawai,074010506,-,-,-,0,462,462,0,2,2
"",,Sawawai,074010507,-,-,-,0,619,619,,,
33,"Govt.  High School, Sawawai (Male)",Sawawai,074010506,-,-,-,566,0,566,4,0,4
"",,Sawawai,074010507,-,-,-,740,0,740,,,
34,"Govt.  Primary School, Sawawai (Combined)",Sawawai,074010508,-,-,-,459,331,790,2,1,3
35,"Govt. Higher Secondary School, Ghurghushti (Male)",Ghurghushti,074010701,-,-,-,677,0,677,4,0,4
"",,Ghurghushti,074010702,-,-,-,590,0,590,,,
"",,Ghurghushti,074010703,-,-,-,517,0,517,,,
36,"Bacha Khan Model School, Khali Kalay Ghurghushti  (Female)",Ghurghushti,074010701,-,-,-,0,547,547,0,4,4
"",,Ghurghushti,074010702,-,-,-,0,442,442,,,
"",,Ghurghushti,074010703,-,-,-,0,435,435,,,
37,"Govt: High School, Mughdara ( Combined)",Mughdara,074010704,-,-,-,309,260,569,2,1,3
"",,Mughdara,074010705,-,-,-,283,224,507,,,
38,"Govt. High School, Nogram (Combined)",Nogram,074010706,-,-,-,489,391,880,2,1,3
"",,Nogram,074010709,-,-,-,330,240,570,,,
39,"Govt.  Primary School, Jangdara (Male)",Jangdara,074010707,-,-,-,483,0,483,3,0,3
"",,Jangdara,074010710,-,-,-,390,0,390,,,
"",,Jangdara,074010708,-,-,-,384,0,384,,,
40,"Govt. Girls Primary School, Jangdara (Female)",Jangdara,074010707,-,-,-,0,427,427,0,3,3
"",,Jangdara,074010710,-,-,-,0,323,323,,,
"",,Jangdara,074010708,-,-,-,0,237,237,,,
41,"Govt: Middle School, Akhon Serai (Combined)",Totalia,074010806,-,-,-,756,562,1318,2,2,4
42,"Govt. Higher Secondary School, Totalai  (Female)",Totalia,074010801,-,-,-,0,457,457,0,2,2
"",,Totalia,074010811,-,-,-,0,158,158,,,
"",,Totalia,074010812,-,-,-,0,191,191,,,
43,"Govt.  Primary School, Totalai No.1 (Male)",Totalia,074010802,-,-,-,625,0,625,4,0,4
"",,Totalia,074010803,-,-,-,328,0,328,,,
"",,Totalia,074010804,-,-,-,142,0,142,,,
"",,Totalia,074010813,-,-,-,145,0,145,,,
44,"Govt: Degree College, Totalai (Female)",Totalia,074010802,-,-,-,0,498,498,0,3,3
"",,Totalia,074010803,-,-,-,0,264,264,,,
"",,Totalia,074010804,-,-,-,0,114,114,,,
"",,Totalia,074010813,-,-,-,0,112,112,,,
45,"Govt. Primary School, Dapona Totalai (Combined)",Totalia,074010805,-,-,-,471,373,844,2,1,3
"",,Totalia,074010814,-,-,-,61,42,103,,,
46,"Govt. Girls Primary School, Totalai  (Male)",Totalia,074010801,-,-,-,570,0,570,2,0,2
"",,Totalia,074010811,-,-,-,236,0,236,,,
"",,Totalia,074010812,-,-,-,301,0,301,,,
47,Govt:High School Janak Banda Totalai (Combined),Totalia,074010808,-,-,-,377,309,686,1,1,2
48,Govt Girls Primary School Bena Maira (Combined),Totalia,074010807,-,-,-,486,247,733,2,2,4
"",,Totalia,074010815,-,-,-,339,387,726,,,
49,"Govt. Girls High School, Kass Korona ( Female)",Totalia,074010809,-,-,-,0,226,226,0,4,4
"",,Totalia,074010816,-,-,-,0,298,298,,,
"",,Totalia,074010810,-,-,-,0,582,582,,,
"",,Totalia,074010817,-,-,-,0,617,617,,,
50,"Govt.  Primary School, Kass Korona (Male)",Totalia,074010810,-,-,-,772,0,772,4,0,4
"",,Totalia,074010817,-,-,-,703,0,703,,,
51,"Govt.  Girls Primary School, Kass Korona (Male)",Totalia,074010809,-,-,-,319,0,319,2,0,2
"",,Totalia,074010816,-,-,-,326,0,326,,,
52,"Govt. High School, Dagai (Male)",Dagai,074010901,-,-,-,648,0,648,3,0,3
"",,Dagai,074010907,-,-,-,478,0,478,,,
53,"Govt: Girls High School, Dagai (Female)",Dagai,074010901,-,-,-,0,395,395,0,3,3
"",,Dagai,074010907,-,-,-,0,447,447,,,
54,"Govt.  Primary School, Dagai No.1 (Male)",Dagai,074010902,-,-,-,486,0,486,4,0,4
"",,Dagai,074010903,-,-,-,478,0,478,,,
"",,Dagai,074010906,-,-,-,431,0,431,,,
55,"Govt. Girls  Primary School, Dagai   (Female)",Dagai,074010902,-,-,-,0,377,377,0,4,4
"",,Dagai,074010903,-,-,-,0,381,381,,,
"",,Dagai,074010906,-,-,-,0,348,348,,,
56,"Govt.  Primary School, Dagai No.2 (P.S-1) (Combined)",Dagai,074010904,-,-,-,494,359,853,1,1,2
57,"Govt.  Primary School, Dagai No.2 (P.S-2) (C ) (Combined)",Dagai,074010905,-,-,-,714,576,1290,2,2,4
58,"Govt.   High School, Ambela (Male)",Ambela,079010101,-,-,-,1486,0,1486,4,0,4
59,"Govt. Girls Primary School, Ambela (Female)",Ambela,079010101,-,-,-,0,1126,1126,0,3,3
60,,Ambela,079010102,-,-,-,668,0,668,,,
"","Govt. Primary School, Ambela Dara (Male)",Ambela,079010105,-,-,-,450,0,450,,,
61,Govt. Girls Primary School Dara (Female),Ambela,079010102,-,-,-,0,595,595,0,3,3
"",,Ambela,079010105,-,-,-,0,298,298,,,
62,"Govt. Girls Primary School, Kankoi ( Combined)",Kankoi,079010104,-,-,-,578,505,1083,2,1,3
63,"TMA Office, Mandanr (Combined)",Maskipur,079010103,-,-,-,386,284,670,1,1,2
64,Govt. Girls Primary School Kowga (Male),Kowga,079010203,-,-,-,285,0,285,2,0,2
"",,Kowga,079010214,-,-,-,342,0,342,,,
65,"Govt.  Primary School, Kowga No.1 (Male",Kowga,079010204,-,-,-,434,0,434,3,0,3
"",,Kowga,079010215,-,-,-,503,0,503,,,
66,"Govt.  Primary School, Miana Kowga (Male)",Kowga,079010206,-,-,-,803,0,803,3,0,3
"",,Kowga,079010216,-,-,-,484,0,484,,,
67,"Govt.  Primary School, Kowga No.2 (Female)",Kowga,079010204,-,-,-,0,333,333,0,2,2
"",,Kowga,079010215,-,-,-,0,401,401,,,
68,"Govt. Middle School, Wach Khwar (Female)",Kowga,079010206,-,-,-,0,603,603,0,3,3
"",,Kowga,079010216,-,-,-,0,409,409,,,
"",,Kowga,079010203,-,-,-,0,241,241,,,
"",,Kowga,079010214,-,-,-,0,282,282,,,
69,"Govt. Girls Higher Secondary School, Kowga ( Combined)",Kowga,079010202,-,-,-,740,571,1311,2,2,4
70,Govt. Primary School Manizai Kawga (Combined),Kowga,079010205,-,-,-,476,323,799,1,1,2
71,Govt: Degree College Chamla (Male),Kowga,079010201,-,-,-,731,0,731,,,
"",,Kowga,079010212,-,-,-,281,0,281,3,0,3
"",,Kowga,079010213,-,-,-,249,0,249,,,
72,Govt. Girls Primary School Wahidabad (Female),Kowga,079010201,-,-,-,0,632,632,0,2,2
"",,Kowga,079010212,-,-,-,0,239,239,,,
"",,Kowga,079010213,-,-,-,0,204,204,,,
73,"Govt. Higher Seconday School, Agarai (Male)",Agarai,079010207,-,-,-,773,0,773,3,0,3
"",,Agarai,079010210,-,-,-,169,0,169,,,
"",,Agarai,79010218,-,-,-,54,0,54,,,
74,Govt: Primary School No.1  Agarai (Female),Agarai,079010207,-,-,-,0,621,621,0,2,2
"",,Agarai,079010210,-,-,-,0,118,118,,,
"",,Agarai,79010218,-,-,-,0,44,44,,,
75,Govt. Girls Primary School Agarai ( Combined),Agarai,079010209,-,-,-,587,444,1031,2,2,4
"",,Agarai,79010217,-,-,-,326,213,539,,,
76,"JICA Model School, Agarai (Combined)",Agarai,079010208,-,-,-,585,460,1045,2,2,4
"",,Agarai,079010211,-,-,-,515,418,933,,,
77,"Govt.  High School, Nawagai ( Male)",Nawagai,079010301,-,-,-,990,0,990,4,0,4
"",,Nawagai,079010302,-,-,-,404,0,404,,,
"",,Nawagai,079010306,-,-,-,192,0,192,,,
78,"Govt.  Girls High School, Nawagai (Female)",Nawagai,079010301,-,-,-,0,779,779,0,4,4
"",,Nawagai,079010302,-,-,-,0,339,339,,,
"",,Nawagai,079010306,-,-,-,0,201,201,,,
79,Govt. Primary School No.3 Nawagai (Male),Nawagai,079010303,-,-,-,878,0,878,3,0,3
"",,Nawagai,079010307,-,-,-,496,0,496,,,
80,Govt.  Primary School No.4 Nawagai (Female),Nawagai,079010303,-,-,-,0,757,757,0,3,3
"",,Nawagai,079010307,-,-,-,0,397,397,,,
81,Govt. Girls Primary School Koza Nawagai (Female),Nawagai,079010304,-,-,-,0,560,560,0,3,3
"",,Nawagai,079010305,-,-,-,0,600,600,,,
82,Govt Higher Secondary School Nawagai (Male),Nawagai,079010304,-,-,-,798,0,798,4,0,4
"",,Nawagai,079010305,-,-,-,856,0,856,,,
83,"Govt.  Primary School, No.1 Sura (Male)",Sura,079010401,-,-,-,426,0,426,4,0,4
"",,Sura,079010408,-,-,-,319,0,319,,,
"",,Sura,079010402,-,-,-,917,0,917,,,
84,"Govt.  Girls High School, Sura (Female)",Sura,079010401,-,-,-,0,320,320,0,4,4
"",,Sura,079010408,-,-,-,0,284,284,,,
"",,Sura,079010402,-,-,-,0,765,765,,,
85,Govt Girls Community Model School Sura (Male),Sura,079010403,-,-,-,806,0,806,4,0,4
"",,Sura,079010405,-,-,-,664,0,664,,,
"",,Sura,079010410,-,-,-,259,0,259,,,
86,Govt. Primary School No. 3 Sura (Female),Sura,079010403,-,-,-,0,614,614,0,3,3
"",,Sura,079010405,-,-,-,0,383,383,,,
"",,Sura,079010410,-,-,-,0,343,343,,,
87,Govt. Primary School Badair (Combined),Sura,079010404,-,-,-,454,345,799,2,1,3
"",,Sura,079010409,-,-,-,146,135,281,,,
88,Govt. High School Asharay (Combined),Sura,079010407,-,-,-,813,585,1398,2,2,4
89,Govt. Primary School Amazo Koto (Combined),Sura,079010406,-,-,-,541,392,933,2,2,4
"",,Sura,079010411,-,-,-,207,171,378,,,
90,Govt: Primary School  Jangai Ghareeb Abad Kata  Kot ( Combined),Kata Kot,079010501,-,-,-,536,409,945,2,1,3
91,"Govt: Middle  School, Jangai Ghareeb Abad Kata Kot (Combined)",Kata Kot,079010502,-,-,-,408,333,741,1,1,2
92,"Govt. Primary School, Koria (Combined)",Koria,079010503,-,-,-,582,471,1053,1,1,2
93,"Govt: Primary School, Kandow  Patai (Combined)",Koria,079010504,-,-,-,340,253,593,1,1,2
94,"Govt. Girls High School, Koria (Combined)",Koria,079010505,-,-,-,767,656,1423,2,2,4
95,"Govt. Primary School, Makhranai (P.S-1)  (Combined)",Makhranai,079010601,-,-,-,683,562,1245,2,2,4
96,"Govt. Primary School, Makhranai (P.S-2) (Combined)",Makhranai,079010603,-,-,-,409,335,744,1,1,2
97,"Govt. Girls Middle School, Makhranai (Female)",Makhranai,079010602,-,-,-,0,612,612,0,2,2
"",,Makhranai,079010606,-,-,-,0,267,267,,,
98,Govt. Girls Primary School Makhranai (Male),Makhranai,079010602,-,-,-,754,0,754,3,0,3
"",,Makhranai,079010606,-,-,-,349,0,349,,,
99,"Govt. Primary School, Kadal Miana (Combined)",Kadal Miana,079010604,-,-,-,422,343,765,2,2,4
"",,Kadal Miana,079010605,-,-,-,396,283,679,,,
100,"Govt. Middle School, Kuz Kalay (Combined)",Kuz Kalay,079010701,-,-,-,409,302,711,2,2,4
"",,Kuz Kalay,079010704,-,-,-,386,349,735,,,
101,"Govt. Girls Primary School, Kuz Kalay (Combined)",Kuz Kalay,079010702,-,-,-,828,663,1491,2,2,4
102,"Govt. Girls Middle School, Khanano Dherai (Combined)",Khanano Dherai,079010703,-,-,-,892,684,1576,2,2,4
103,"Govt. Higher Secondary School, Nagrai (P.S-1) (Combined)",Nagrai,079010801,-,-,-,592,471,1063,2,1,3
104,"Govt. Higher Secondary School, Nagrai (P.S-2) (Combined)",Nagrai,079010802,-,-,-,597,407,1004,2,1,3
"",,Toha,079010805,-,-,-,140,100,240,,,
105,"Govt.  Primary School, Shadam (Combined)",Shahdam,079010803,-,-,-,511,392,903,1,1,2
106,"Govt. Primary School, Sher Ghar (Combined)",Sher Gher,079010804,-,-,-,801,657,1458,2,2,4
107,"Govt. High School, Charorai (Combined)",Charorai,079010901,-,-,-,304,263,567,1,1,2
"",,Charorai,079010905,-,-,-,150,123,273,,,
108,"Govt. Girls Middle School, Charorai (P.S-1) (Combined)",Charorai,079010902,-,-,-,432,343,775,1,1,2
109,"Govt. Girls Middle School, Charorai (P.S-2) (Combined)",Charorai,079010903,-,-,-,418,263,681,2,1,3
"",,Lail Dara,079010904,-,-,-,390,277,667,,,
110,"Govt.  Middle School, Chanal (Combined)",Chanal,079011001,-,-,-,252,177,429,2,2,4
"",,Chanal,079011005,-,-,-,284,233,517,,,
"",,Chanal,079011002,-,-,-,346,288,634,,,
111,"Govt.  Middle School, Mandow (Combined)",Kadar Gharai,079011003,-,-,-,194,145,339,1,1,2
"",,Mandow,079011004,-,-,-,345,272,617,,,
112,"Govt. Girls Primary School, Khanpur ( Combined)",Khanpur,079011101,-,-,-,564,450,1014,2,2,4
"",,Khanpur,079011105,-,-,-,147,95,242,,,
"",,Akhun Khel,079011104,-,-,-,112,96,208,,,
113,"Govt. Girls Primary School, Khadar Khan (Combined)",Khadar Khan,079011102,-,-,-,423,341,764,2,2,4
"",,Khararai,079011103,-,-,-,389,317,706,,,
"",,Kandar Katai,079011201,-,-,-,252,191,443,,,
114,"Govt.  Primary School, Kandar Katai (Combined)",Kandar Katai,079011205,-,-,-,327,242,569,,,
"",,Langow,079011202,-,-,-,307,217,524,2,1,3
115,"Govt. High School, Langow (Combined)",Langow,079011206,-,-,-,126,92,218,,,
"",,Langow,079011207,-,-,-,154,89,243,,,
116,Govt. Primary School Tarinan ( Combined),Asghar Tarinan,079011204,-,-,-,263,237,500,1,1,2
"",,Asghar Tarinan,079011209,-,-,-,108,65,173,,,
"",,Asghar Tarinan,079011210,-,-,-,134,88,222,,,
117,Govt. Girls Middle School Langar (Combined),Langar,079011203,-,-,-,230,175,405,1,1,2
"",,Langar,079011208,-,-,-,273,196,469,,,
118,"Govt.  Middle School, Malka (Combined)",Malka,079011301,-,-,-,280,188,468,,,
"",,Malka,079011306,-,-,-,144,121,265,2,1,3
"",,Malka,079011302,-,-,-,307,207,514,,,
119,"Govt.  Primary School, Amlook (Combined)",Amlook,079011303,-,-,-,255,188,443,,,
"",,Amlook,079011304,-,-,-,56,51,107,,,
"",,Amlook,079011307,-,-,-,29,3,32,2,1,3
"",,Pakbanr,079011305,-,-,-,156,102,258,,,
"",,Pakbanr,079011308,-,-,-,182,156,338,,,
1,"Govt.  Primary School, Barkalay (Male)",Bar Kalay,073010101,-,-,-,736,0,736,,,
"",,Bar Kalay,073010102,-,-,-,383,0,383,4,0,4
"",,Bar Kalay,073010112,-,-,-,496,0,496,,,
2,"Govt. Girls Primary School, Barkalay (Female)",Bar Kalay,073010101,-,-,-,0,580,580,,,
"",,Bar Kalay,073010102,-,-,-,0,343,343,0,4,4
"",,Bar Kalay,073010112,-,-,-,0,358,358,,,
3,"Govt. High School, Dherai (Male)",Dherai,073010103,-,-,-,986,0,986,3,0,3
4,Govt. Girls Primary School Dherai (Male),Dherai,073010104,-,-,-,546,0,546,2,0,2
"",,Dherai,073010105,-,-,-,136,0,136,,,
"",,Dherai,073010113,-,-,-,61,0,61,,,
5,"Govt. Primary School, Dherai (Female)",Dherai,073010104,-,-,-,0,381,381,,,
"",,Dherai,073010103,-,-,-,0,820,820,,,
"",,Dherai,073010105,-,-,-,0,108,108,,,
"",,Dherai,073010113,-,-,-,0,41,41,,,
6,"Govt. High School, Cheena (Male)",Cheena,073010106,-,-,-,400,0,400,2,0,2
"",,Cheena,073010114,-,-,-,384,0,384,,,
7,"Govt.  Primary School, Cheena (Male)",Cheena,073010107,-,-,-,1254,0,1254,,,
"",,Cheena,073010108,-,-,-,58,0,58,4,0,4
"",,Cheena,073010115,-,-,-,212,0,212,,,
8,"Govt. Girls High School, Cheena (Female)",Cheena,073010106,-,-,-,0,310,310,,,
"",,Cheena,073010114,-,-,-,0,304,304,,,
"",,Cheena,073010107,-,-,-,0,1115,1115,0,4,4
"",,Cheena,073010108,-,-,-,0,37,37,,,
"",,Cheena,073010115,-,-,-,0,183,183,,,
9,"Govt. High School, Chanar (Male)",Chanar,073010109,-,-,-,515,0,515,,,
"",,Chanar,073010110,-,-,-,391,0,391,,,
"",,Chanar,073010116,-,-,-,467,0,467,,,
"",,Chanar,073010111,-,-,-,424,0,424,,,
10,Govt. Girls Primary School Chanar (Female),Chanar,073010109,-,-,-,0,397,397,,,
"",,Chanar,073010110,-,-,-,0,279,279,,,
"",,Chanar,073010116,-,-,-,0,355,355,,,
"",,Chanar,073010111,-,-,-,0,339,339,,,
11,Govt. High School Rega (P.S 1) (Male),Rega,073010201,-,-,-,589,0,589,3,0,3
"",,Rega,073010209,-,-,-,314,0,314,,,
12,Govt. High School Rega (P.S 2) (Female),Rega,073010201,-,-,-,0,474,474,0,2,2
"",,Rega,073010209,-,-,-,0,231,231,,,
13,"Govt.  Primary School, No. 1 Rega   (Male)",Rega,073010202,-,-,-,1709,0,1709,4,0,4
"",,Rega,073010210,-,-,-,189,0,189,,,
"",,Rega,073010211,-,-,-,102,0,102,,,
14,"Govt. Girls Primary School, Rega (Female)",Rega,073010202,-,-,-,0,1185,1185,0,4,4
"",,Rega,073010210,-,-,-,0,113,113,,,
"",,Rega,073010211,-,-,-,0,93,93,,,
15,"Govt.  Primary School, No. 2 Rega (Combined)",Rega,073010203,-,-,-,561,441,1002,2,2,4
16,Govt. Primary School Gumbat Rega (Combined),Rega,073010204,-,-,-,102,161,263,2,2,4
"",,Rega,073010212,-,-,-,550,306,856,,,
17,"Govt. High School, Swari (Combined)",Rega,073010205,-,-,-,405,335,740,2,1,3
18,"Govt: Primary School, Sawari (Combined)",Rega,073010206,-,-,-,538,389,927,2,1,3
19,"Govt.  Girls Primary School, Takhta Band (Combined)",Takhta Band,073010207,-,-,-,608,494,1102,2,1,3
20,"Govt.  Primary School, Sonigram (Combined)",Sonigram,073010208,-,-,-,481,366,847,,,
"",,Sonigram,073010213,-,-,-,419,336,755,,,
21,"Govt. Higher Seconday School, Gagra  (Male)",Kalpani,073010301,-,-,-,252,0,252,,,
"",,Kalpani,073010307,-,-,-,218,0,218,2,0,2
"",,Kalpani,073010308,-,-,-,185,0,185,,,
22,"Govt. Girls Higher Secondary School, Kalpanai (P.S-1) (Female)",Kalpani,073010301,-,-,-,0,183,183,0,2,2
"",,Kalpani,073010307,-,-,-,0,172,172,,,
"",,Kalpani,073010308,-,-,-,0,142,142,,,
23,Govt Primary School Biamdara (Combined),Kalpani,073010315,-,-,-,440,313,753,2,1,3
24,Govt. High School Gagra (Male),Kalpani,073010302,-,-,-,239,0,239,4,0,4
"",,Kalpani,073010303,-,-,-,149,0,149,,,
"",,Kalpani,073010304,-,-,-,165,0,165,,,
"",,Kalpani,073010316,-,-,-,670,0,670,,,
"",,Kalpani,073010305,-,-,-,287,0,287,,,
"",,Kalpani,073010317,-,-,-,158,0,158,,,
25,"Govt. Girls Higher Secondary School, Kalpanai (P.S-2) (Female)",Kalpani,073010302,-,-,-,0,184,184,0,4,4
"",,Kalpani,073010303,-,-,-,0,108,108,,,
"",,Kalpani,073010304,-,-,-,0,140,140,,,
"",,Kalpani,073010316,-,-,-,0,558,558,,,
"",,Kalpani,073010305,-,-,-,0,207,207,,,
"",,Kalpani,073010317,-,-,-,0,135,135,,,
26,"Govt.  Primary School, Gagra (Male)",Kalpani,073010306,-,-,-,410,0,410,3,0,3
"",,Kalpani,073010309,-,-,-,215,0,215,,,
"",,Kalpani,073010310,-,-,-,225,0,225,,,
27,Patwarkhaana kalpani (Female),Kalpani,073010306,-,-,-,0,334,334,0,2,2
"",,Kalpani,073010309,-,-,-,0,175,175,,,
"",,Kalpani,073010310,-,-,-,0,178,178,,,
28,"Govt.  Primary School, Kalpani (Male)",Kalpani,073010311,-,-,-,510,0,510,4,0,4
"",,Kalpani,073010312,-,-,-,294,0,294,,,
"",,Kalpani,073010313,-,-,-,230,0,230,,,
"",,Kalpani,073010314,-,-,-,302,0,302,,,
29,"Govt. Girls Primary School, Kalpani (Female)",Kalpani,073010311,-,-,-,0,435,435,0,4,4
"",,Kalpani,073010312,-,-,-,0,208,208,,,
"",,Kalpani,073010313,-,-,-,0,181,181,,,
"",,Kalpani,073010314,-,-,-,0,232,232,,,
30,"Govt.  Girls Middle School, Bajkata (PS-1) (Female)",Bajkata,073010401,-,-,-,0,673,673,,,
"",,Bajkata,073010402,-,-,-,0,352,352,0,4,4
"",,Bajkata,073010408,-,-,-,0,224,224,,,
31,"Govt.  Girls Middle School, Bajkata (PS-2) (Male)",Bajkata,073010401,-,-,-,911,0,911,4,0,4
"",,Bajkata,073010402,-,-,-,422,0,422,,,
"",,Bajkata,073010408,-,-,-,314,0,314,,,
32,"Govt. Primary School, Bajkata (Combined)",Bajkata,073010403,-,-,-,504,382,886,2,2,4
"",,Bajkata,073010409,-,-,-,377,254,631,,,
33,"Govt.  High School, Bajkata (Male)",Bajkata,073010404,-,-,-,529,0,529,3,0,3
"",,Bajkata,073010405,-,-,-,543,0,543,,,
34,"Govt.  Primary School, Baba Jeebaba Bajkata (Male)",Bajkata,073010406,-,-,-,664,0,664,4,0,4
"",,Bajkata,073010407,-,-,-,705,0,705,,,
35,Govt. Girls Primary School Bajkata (P.S-1) (Female),Bajkata,073010406,-,-,-,0,533,533,0,3,3
"",,Bajkata,073010407,-,-,-,0,507,507,,,
36,Govt. Girls Primary School Bajkata (PS-2) (Female),Bajkata,073010404,-,-,-,0,377,377,0,3,3
"",,Bajkata,073010405,-,-,-,0,421,421,,,
37,"Govt.  Primary  School, Kund Shalbandai (Combined)",Shalbandai,073010501,-,-,-,611,440,1051,2,1,3
38,"Govt.  High School, Shalbandai (Combined)",Shalbandai,073010502,-,-,-,335,273,608,1,1,2
39,"Govt: Primary  School, Dara Shalbandai ( Combined)",Shalbandai,073010503,-,-,-,671,539,1210,2,2,4
40,"Govt.  Primary  School, Banr Shalbandai ( Combined)",Shalbandai,073010504,-,-,-,502,401,903,2,2,4
"",,Shalbandai,073010508,-,-,-,264,196,460,,,
41,"Govt.  Girls High  School, Shalbandai (Male)",Shalbandai,073010505,-,-,-,739,0,739,4,0,4
"",,Shalbandai,073010509,-,-,-,368,0,368,,,
42,"Govt. Girls Primary School, No. 1 Shalbandai (Female)",Shalbandai,073010505,-,-,-,0,613,613,0,3,3
"",,Shalbandai,073010509,-,-,-,0,302,302,,,
43,"Govt.  Primary  School, Manai Bambalai (Combined)",Shalbandai,073010506,-,-,-,489,414,903,2,1,3
"",,Shalbandai,073010510,-,-,-,55,21,76,,,
44,"Govt. Girls Primary School, Shalbandai No.2 (Combined)",Shalbandai,073010507,-,-,-,632,480,1112,2,1,3
45,"Govt.  High  School, Amnawar (P.S-1) (Male)",Amnawar,073010601,-,-,-,1116,0,1116,3,0,3
46,"Govt.  High  School, Amnawar (P.S-2) (Female)",Amnawar,073010601,-,-,-,0,936,936,0,3,3
47,"Govt.  Primary  School, No. 2 Amnawar (Combined)",Amnawar,073010602,-,-,-,311,233,544,2,1,3
"",,Amnawar,073010606,-,-,-,120,88,208,,,
48,"Govt:Higher  Secondary School, Amnawar (Male)",Amnawar,073010603,-,-,-,904,0,904,3,0,3
49,"Govt.  Girls Primary  School, Amnawar (Female)",Amnawar,073010603,-,-,-,0,736,736,0,2,2
50,"Govt.  Girls Middle School, Amnawar (Combined)",Amnawar,073010604,-,-,-,761,599,1360,2,2,4
51,"Govt.  Primary  School, No. 1 Amnawar (Combined)",Amnawar,073010605,-,-,-,528,441,969,2,1,3
52,Govt. High School Kulyari (New building) (Combined),Kulyarai,073010704,-,-,-,426,312,738,2,1,3
53,Govt. Primary School Dewana Baba (Combined),Kulyarai,073010705,-,-,-,687,558,1245,2,2,4
54,Govt. High School Dewana Baba (P.S 1) (Male),Kulyarai,073010706,-,-,-,1058,0,1058,3,0,3
55,Govt: High School Dewana Baba( P.S 2) (Female),Kulyarai,073010706,-,-,-,0,824,824,0,3,3
56,Govt. Primary School Kulyari (Combined),Kulyarai,073010701,-,-,-,631,474,1105,2,2,4
57,"Govt.  Primary  School,Khaistababa (Combined)",Kulyarai,073010702,-,-,-,362,268,630,2,1,3
"",,Kulyarai,073010707,-,-,-,124,77,201,,,
58,"Govt.  Middle  School, Kulyarai (Male)",Kulyarai,073010703,-,-,-,1349,0,1349,4,0,4
59,"Govt.  Girls Primary  School, Kulyarai (Female)",Kulyarai,073010703,-,-,-,0,1058,1058,0,3,3
60,"Govt.  Middle  School, Matwani (Combined)",Matwani,073010801,-,-,-,493,392,885,2,1,3
61,"Govt.  Primay  School, Matwani (Male)",Matwani,073010802,-,-,-,1493,0,1493,4,0,4
62,"Govt.  Girls High School, Matwani (P.S-1) (Female)",Matwani,073010802,-,-,-,0,1224,1224,0,4,4
63,"Govt.  Girls Primary  School, Matwani ( Combined)",Matwani,073010803,-,-,-,850,613,1463,2,2,4
64,"Govt.  Girls High  School, Matwani (P.S-2) (Combined)",Matwani,073010804,-,-,-,639,540,1179,2,2,4
"",,Matwani,073010805,-,-,-,50,30,80,,,
65,"Govt.  Primay  School, Dab Sarai (Combined)",Dab,073020101,-,-,-,679,524,1203,2,2,4
66,"Govt.  Primay  School, Foladai (Combined)",Foladai,073020102,-,-,-,370,336,706,1,1,2
67,"Govt.  Primay  School, Bekhanai (Combined)",Bhekhanai,073020103,-,-,-,292,235,527,1,1,2
68,"Govt.  High School, Inzar Maira  (Combined)",Inzar Maira,073020201,-,-,-,901,673,1574,3,1,4
69,"Govt.  Primay  School, Mairagai (Combined)",Mairagai,073020104,-,-,-,615,519,1134,2,2,4
70,"Govt.  Primay  School, Koz Tiraj (Combined)",Koz Tiraj,073020105,-,-,-,496,416,912,2,1,3
71,"Govt.  Primay  School, Bar Tiraj (Combined)",Bar Tiraj,073020106,-,-,-,661,515,1176,2,2,4
72,Govt: Primary School Bakar (Combined),Topai,073020202,-,-,-,494,388,882,2,2,4
73,"Govt.  Girls Community Model  School, Topai (Combined)",Topai,073020203,-,-,-,743,564,1307,2,2,4
74,Govt. Primary School Kot  Soray (Combined),Kot Soray,073020204,-,-,-,346,269,615,1,1,2
75,Govt. Primary School Maradu (Combined),Maradu,073020205,-,-,-,457,356,813,2,1,3
76,"Govt.  Primary  School, Mekhokhpa (Combined)",Mekhokhpa,073020206,-,-,-,416,321,737,1,1,2
77,"Govt.  Primary  School, Awani (Combined)",Awani,073020207,-,-,-,283,253,536,1,1,2
78,"Govt.  Primary  School, Landay Bazar Kot (Combined)",Gishar,073020208,-,-,-,180,133,313,2,2,4
"",,Bazar Kot,073020209,-,-,-,610,517,1127,,,
79,"Govt.  Primay  School, Gul Bandai (Male)",Gulbandai,073020501,-,-,-,1140,0,1140,4,0,4
80,Govt. Girls Middle School Gul Bandai (Female),Gulbandai,073020501,-,-,-,0,935,935,0,3,3
81,"Govt.  Primay  School, Alami Banda (Male)",Alami Banda,073020502,-,-,-,502,0,502,4,0,4
"",,Kotwal,073020503,-,-,-,419,0,419,,,
"",,Bamay,073020504,-,-,-,327,0,327,,,
82,Govt. Middle School Alami Banda (Female),Alami Banda,073020502,-,-,-,0,449,449,0,3,3
"",,Kotwal,073020503,-,-,-,0,341,341,,,
"",,Bamay,073020504,-,-,-,0,273,273,,,
83,"Govt.  High  School, Tangora ( Combined)",Tangora,073020505,-,-,-,292,210,502,1,1,2
84,Govt: Primary School Ramzai (Combined),Tangora,073020507,-,-,-,845,641,1486,2,1,3
85,"Govt.  Girls Primary  School, Tangora  (Combined)",Tangora,073020506,-,-,-,723,538,1261,2,2,4
86,"Govt.  High  School, Ganshal (Combined)",Ganshal,073020302,-,-,-,612,472,1084,2,1,3
87,Govt: Girls Parimary School Ganshal Serai (Combined),Ganshal,073020301,-,-,-,386,334,720,2,1,3
88,Govt. Primary School Dambara (Combined),Gumbat,073020304,-,-,-,625,476,1101,2,1,3
89,Govt. Middle School Gumbat (Combined),Gumbat,073020305,-,-,-,486,345,831,3,1,4
"",,Gumbat,073020303,-,-,-,385,287,672,,,
90,"Govt.  Girls Primary  School, Gumbat  (Combined)",Gumbat,073020306,-,-,-,489,385,874,1,1,2
91,"Govt.  Primay  School, Bilandai (Combined)",Pukhtano Maira,073020401,-,-,-,273,225,498,2,2,4
"",,Mota Khan Dara,073020402,-,-,-,137,113,250,,,
"",,Bilandai,073020403,-,-,-,488,332,820,,,
92,"Govt. Primary School, Kara (Combined)",Banj Kara,073020408,-,-,-,411,327,738,2,2,4
"",,Kara,073020409,-,-,-,286,221,507,,,
93,"Govt. Middle School, Panghalay ( Combined)",Bar Shamnal,073020404,-,-,-,224,167,391,2,2,4
"",,Bar Shamnal,073020410,-,-,-,376,357,733,,,
94,"Govt. Primay  School, Bar Shamnal (Combined)",Bar Shamnal,073020405,-,-,-,518,432,950,2,1,3
95,"Govt. Middle  School, Koz Shamnal (Combined)",Koz Shamnal,073020406,-,-,-,417,339,756,1,1,2
"",,Koz Shamnal,073020411,-,-,-,141,113,254,,,
96,Govt: Girls Primary School Koz Shamnal (Combined),Koz Shamnal,073020407,-,-,-,163,143,306,,,
"",,Koz Shamnal,073020412,-,-,-,277,205,482,1,1,2
97,"Govt.  Higher Secondary  School, Batara (Male)",Batara,073020801,-,-,-,434,0,434,4,0,4
"",,Batara,073020802,-,-,-,719,0,719,,,
"",,Batara,073020803,-,-,-,375,0,375,,,
98,"Govt. Girls Primay  School, Batara (Female)",Batara,073020801,-,-,-,0,365,365,0,3,3
"",,Batara,073020802,-,-,-,0,594,594,,,
"",,Batara,073020803,-,-,-,0,312,312,,,
99,"Govt. Girls Primary  School, Gulono Borai (Combined)",Gulonborai,073020804,-,-,-,576,518,1094,2,2,4
"",,Gulonborai,073020810,-,-,-,118,53,171,,,
100,Govt. Girls Primary School Riyal (P.S-1) (Male),Gulonborai,073020805,-,-,-,331,0,331,4,0,4
"",,Gulonborai,073020806,-,-,-,571,0,571,,,
"",,Gulonborai,073020807,-,-,-,301,0,301,,,
101,"Govt. Girls Primay  School, Riyal (P.S-2) (Female)",Gulonborai,073020805,-,-,-,0,313,313,0,3,3
"",,Gulonborai,073020806,-,-,-,0,465,465,,,
"",,Gulonborai,073020807,-,-,-,0,235,235,,,
102,"Govt. High School, Budal  (Combined)",Budal,073020808,-,-,-,632,481,1113,2,1,3
"",,Budal,073020811,-,-,-,91,66,157,,,
103,"Govt:  Primary School, Budal Maira (Combined)",Budal,073020809,-,-,-,423,343,766,1,1,2
104,"Govt. Middle School, Shangra  (Combined)",Shangra,073020601,-,-,-,418,340,758,1,1,2
405,"Govt.  Girls Primary  School, Shangra  (Combined)",Shangra,073020602,-,-,-,760,613,1373,2,1,3
106,"Govt.  Primary  School, Chalandrai  (Combined)",Chalandrai,073020603,-,-,-,341,273,614,2,2,4
"",,Bairo,073020604,-,-,-,386,331,717,,,
107,"Govt.  Primary  School, Baimpur (Combined)",Baimpur,073020605,-,-,-,519,349,868,1,1,2
108,"Govt.  High  School, Tehra (Combined)",Thera,073020701,-,-,-,246,168,414,2,2,4
"",,Thera,073020702,-,-,-,467,402,869,,,
109,"Govt.  Primary  School, Kot Pandair (Combined)",Kot Makikhel,073020703,-,-,-,373,320,693,1,1,2
110,"Govt. Girls Middle School, Pandair (Combined)",Pandair,073020705,-,-,-,413,328,741,2,1,3
"",,Pandair,073020706,-,-,-,355,312,667,,,
111,"Govt.  Primary  School, Kass  (Combined)",Kass,073020707,-,-,-,379,326,705,3,1,4
"",,Kass,073020708,-,-,-,213,178,391,,,
"",,Rajkand,073020704,-,-,-,121,102,223,,,
112,"Govt.  Primary  School, Sher Ali (Combined)",Sher Ali,073020901,-,-,-,182,158,340,1,1,2
"",,Sher Ali,073020902,-,-,-,335,264,599,,,
113,"Govt.  Primary  School, Kulyar Jaboo (Combined)",Bangiray,073020903,-,-,-,312,219,531,2,1,3
"",,Bangiray,073020904,-,-,-,394,304,698,,,
114,"Govt.  Primary  School, Bangiray (Combined)",Bangiray,073020905,-,-,-,358,304,662,1,1,2
115,"Govt.  High School,Nawan Kalay  (Combined)",Nawan Kalay Panchpaw,011020401,-,-,-,393,262,655,2,1,3
"",,Nawan Kalay Panchpaw,011020407,-,-,-,253,218,471,,,
116,"Govt.  Primary School,Nawan Kalay  (Combined)",Nawan Kalay Panchpaw,011020402,-,-,-,574,470,1044,2,1,3
117,Govt. Girls Primary School Shnai Nawan Kaley (Combined),Nawan Kalay Panchpaw,011020403,-,-,-,160,111,271,2,1,3
"",,Nawan Kalay Panchpaw,011020408,-,-,-,331,322,653,,,
118,"Govt.  Girls Primary School,Nawan Kalay  (Female)",Nawan Kalay Panchpaw,011020404,-,-,-,0,664,664,0,2,2
"",,Nawan Kalay Panchpaw,011020409,-,-,-,0,199,199,,,
119,"Govt. Primary School Shanai, Nawn akaley (Male)",Nawan Kalay Panchpaw,011020404,-,-,-,892,0,892,4,0,4
"",,Nawan Kalay Panchpaw,011020409,-,-,-,283,0,283,,,
120,"Govt.  Primary School,Banda  (Combined)",Banda,011020405,-,-,-,357,288,645,2,1,3
"",,Banda,011020410,-,-,-,271,224,495,,,
121,"Govt. Middle  School,  Banda (Combined)",Banda,011020406,-,-,-,379,289,668,1,1,2
"",,Banda,011020411,-,-,-,156,139,295,,,
122,"Govt.  Primary School,Mula Yousaf  (Male)",Mula Yousaf,011020501,-,-,-,743,0,743,4,0,4
"",,Mula Yousaf,011020506,-,-,-,417,0,417,,,
123,Govt. Girls Primary School Mula Yousaf (Female),Mula Yousaf,011020501,-,-,-,0,519,519,0,2,2
"",,Mula Yousaf,011020506,-,-,-,0,375,375,,,
124,"Govt. Girls High School,Karapa (P.S-1) (Male)",Karapa,011020502,-,-,-,521,0,521,2,0,2
"",,Karapa,011020507,-,-,-,202,0,202,,,
125,"Govt.  Primary School,Karapa (P. S 1) (Male)",Karapa,011020503,-,-,-,416,0,416,2,0,2
"",,Karapa,011020508,-,-,-,270,0,270,,,
"",,Karapa,011020509,-,-,-,312,0,312,,,
126,Govt.Primray School Karapa( P. S 2) (Female),Karapa,011020503,-,-,-,0,229,229,0,2,2
"",,Karapa,011020508,-,-,-,0,280,280,,,
"",,Karapa,011020509,-,-,-,0,239,239,,,
127,"Govt.  Girls High School,Karapa (P.S-2) (Female)",Karapa,011020504,-,-,-,334,256,590,,,
"",,Karapa,011020510,-,-,-,205,123,328,1,1,2
128,"Govt.  High School,Karapa  (Male)",Karapa,011020505,-,-,-,494,0,494,3,0,3
"",,Karapa,011020511,-,-,-,210,0,210,,,
"",,Karapa,011020512,-,-,-,289,0,289,,,
129,"Govt: Girls Primary  School,Karapa (Female)",Karapa,011020502,-,-,-,0,378,490,0,4,4
"",,Karapa,011020507,-,-,-,0,128,128,,,
"",,Karapa,011020505,-,-,-,0,414,414,,,
"",,Karapa,011020511,-,-,-,0,166,166,,,
"",,Karapa,011020512,-,-,-,0,224,224,,,
1,"Govt.  Primary  School, Girarai (Combined)",Girarai,011010101,-,-,-,224,187,411,2,1,3
"",,Girarai,011010102,-,-,-,390,310,700,,,
2,"Govt. High School, Girarai (P.S 1) (Male)",Girarai,011010103,-,-,-,973,0,973,2,0,2
3,"Govt. High School, Girarai (P.S 2) (Female)",Girarai,011010103,-,-,-,0,737,737,0,2,2
4,"Govt.  Primary  School, Kingargalai (Combined)",Kingargalai,011010104,-,-,-,550,443,993,2,2,4
"",,Kingargalai,011010105,-,-,-,262,231,493,,,
5,"Govt. High School, Kingargalai (Combined)",Kingargalai,011010106,-,-,-,960,772,1732,2,2,4
6,"Govt. Girls Primary School, Nanseer (Combined)",Nanseer,011010201,-,-,-,578,435,1013,3,1,4
"",,Nanseer,011010206,-,-,-,342,281,623,,,
7,"Govt: Girls Middle School, Nanseer ( Combined)",Nanseer,011010202,-,-,-,298,219,517,1,1,2
8,"Govt.  Primary  School, Sakho Kas (Combined)",Chor Banda,011010203,-,-,-,265,191,456,1,1,2
9,"Govt.  Primary  School, Kohay (Combined)",Kohay,011010204,-,-,-,337,258,595,2,2,4
"",,Kohay,011010205,-,-,-,617,475,1092,,,
10,"Govt.  High  School, Bampokha (P.S 1) (Combined)",Bampokha,011010301,-,-,-,509,400,909,2,2,4
"",,Bampokha,011010302,-,-,-,353,254,607,,,
"",,Bampokha,011010313,-,-,-,19,23,42,,,
11,"Govt.  Primary  School, Bampokha  (Combined)",Bampokha,011010303,-,-,-,261,203,464,2,1,3
"",,Bampokha,011010304,-,-,-,216,138,354,,,
"",,Bampokha,011010314,-,-,-,317,256,573,,,
12,"Govt. Girls Primary School, Bampokha (Combined)",Bampokha,011010305,-,-,-,654,473,1127,2,1,3
13,"Govt. Girls  Community Primary  School, Bampokha (Combined)",Bampokha,011010306,-,-,-,341,279,620,1,1,2
14,"Govt: High School, Bampokha (P.S 2) ( Combined)",Bampokha,011010307,-,-,-,223,171,394,,,
"",,Bampokha,011010315,-,-,-,420,311,731,2,1,3
15,"Govt.  Primary  School, Bazargay  (Combined)",Bazargay,011010308,-,-,-,477,336,813,2,1,3
"",,Bazargay,011010309,-,-,-,192,126,318,,,
16,"Govt: High School, Bazargay  (Combined)",Bazargay,011010310,-,-,-,929,693,1622,2,2,4
17,"Govt.  Girls High School, Bazargay  (Combined)",Bazargay,011010311,-,-,-,255,195,450,2,2,4
"",,Bazargay,011010316,-,-,-,145,97,242,,,
"",,Bazargay,011010312,-,-,-,241,195,436,,,
18,"Govt.  Primary  School, Leganai  (Combined)",Leganai,011010401,-,-,-,119,95,214,2,1,3
"",,Leganai,011010418,-,-,-,393,298,691,,,
"",,Leganai,011010403,-,-,-,231,150,381,,,
19,"Govt. Girls Primary  School, Leganai  (Combined)",Leganai,011010402,-,-,-,841,667,1508,2,2,4
20,Govt. Primary School No.2 Jowar (Combined),Jowar,011010405,-,-,-,391,269,660,2,1,3
"",,Jowar,011010407,-,-,-,281,226,507,,,
"",,Jowar,011010415,-,-,-,58,34,92,,,
21,"Govt.  High School, Jowar   (Male)",Jowar,011010406,-,-,-,930,0,930,3,0,3
"",,Jowar,011010413,-,-,-,280,0,280,,,
"",,Jowar,011010414,-,-,-,267,0,267,,,
22,Govt: Degree College Jowar (Female),Jowar,011010406,-,-,-,0,667,667,0,3,3
"",,Jowar,011010413,-,-,-,0,209,209,,,
"",,Jowar,011010414,-,-,-,0,219,219,,,
23,"Govt.  Primary  School, No.3  Jowar (Combined)",Jowar,011010409,-,-,-,259,200,459,2,1,3
"",,Jowar,011010417,-,-,-,345,267,612,,,
24,"Govt.  Primary  School, No.1 Jowar  (Combined)",Jowar,011010404,-,-,-,217,171,388,2,1,3
"",,Jowar,011010410,-,-,-,335,235,570,,,
25,Govt. Girls High School Jowar  (Combined),Jowar,011010408,-,-,-,288,250,538,2,2,4
"",,Jowar,011010416,-,-,-,350,218,568,,,
"",,Jowar,011010411,-,-,-,12,12,24,,,
"",,Jowar,011010412,-,-,-,179,143,322,,,
26,"Govt.  Primary  School, Charai (Combined)",Charai,011010501,-,-,-,387,303,690,2,1,3
"",,Charai,011010502,-,-,-,305,227,532,,,
27,"Govt.  High School, Katkala  (Combined)",Katkala,011010504,-,-,-,696,557,1253,2,1,3
28,"Govt.  Primary  School, Katkala  (Combined)",Katkala,011010505,-,-,-,308,227,535,2,2,4
"",,Katkala,011010506,-,-,-,542,338,880,,,
29,"Govt.  Primary  School, Shoprang  (Combined)",Shoprang,011010503,-,-,-,337,232,569,2,1,3
"",,Shoprang,011010509,-,-,-,247,209,456,,,
30,"Govt.  Primary  School, Char   (Combined)",Barmaira,011010507,-,-,-,321,218,539,2,1,3
"",,Char,011010508,-,-,-,618,423,1041,,,
31,"Govt.  Primary School,Bhai Kalay (Combined)",Bhai Kalay,011010601,-,-,-,691,504,1195,2,1,3
32,"Govt.  Middle School,Bhai Kalay (P. S 1) (Male)",Bhai Kalay,011010602,-,-,-,1140,0,1140,2,0,2
33,"Govt.  Middle School,Bhai Kalay (P. S 2) (Female)",Bhai Kalay,011010602,-,-,-,0,859,859,0,2,2
34,"Govt.  Girls Primary School,Bhai Kalay  (Combined)",Bhai Kalay,011010603,-,-,-,548,401,949,2,1,3
"",,Bhai Kalay,011010604,-,-,-,187,136,323,,,
35,"Govt.  High School,Kala Khela (P.S-1) (Combined)",Kala Khela,011010605,-,-,-,452,358,810,2,1,3
"",,Kala Khela,011010606,-,-,-,442,333,775,,,
36,"Govt.  Primary  School,Kala Khela  (Combined)",Kala Khela,011010607,-,-,-,771,550,1321,2,1,3
37,Govt High School Kala Khela (P.S-2) (Combined),Kala Khela,011010608,-,-,-,635,441,1076,2,1,3
38,"Govt. Girls Primary School,Kala Khela ( Combined)",Kala Khela,011010609,-,-,-,815,614,1429,2,2,4
"",,Kala Khela,011010610,-,-,-,70,49,119,,,
39,"Govt.  Primary  School,Sultanwas  (Male)",Sultanwas,011010701,-,-,-,974,0,974,4,0,4
"",,Sultanwas,011010707,-,-,-,409,0,409,,,
40,Govt. Girls Community Model School Sultanwas (Female),Sultanwas,011010701,-,-,-,0,748,748,0,3,3
"",,Sultanwas,011010707,-,-,-,0,280,280,,,
41,"Govt.  Girls Primary  School,Sultanwas  (Female)",Sultanwas,011010702,-,-,-,0,516,516,0,2,2
"",,Sultanwas,011010706,-,-,-,0,266,266,,,
42,Govt. Primary School  Bagh Naseem Sultanwas  (Male),Sultanwas,011010702,-,-,-,662,0,662,3,0,3
"",,Sultanwas,011010706,-,-,-,350,0,350,,,
43,Govt. High School Ghazi Khanai ( P. S 1) (Male),Ghazi Khanai,011010703,-,-,-,1149,0,1149,3,0,3
44,Govt. High School Ghazi Khanai ( P. S 2) (Female),Ghazi Khanai,011010703,-,-,-,0,892,892,0,2,2
45,Govt. Girls Primary School Ghazi Khaney (Combined),Ghazi Khanai,011010704,-,-,-,275,182,457,2,2,4
"",,Ghazi Khanai,011010705,-,-,-,0,922,922,,,
46,Govt.  Primary School Ghazi Khanai  (Male),Ghazi Khanai,011010705,-,-,-,1278,0,1278,3,0,3
47,"Govt.  Higher Secondary School,Gadezai (P.S-1) (Male)",Pacha Kalay,011010801,-,-,-,709,0,709,,,
"",,Pacha Kalay,011010818,-,-,-,109,0,109,3,0,3
"",,Pacha Kalay,011010802,-,-,-,319,0,319,,,
48,"Govt. Girls Higher Secondary School,P/Kalaly (P.S-1) (Female)",Pacha Kalay,011010801,-,-,-,0,531,531,0,2,2
"",,Pacha Kalay,011010818,-,-,-,0,87,87,,,
"",,Pacha Kalay,011010802,-,-,-,0,260,260,,,
49,"Govt. Girls Primary School,  No.1 P/Kalaly (Male)",Pacha Kalay,011010807,-,-,-,1020,0,1020,3,0,3
50,Govt. Girls Primary School No. 2 Pacha Kalay (P.S 1) (Female),Pacha Kalay,11010807,-,-,-,0,777,777,0,2,2
51,Sky Hlak Public School Pacha Kaley (Combined),Pacha Kaley,011010808,-,-,-,644,501,1145,2,1,3
52,"Govt.  Primary  School, Gadezai  (Male)",Pacha Kalay,011010803,-,-,-,296,0,296,3,0,3
"",,Pacha Kalay,011010819,-,-,-,430,0,430,,,
"",,Pacha Kalay,011010804,-,-,-,669,0,669,,,
53,"Govt: Girls Higher Secondary School, P/Kalay (P.S 2) (Female)",Pacha Kalay,011010803,-,-,-,0,305,305,0,3,3
"",,Pacha Kalay,011010819,-,-,-,0,361,361,,,
"",,Pacha Kalay,011010804,-,-,-,0,514,514,,,
54,"Govt. Higher Secondary School,Gadezai (P.S-2) (Combined)",Pacha Kalay,011010806,-,-,-,418,323,741,1,1,2
55,Agriculture Office Pacha Kaley (Combined),Pacha Kalay,011010805,-,-,-,283,208,491,1,1,2
56,"Govt. Girls Primary School, No.2 P/Kalaly (P.S 2) (Female)",Pacha Kalay,011010809,-,-,-,0,574,574,0,2,2
"",,Pacha Kalay,011010820,-,-,-,0,603,603,,,
57,Govt. Primary School Kalabat (Male),Pacha Kalay,011010809,-,-,-,438,0,438,3,0,3
"",,Pacha Kalay,011010820,-,-,-,496,0,496,,,
58,Swat Public School Batai (Female),Batai,011010810,-,-,-,0,398,398,0,3,3
"",,Batai,011010811,-,-,-,0,317,317,,,
"",,Batai,011010812,-,-,-,0,515,515,,,
59,Govt Middle School Batai (Male),Batai,011010810,-,-,-,494,0,494,4,0,4
"",,Batai,011010811,-,-,-,406,0,406,,,
"",,Batai,011010812,-,-,-,745,0,745,,,
60,Govt. Girls Middle School Batai (Combined),Batai,011010814,-,-,-,301,248,549,1,1,2
"",,Batai,011010817,-,-,-,174,141,315,,,
61,"Govt.  Primary School,  No.2 Batai (Combined)",Batai,011010813,-,-,-,478,394,872,1,1,2
62,Govt: High School Batai (Combined),Batai,011010815,-,-,-,270,196,466,2,1,3
"",,Batai,011010816,-,-,-,402,297,699,,,
63,Govt. Primary School Elam (Combined),Elam,011010901,-,-,-,462,292,754,1,1,2
64,Govt. Primary School Malakpur (Male),Malak Pur,011010902,-,-,-,729,0,729,3,0,3
"",,Malak Pur,011010904,-,-,-,381,0,381,,,
65,Govt.Girls Primary School Malakpur Shakar Gunj Baba (Female),Malak Pur,011010902,-,-,-,0,558,558,0,3,3
"",,Malak Pur,011010904,-,-,-,0,276,276,,,
66,"Govt: Primary School, Malakpur Shakar Gunj Baba (P.S 1) (Male)",Malak Pur,011010903,-,-,-,965,0,965,2,0,2
67,"Govt: Primary School, Malakpur Shakar Gunj Baba (P.S 2) (Female)",Malak Pur,011010903,-,-,-,0,797,797,0,2,2
68,Govt. Middle School Balo Khan (Female),Balo Khan,011010905,-,-,-,0,771,771,0,2,2
79,Govt. Primary School Balo Khan (P.S 2) (Male),Balo Khan,011010905,-,-,-,989,0,989,2,0,2
70,Govt. Primary School Balo Khan (P.S 1) ( Combined),Balo Khan,011010906,-,-,-,428,309,737,1,1,2
71,"Govt.  High School,Dokada  (Male)",Dokada,011011001,-,-,-,822,0,822,3,0,3
"",,Dokada,011011005,-,-,-,361,0,361,,,
72,Govt. Girls Primary School Dokada (Female),Dokada,011011001,-,-,-,0,754,754,0,4,4
"",,Dokada,011011005,-,-,-,0,190,190,,,
"",,Dokada,011011002,-,-,-,0,566,566,,,
73,"Govt.  Primary School,Dokada (Male)",Dokada,011011002,-,-,-,696,0,696,2,0,2
74,"Govt.  Primary School,Poland (Combined)",Kursar,011011003,-,-,-,226,167,393,2,1,3
"",,Poland,011011004,-,-,-,553,445,998,,,
75,"Govt.  Primary School,Tanta (Combined)",Tanta,011011101,-,-,-,505,361,866,1,1,2
76,"Govt.  Primary School,Mula Banda (Combined)",Mula Banda,011011102,-,-,-,437,404,841,1,1,2
77,"Govt.  Primary School,Beshonai  (Male)",Beshonai,011011103,-,-,-,526,0,526,2,0,2
"",,Beshonai,011011106,-,-,-,416,0,416,,,
78,"Govt. Girls  Primary School,Beshonai (Female)",Beshonai,011011103,-,-,-,0,398,398,0,2,2
"",,Beshonai,011011106,-,-,-,0,319,319,,,
79,"Govt.  Primary School,Narbatawal  (Combined)",Narbatawal,011011104,-,-,-,775,564,1339,2,1,3
80,Govt. Girls Primary School Narbatawal (Combined),Narbatawal,011011105,-,-,-,441,344,785,1,1,2
81,"Govt.  High School,Torwarsak (P.S-1) (Male)",Torwarsak,011020102,-,-,-,1374,0,1374,4,0,4
"",,Torwarsak,011020118,-,-,-,322,0,322,,,
82,Basic Health Unit Shnai Toorwarsak (Female),Torwarsak,011020102,-,-,-,0,990,990,0,3,3
"",,Torwarsak,011020118,-,-,-,0,219,219,,,
83,"Govt.  High School,Torwarsak (P.S-2) (Combined)",Torwarsak,011020103,-,-,-,732,590,1322,2,2,4
84,Govt.Primary School  No.1 Toorwarsak  (Combined),Torwarsak,011020104,-,-,-,578,441,1019,2,1,3
85,"Govt.   Primary School,Shanai (Male)",Torwarsak,011020109,-,-,-,519,0,519,4,0,4
"",,Torwarsak,011020110,-,-,-,346,0,346,,,
"",,Torwarsak,011020119,-,-,-,239,0,239,,,
"",,Torwarsak,011020120,-,-,-,336,0,336,,,
86,Govt. Middle School Shanai (Female),Torwarsak,011020109,-,-,-,0,387,387,0,3,3
"",,Torwarsak,011020110,-,-,-,0,277,277,,,
"",,Torwarsak,011020119,-,-,-,0,169,169,,,
"",,Torwarsak,011020120,-,-,-,0,251,251,,,
87,"Govt. Primary School,Ali Sher (Combined)",Torwarsak,011020114,-,-,-,582,428,1010,2,1,3
88,"Govt.  Primary School,Mia Sunai(Torwarsak) (Combined)",Torwarsak,011020101,-,-,-,394,265,659,2,1,3
"",,Torwarsak,011020117,-,-,-,312,265,577,,,
89,"Govt. Primary School, No.2 Torwarsak  (PS-1) (Combined)",Torwarsak,011020105,-,-,-,488,395,883,2,2,4
"",,Torwarsak,011020106,-,-,-,384,288,672,,,
90,"Govt. Girls Primary School,Torwarsak  (Combined)",Torwarsak,011020107,-,-,-,309,221,530,1,1,2
91,"Govt: Girls Middle School, Torwarsak  (Combined)",Torwarsak,011020108,-,-,-,699,556,1255,1,1,2
92,"Govt.  Middle School,Jangdara  (Combined)",Torwarsak,011020111,-,-,-,510,405,915,2,1,3
93,Govt. Primary School Jangdara (Combined),Torwarsak,011020112,-,-,-,170,144,314,2,1,3
"",,Torwarsak,011020113,-,-,-,520,395,915,,,
94,"Govt. Primary School, No.2 Torwarsak  (PS-2) (Combined)",Torwarsak,011020115,-,-,-,468,406,874,1,1,2
95,"Govt.  High School,Torwarsak (P.S-3) (Combined)",Torwarsak,011020116,-,-,-,599,461,1060,2,1,3
"",,Torwarsak,011020121,-,-,-,61,46,107,,,
96,"Govt.  High School,Angapur (P.S-1) (Combined)",Anghapur,011020201,-,-,-,600,467,1067,2,1,3
97,"Govt. Primary School, No.2 Angapur   (Male)",Anghapur,011020202,-,-,-,915,0,915,4,0,4
"",,Anghapur,011020209,-,-,-,302,0,302,,,
98,Govt. High School Anghapur (P.S-2) (Female),Anghapur,011020202,-,-,-,0,743,743,0,3,3
"",,Anghapur,011020209,-,-,-,0,266,266,,,
99,"Govt. High School,Angapur (P.S-3)  (Combined)",Anghapur,011020203,-,-,-,607,537,1144,2,2,4
"",,Anghapur,011020204,-,-,-,248,280,528,,,
"",,Anghapur,011020210,-,-,-,212,117,329,,,
100,"Govt.  GirlsPrimary School ,  No.1  Angapur (Combined)",Anghapur,011020205,-,-,-,434,436,870,,,
"",,Anghapur,011020211,-,-,-,165,94,259,2,1,3
101,"Govt. Primary School, Ghalo Tangay Anghpur (Combined)",Anghapur,011020206,-,-,-,252,188,440,2,1,3
"",,Anghapur,011020212,-,-,-,402,392,794,,,
102,"Govt.  Primary School,Nawan Kalay Ashezai (Combined)",Nawan Kalay Ashezai,011020207,-,-,-,606,537,1143,2,2,4
"",,Nawan Kalay Ashezai,011020213,-,-,-,178,141,319,,,
103,"Govt.  Primary School, Ashezo Maira (Combined)",Mair Ashezai,011020208,-,-,-,498,370,868,2,2,4
"",,Mair Ashezai,011020214,-,-,-,231,213,444,,,
104,Govt. Primary School (JICA) Daggar (Male),Elai,011020304,-,-,-,117,0,117,4,0,4
"",,Elai,011020302,-,-,-,639,0,639,,,
"",,Elai,011020303,-,-,-,514,0,514,,,
105,"Govt.  Girls Middle School,Elai (P.S 1) (Female)",Elai,011020304,-,-,-,0,96,96,0,2,2
"",,Elai,011020302,-,-,-,0,467,467,,,
"",,Elai,011020303,-,-,-,0,370,370,,,
106,"Civil Dispensary,Elai (Combined)",Elai,011020305,-,-,-,762,554,1316,2,1,3
107,Govt. Girls Degree College Daggar (P.S-1) (Combined),Elai,011020309,-,-,-,356,257,613,3,1,4
"",,Elai,011020313,-,-,-,393,282,675,,,
108,Govt. Girls Degree College Daggar (P.S-2) (Combined),Elai,011020310,-,-,-,622,475,1097,2,1,3
109,"Govt. High School,Elai (P.S-1) (Combined)",Elai,011020301,-,-,-,305,220,525,2,2,4
"",,Elai,011020311,-,-,-,505,374,879,,,
110,"Govt.  Girls Primary School,Elai  (Combined)",Elai,011020306,-,-,-,759,586,1345,2,2,4
111,"Govt. High School,Elai (P.S-2) (Combined)",Elai,011020307,-,-,-,297,240,537,2,1,3
"",,Elai,011020312,-,-,-,204,171,375,,,
112,"Govt.   Primary School,Elai (Male)",Elai,011020308,-,-,-,966,0,966,2,0,2
113,Govt. Girls Middle School Elai (P.S 2) (Female),Elai,011020308,-,-,-,0,795,795,0,2,2
114,Govt. Girls Community Model School Hisar Tangay (Combined),Daggar,011020601,-,-,-,448,335,783,2,1,3
"",,Daggar,011020607,-,-,-,292,248,540,,,
115,"Govt. Primary School, No.2 Daggar  (P.S-1) (Combined)",Daggar,011020602,-,-,-,794,650,1444,2,2,4
116,"Govt. Girls Primary School, No.2 Daggar  (Combined)",Daggar,011020603,-,-,-,809,709,1518,2,2,4
117,"Govt. Primary School, Kalpani, Daggar (P.S-1) (Combined)",Daggar,011020604,-,-,-,553,414,967,2,2,4
"",,Daggar,011020608,-,-,-,403,277,680,,,
118,"Govt.  High School,Daggar No.2 (P.S-1) (Combined)",Daggar,011020605,-,-,-,946,0,946,,,
"",,Daggar,011020609,-,-,-,703,0,703,4,0,4
119,Govt. High School Daggar No.2 (P.S-2) (Female),Daggar,011020605,-,-,-,0,654,654,0,3,3
"",,Daggar,011020609,-,-,-,0,608,608,,,
120,"Govt.  Primary School,Daggar No.2 (P.S-2) (Male)",Daggar,011020606,-,-,-,940,0,940,4,0,4
"",,Daggar,011020610,-,-,-,429,0,429,,,
121,"Govt. Primary School Kalpani, Daggar (P.S-2) (Female)",Daggar,011020606,-,-,-,0,776,776,0,3,3
"",,Daggar,011020610,-,-,-,0,336,336,,,
122,"Govt.  High School,Bagra (P.S-1) (Combined)",Bagra,011020701,-,-,-,696,544,1240,3,1,4
123,Govt. Primary School No.2 Bagra (Male),Bagra,011020703,-,-,-,542,0,542,1,0,1
124,"Govt.  High School,Bagra (P.S-2) (Male)",Bagra,011020702,-,-,-,1128,0,1128,3,0,3
125,Govt Primary School No. 1 Bagra (Female),Bagra,011020702,-,-,-,0,856,856,0,2,2
126,"Govt.  Girls Primary School,Bagra (Male)",Bagra,011020704,-,-,-,1024,0,1024,3,0,3
127,"Govt: Girls Higher Secondary School, Bagra (Female)",Bagra,011020704,-,-,-,0,786,786,0,4,4
"",,Bagra,011020703,-,-,-,0,466,466,,,
128,"Govt.  Primary School,Topdara (Male)",Topdara,011020705,-,-,-,1325,0,1325,4,0,4
129,Govt. Girls Primary School Topdara  (Female),Topdara,011020705,-,-,-,0,959,959,0,2,2
130,"Govt.  High School,Hisar (Male)",Topdara,011020706,-,-,-,1087,0,1087,4,0,4
"",,Topdara,011020707,-,-,-,253,0,253,,,
131,Govt. Girls High School Hisar (Female),Topdara,011020706,-,-,-,0,817,817,0,3,3
"",,,011020707,-,-,-,0,207,207,,,
132,"Govt.  Primary School,Kot  (Combined)",Kalail,011020801,-,-,-,310,229,539,2,1,3
"",,Sodair,011020802,-,-,-,302,269,571,,,
133,"Govt. Middle School,Kot Gokand  (Combined)",Kot,011020803,-,-,-,743,557,1300,2,1,3
134,"Govt.  Primary School,Bar Gokand (Combined)",Bar Gokand,011020804,-,-,-,806,601,1407,2,1,3
135,"Govt.  Primary School,Koz Gokand (Combined)",Koz Gokand,011020805,-,-,-,496,381,877,1,1,2
136,Govt: Girls Middle School Kuz Gokand (Combined),Koz Gokand,011020806,-,-,-,629,459,1088,2,1,3
137,"Govt.  High School,Koz Gokand (P.S 1) (Combined)",Koz Gokand,011020807,-,-,-,395,283,678,1,1,2
138,"Govt.  High School,Koz Gokand (P.S 2 (Combined)",Koz Gokand,011020808,-,-,-,795,603,1398,2,1,3
139,"Govt.  Primary School,Ghurdara (Combined)",Ghurdara,011020905,-,-,-,422,321,743,2,1,3
"",,Ghurdara,011020909,-,-,-,322,215,537,,,
140,"Govt: Primary School, Ghundakay (Combined)",Ghundakay,011020901,-,-,-,372,299,671,1,1,2
141,"Govt.  Primary School,Phalwaray (Combined)",Phalwari,011020902,-,-,-,401,299,700,1,1,2
"",,Phalwari,011020903,-,-,-,77,97,174,,,
"",,Phalwari,011020908,-,-,-,110,48,158,,,
142,"Govt: Midddle School,  Phalwray (Combined)",Phalwari,011020904,-,-,-,359,309,668,1,1,2
143,"Govt.  Primary School,Khaidara (Combined)",Khaidara,011020906,-,-,-,351,270,621,2,1,3
"",,Khaidara,011020907,-,-,-,250,213,463,,,
