1,"Office of Distt: DirectorAgriculture Kohistan",Danka Sakhiabad,014010404,,,,232,226,458,1,1,2
"",,Danka Sakhiabad,014010405,,,,4,6,10,,,
"",,Danka Sakhiabad,014010406,,,,6,7,13,,,
"",,Dassu,014010407,,,,324,309,633,,,
"",,Dassu,014010408,,,,28,23,51,,,
"",,Dassu,014010409,,,,13,16,29,,,
"",,,,,,,607,587,1194,,,
2,Govt: High SchoolTiyal,Shaal Kai,014010303,,,,63,77,140,1,1,2
"",,Tiyal,014010401,,,,196,235,431,,,
"",,Tiyal,014010402,,,,35,40,75,,,
"",,,,,,,294,352,646,,,
3,Govt: High School Chuchang,Logroo,014010201,,,,19,20,39,2,1,3
"",,Zarif Dadair,014010205,,,,20,19,39,,,
"",,Morgaah,014010301,,,,66,61,127,,,
"",,Khooshi,014010403,,,,76,74,150,,,
"",,Kuz Chuchang,014010410,,,,95,97,192,,,
"",,Ber Chuchang No. 1,014010412,,,,166,157,323,,,
"",,Ber Chuchang No. 2,014010413,,,,46,48,94,,,
"",,,,,,,488,476,964,,,
4,"Govt: Girls  Primary SchoolKaigah",Douch Bah,014010103,,,,68,43,111,2,1,3
"",,Shakrat Jishaal,014010104,,,,6,1,7,,,
"",,Jail bail,014010105,,,,46,38,84,,,
"",,Looter,014010106,,,,183,165,348,,,
"",,Looter,014010107,,,,31,30,61,,,
"",,Kaigah,014010305,,,,131,120,251,,,
"",,Paani Baah,014010306,,,,13,15,28,,,
"",,Berseen,014010411,,,,63,49,112,,,
"",,,,,,,541,461,1002,,,
5,"Govt: Primary School UcharNallah",Uchar Sair,014010202,,,,76,69,145,1,1,2
"",,Uchaar,014010203,,,,52,44,96,,,
"",,Dadair,014010204,,,,73,45,118,,,
"",,Charr,014010302,,,,39,37,76,,,
"",,Jainder,014010304,,,,83,83,166,,,
"",,Thoki,014010101,,,,148,147,295,,,
"",,Thoki,014010102,,,,12,14,26,,,
"",,,,,,,483,439,922,,,
6,Govt: High School Jalkot,Kuz Jalkot,014020101,,,,8,6,14,1,1,2
""
""
"",,Kuz Jalkot,014020102,,,,0,0,0,,,
"",,Kuz Jalkot,014020103,,,,9,10,19,,,
"",,Kuz Jalkot,014020104,,,,6,7,13,,,
"",,Kuz Jalkot,014020105,,,,98,98,196,,,
"",,Tajkot,014020106,,,,36,43,79,,,
"",,Taaj Kot,014020107,,,,0,0,0,,,
"",,,,,,,157,164,321,,,
7,Govt: Primary School Charto,Kandrot,014020108,,,,0,0,0,1,1,2
"",,Danaat,014020109,,,,19,14,33,,,
"",,Bosas,014020110,,,,41,34,75,,,
"",,Bairro,014020202,,,,8,15,23,,,
"",,Jailbaik,014020205,,,,4,1,5,,,
"",,Jailbaik,014020206,,,,0,0,0,,,
"",,Ajmeera,014020207,,,,0,0,0,,,
"",,Kuz Bela,014020208,,,,1,0,1,,,
"",,Jaloo,014020307,,,,53,47,100,,,
"",,Jaloo,014020308,,,,46,62,108,,,
"",,Jaloo,014020309,,,,12,11,23,,,
"",,Charto Kuz,014020310,,,,25,22,47,,,
"",,Bar Chartoo,014020311,,,,81,80,161,,,
"",,,,,,,290,286,576,,,
8,"Govt:Girls Primary SchoolNimraty Sosak",Sosak,014020301,,,,67,61,128,2,1,3
"",,Sosak,014020302,,,,25,38,63,,,
"",,Sosak,014020303,,,,39,50,89,,,
"",,Sirinagar,014020304,,,,19,8,27,,,
"",,Sirinagar,014020305,,,,87,48,135,,,
"",,Sirinagar,014020306,,,,30,12,42,,,
"",,,,,,,267,217,484,,,
9,Govt:Primary School Rajkot,DCO Colony,014020201,,,,33,44,77,1,1,2
"",,Rajkot,014020204,,,,126,109,235,,,
"",,Jander Kot,014020203,,,,81,62,143,,,
"",,,,,,,240,215,455,,,
10,Govt: Primary School Pashoot,Pashot No. 1,014020401,,,,33,16,49,1,1,2
"",,Pashot No.2,014020402,,,,36,32,68,,,
"",,Mashoon Dadir,014020403,,,,1,2,3,,,
"",,Aaeel,014020404,,,,9,6,15,,,
"",,Goroo Khas,014020405,,,,2,0,2,,,
"",,,,,,,81,56,137,,,
11,Govt: High School Ber Bela,Barri,014030103,,,,35,32,67,2,1,3
"",,Moos,014030104,,,,62,70,132,,,
"",,Ber Bela,014030105,,,,91,79,170,,,
"",,Kuz Mashwani,014030102,,,,16,13,29,,,
"",,,,,,,204,194,398,,,
12,"Govt: Primary School SedanDadir",Koop Nala,014030208,,,,97,85,182,1,1,2
Bar Gaheen,041030301,,,,140,142,282,,,,,
Bar Gaheen,041030302,,,,11,12,23,,,,,
Iska khail Dadair,041030303,,,,65,58,123,,,,,
Shaloo,041030405,,,,1,0,1,,,,,
Shaloo,041030406,,,,0,0,0,,,,,
Bar Jabri,041030501,,,,13,9,22,,,,,
Kuz jabri,041030502,,,,15,11,26,,,,,
"",,Bar Hamdi,041030503,,,,19,37,56,,,
"",,Dadair Jalas Khail,014030205,,,,76,70,146,,,
"",,Ajal Gat,014030206,,,,139,135,274,,,
"",,Gadar nala,014030209,,,,32,28,60,,,
"",,Sair,014030505,,,,12,5,17,,,
"",,,,,,,620,592,1212,,,
13,"Govt: Primary School KuzGaheen No. 2",Bar Mashwani,014030101,,,,68,73,141,1,1,2
"",,Kuz Gaheen,014030201,,,,258,211,469,,,
"",,Kuz Gaheen,014030202,,,,3,0,3,,,
"",,Bush,041030403,,,,80,72,152,,,
"",,Maidaan Malikabad,041030407,,,,5,6,11,,,
"",,Kuz Hamdi,041030504,,,,11,12,23,,,
"",,Jafar Dadir,014030203,,,,99,83,182,,,
"",,Dodoo,014030204,,,,72,80,152,,,
"",,,,,,,596,537,1133,,,
14,"Govt: Girls Primary SchoolSedam/Sikandar Dadir",saili Khail Dadair,014030207,,,,27,29,56,1,1,2
"",,Khaloot,014030304,,,,25,13,38,,,
"",,Mirshai,041030305,,,,69,41,110,,,
"",,Sikandar Dadir,041030401,,,,70,51,121,,,
"",,Sikandar Dadir,041030402,,,,191,121,312,,,
"",,Saidann Dadir,041030404,,,,49,52,101,,,
"",,,,,,,431,307,738,,,
15,Govt: Middle School Goshali,Shaggo  Bain,014040101,,,,61,39,100,1,1,2
"",,Alooni,014040102,,,,14,5,19,,,
"",,Goorbaa,014040103,,,,46,44,90,,,
"",,Jabri (Zareen Bela),014040104,,,,2,2,4,,,
"",,Goshali,014040105,,,,295,252,547,,,
"",,Bar Osai,014040201,,,,150,114,264,,,
"",,Kuz Osai,014040202,,,,60,55,115,,,
"",,Sairto,014040203,,,,37,26,63,,,
"",,Balogi,014040401,,,,13,11,24,,,
"",,Zood barri,014040402,,,,1,2,3,,,
"",,dogah,014040601,,,,11,7,18,,,
"",,,,,,,690,557,1247,,,
16,"Govt: Girls Primary School KuzBuk",Kuz Dadair,014040204,,,,33,29,62,1,1,2
"",,Ber Dadair,014040205,,,,67,56,123,,,
"",,Buk,014040301,,,,161,156,317,,,
"",,Maidan,014040302,,,,37,18,55,,,
"",,Pashoot,014040303,,,,5,1,6,,,
"",,Jail,014040304,,,,86,91,177,,,
"",,Charro Much,014040305,,,,49,23,72,,,
"",,,,,,,438,374,812,,,
17,Govt: Primary School Kuz Seri,Bela,014040403,,,,39,34,73,1,1,2
"",,Sachoie,014040404,,,,7,8,15,,,
"",,Seri Kuz and Ber,014040405,,,,84,83,167,,,
"",,Athlook,014050603,,,,35,16,51,,,
"",,,,,,,165,141,306,,,
18,"Govt: Primary School MemarShahabad Qaiser Dadair",Kail,014040306,,,,1,1,2,1,1,2
Qaiser Dadair,014040406,,,,18,20,38,,,,,
Qaiser Dadair,014040407,,,,13,17,30,,,,,
Buktoo(Athlook),014040408,,,,8,3,11,,,,,
"",,Kuz Kaintail,014040501,,,,19,14,33,,,
"",,Bar Kaintail,014040502,,,,39,47,86,,,
"",,Shatooi,014040503,,,,30,21,51,,,
"",,Shahi Banda,014040504,,,,37,27,64,,,
"",,Haripo Dadair,014040505,,,,18,14,32,,,
"",,,,,,,183,164,347,,,
19,"Govt: Middle School GujjarBanda",Thoki,014040602,,,,89,40,129,1,1,2
"",,Ajab Dadir,014040603,,,,0,0,0,,,
"",,Killa Dadair,014040604,,,,0,0,0,,,
"",,Pashoot,014040701,,,,16,18,34,,,
"",,Gujar Banda,014040702,,,,110,88,198,,,
"",,Gha Goie,014040704,,,,77,47,124,,,
"",,Gha Goie,014040705,,,,0,0,0,,,
"",,Gojjri baik( Bero Baik),014040706,,,,3,2,5,,,
"",,Tait baik,014040904,,,,9,5,14,,,
"",,Dadair,014040905,,,,5,5,10,,,
"",,,,,,,309,205,514,,,
20,"Govt: Primary School GabbarSair",Gori Hattai,014040605,,,,0,0,0,1,1,2
"",,Karrch (Karrang),014040606,,,,0,0,0,,,
"",,Douyang,014040607,,,,9,6,15,,,
"",,Losairgah,014040608,,,,1,1,2,,,
"",,Jaakh,014040703,,,,0,0,0,,,
"",,Uchroo,014040707,,,,1,2,3,,,
"",,Gabar Sair,014040801,,,,138,107,245,,,
"",,Gabar Sair,014040802,,,,29,26,55,,,
"",,Barro gah,014040803,,,,49,34,83,,,
"",,Gadair,014040804,,,,3,1,4,,,
"",,Sairtoo,014040805,,,,11,7,18,,,
"",,Mandoori,014040806,,,,9,15,24,,,
"",,Shooki Sair,014040901,,,,108,77,185,,,
"",,Banjarr,014040902,,,,62,38,100,,,
"",,Rangoo,014040903,,,,8,5,13,,,
"",,,,,,,428,319,747,,,
21,Govt: Middle School Bariyar,Bariyar,014050201,,,,94,60,154,1,1,2
"",,Bariyar,014050202,,,,0,0,0,,,
"",,Bariyar,014050203,,,,128,117,245,,,
"",,Karoo Sair,014050301,,,,62,65,127,,,
"",,Daak Roo,014050204,,,,17,20,37,,,
"",,Daak Roo,014050205,,,,15,5,20,,,
"",,Sairto,014050210,,,,15,10,25,,,
"",,Sairto,014050211,,,,21,10,31,,,
"",,Nazar Bela,014050303,,,,25,26,51,,,
"",,Sigloo,014050304,,,,61,33,94,,,
"",,Chandoo,014050305,,,,3,5,8,,,
"",,Jartoo Sair,014050501,,,,47,26,73,,,
"",,Jartoo Sair,014050502,,,,4,6,10,,,
"",,Jartoo Sair,014050503,,,,2,1,3,,,
"",,,,,,,494,384,878,,,
22,"Govt: Girls Primary SchoolShaha",Young,014050302,,,,0,0,0,1,1,2
Jakh,014050306,,,,47,26,73,,,,,
Shaha,014051001,,,,188,106,294,,,,,
"",,Daar,014051002,,,,31,34,65,,,
"",,Jarnoo,014051003,,,,29,20,49,,,
"",,Kandow,014051005,,,,11,5,16,,,
"",,,,,,,306,191,497,,,
23,Govt: Primary School   Roi Baik,Achoie Baik,014050101,,,,128,62,190,1,1,2
"",,Achoie Baik,014050102,,,,58,59,117,,,
"",,Achoie Baik,014050103,,,,2,1,3,,,
"",,Ujaar,014050104,,,,54,48,102,,,
"",,Ujaar,014050105,,,,0,0,0,,,
"",,Kairwi,014050106,,,,20,9,29,,,
"",,Sheero Baik,014050107,,,,82,92,174,,,
"",,Sheero Baik,014050108,,,,6,5,11,,,
"",,Dat,014050109,,,,12,10,22,,,
"",,Dat,014050110,,,,3,1,4,,,
"",,Sipra,014050206,,,,0,0,0,,,
"",,Bandlo Bela,014050207,,,,1,1,2,,,
"",,Bandlo Bela,014050208,,,,0,0,0,,,
"",,Bandlo Bela,014050209,,,,0,0,0,,,
"",,Roi Baik,014050504,,,,53,45,98,,,
"",,Roi Baik,014050505,,,,73,57,130,,,
"",,Roi Baik,014050506,,,,24,25,49,,,
"",,Dokroo,014050507,,,,0,0,0,,,
"",,Dokroo,014050508,,,,0,0,0,,,
"",,Taloo Nawie,014050509,,,,37,45,82,,,
"",,Taloo Nawie,014050510,,,,14,13,27,,,
"",,Taloo Nawie,014050511,,,,34,43,77,,,
"",,Daad Boon,014050512,,,,1,2,3,,,
"",,Daad Boon,014050513,,,,17,11,28,,,
"",,Daad Boon,014050514,,,,40,30,70,,,
"",,Dadair Saidan,014050903,,,,0,0,0,,,
"",,Raktto baik,014051004,,,,5,7,12,,,
"",,,,,,,664,566,1230,,,
24,Govt: High School Lohi,Kuz Lohi,014050601,,,,72,83,155,1,1,2
"",,Kuz Lohi,014050602,,,,1,1,2,,,
"",,Ber Lohi,014050606,,,,61,56,117,,,
"",,Saman Daadair,014050607,,,,75,62,137,,,
"",,Bush,014050701,,,,45,32,77,,,
"",,Jook,014050705,,,,58,37,95,,,
"",,Baik,014050805,,,,0,0,0,,,
"",,Gaider Kachroo,014050901,,,,0,0,0,,,
"",,Sairtoo,014050902,,,,18,16,34,,,
"",,Dooli,014050904,,,,11,9,20,,,
"",,Aslaan,014050905,,,,5,2,7,,,
"",,,,,,,346,298,644,,,
25,Govt: High School Pero Bela,Ber Muslim Kot,014050401,,,,58,54,112,1,1,2
Ber Muslim Kot,014050402,,,,100,95,195,,,,,
Ber Muslim Kot,014050403,,,,33,29,62,,,,,
Ber  Muslim Kot,014050404,,,,34,36,70,,,,,
Mir Wali Daadair,014050405,,,,151,137,288,,,,,
Bar Khail Baik,014050407,,,,13,4,17,,,,,
Jamhra,014050408,,,,111,91,202,,,,,
"",,Jamhra,014050409,,,,7,5,12,,,
"",,Jamhra,014050410,,,,94,61,155,,,
"",,,,,,,601,512,1113,,,
26,Govt: High School Pero Bela,Muthaat,014050604,,,,42,43,85,2,1,3
"",,Khudli,014050605,,,,6,3,9,,,
"",,Kandroo,014050702,,,,0,0,0,,,
"",,Peero Bela,014050703,,,,67,42,109,,,
"",,Toheed Abad,014050704,,,,5,11,16,,,
"",,Bajaa,014050706,,,,138,109,247,,,
"",,Ber  Kaar,014050801,,,,3,1,4,,,
"",,Kandair,014050802,,,,32,15,47,,,
"",,Khel,014050803,,,,0,0,0,,,
"",,Moos,014050804,,,,0,0,0,,,
"",,Akroo Baik,014050406,,,,20,18,38,,,
"",,,,,,,313,242,555,,,
27,Govt: Middle School Sazeen,Shaling,014060108,,,,23,28,51,1,1,2
"",,Sazeen Banda,014060109,,,,19,9,28,,,
"",,Gunain,014060111,,,,41,39,80,,,
"",,Sazeen Gaoon,014060201,,,,123,128,251,,,
"",,Sazeen Gaoon,014060202,,,,29,28,57,,,
"",,Dogah Sazeen,014060203,,,,71,100,171,,,
"",,,,,,,306,332,638,,,
28,Rest House Sazeen Camp,Sazeen Camp,014060110,,,,31,39,70,1,1,2
"",,Ghumbat Jumat,014060204,,,,19,22,41,,,
"",,Asrooti,014060205,,,,10,12,22,,,
"",,Laachi Nalah,014060206,,,,31,24,55,,,
"",,,,,,,91,97,188,,,
29,"Govt: Middle School SummerNala",Sumer Nala,014060101,,,,70,39,109,1,1,2
"",,Sumer Nala,014060102,,,,56,19,75,,,
"",,Sumer Nala,014060103,,,,41,30,71,,,
"",,Sumer Nala,014060104,,,,34,25,59,,,
"",,Sumer Nala,014060105,,,,33,10,43,,,
"",,Ashoori Nala,014060106,,,,24,14,38,,,
"",,Ashoori Nala,014060107,,,,25,19,44,,,
"",,,,,,,283,156,439,,,
30,Govt: High School Shatial,Daaas Shatyal,014060301,,,,96,84,180,1,1,2
"",,Shatyal Bazar,014060302,,,,136,30,166,,,
"",,Dabeech,014060303,,,,18,4,22,,,
"",,Dala Gul,014060304,,,,46,27,73,,,
"",,Saral Shatyal,014060305,,,,68,20,88,,,
"",,Baidal,014060306,,,,70,35,105,,,
"",,Shatyal Village,014060307,,,,151,72,223,,,
"",,,,,,,585,272,857,,,
31,Govt: High School Harban,Babnay,014070401,,,,77,41,118,1,1,2
Leeko,014070402,,,,76,74,150,,,,,
Harban Kot,014070403,,,,106,30,136,,,,,
Harban Kot,014070404,,,,123,53,176,,,,,
Chichlaat,014070501,,,,0,0,0,,,,,
Goorshang,014070502,,,,17,7,24,,,,,
Bakooz,014070503,,,,166,56,222,,,,,
Bakooz,014070504,,,,7,2,9,,,,,
"",,Baray Kuz,014070505,,,,46,19,65,,,
"",,Baray Ber,014070506,,,,14,11,25,,,
"",,,,,,,632,293,925,,,
32,Govt: Middle School Dargah,Dargah,014070304,,,,140,65,205,1,1,2
"",,Bakhi,014070305,,,,109,36,145,,,
"",,Gakooz,014070306,,,,57,21,78,,,
"",,Theing,014070303,,,,74,40,114,,,
"",,,,,,,380,162,542,,,
33,"Govt: Primary School BashaNo.1",Basha,014070101,,,,147,122,269,1,1,2
"",,Gorshan Basha,014070102,,,,74,53,127,,,
"",,Gorshan Basha,014070103,,,,11,3,14,,,
"",,Lal Banda,014070104,,,,21,25,46,,,
"",,Basha  Bazar,014070105,,,,25,17,42,,,
"",,,,,,,278,220,498,,,
34,Govt: Primary School Masrang,Daas,014070201,,,,79,30,109,1,1,2
"",,Masrang Kuz,014070202,,,,139,78,217,,,
"",,Ber Masrang,014070203,,,,122,65,187,,,
"",,Ber Masrang,014070204,,,,3,4,7,,,
"",,Koor,014070205,,,,164,88,252,,,
"",,Sagmoos,014070206,,,,49,11,60,,,
"",,Ghee,014070301,,,,65,38,103,,,
"",,Sair Gahri,014070302,,,,41,29,70,,,
"",,,,,,,662,343,1005,,,
35,District Council Hall Komila,Komila Kuz & Ber,014080101,,,,103,54,157,1,1,2
"",,Komila Kuz & Ber,014080102,,,,39,34,73,,,
"",,Komila Kuz & Ber,014080103,,,,55,52,107,,,
"",,Komila Kuz & Ber,014080104,,,,42,34,76,,,
"",,Komila Kuz & Ber,014080105,,,,134,130,264,,,
"",,Komila Kuz & Ber,014080106,,,,49,46,95,,,
"",,Komila Kuz & Ber,014080107,,,,93,87,180,,,
"",,Kandah,014080108,,,,13,10,23,,,
"",,,,,,,528,447,975,,,
36,"Govt: Primary School Kuz ZaidKhar",Kando Kar,014080109,,,,6,4,10,1,1,2
"",,Kuz Ramal,014080110,,,,22,12,34,,,
"",,Peshwai,014080202,,,,4,0,4,,,
"",,Kuz Zed Khaar,014080401,,,,46,49,95,,,
"",,Bar Zed Khar,014080402,,,,76,74,150,,,
"",,Seri Zed Khaar,014080403,,,,91,76,167,,,
"",,Shengai Dehroo,014080404,,,,0,0,0,,,
"",,Lamoo,014080405,,,,13,10,23,,,
"",,Bair,014080406,,,,6,2,8,,,
"",,Mashnoot Jai,014080501,,,,68,74,142,,,
"",,Daadair,014080502,,,,1,0,1,,,
"",,Deengo Jee,014080505,,,,20,22,42,,,
"",,Ba-choo,014080506,,,,3,2,5,,,
"",,,,,,,356,325,681,,,
37,Govt: Primary School Rango,Barri Rango,014080201,,,,32,37,69,1,1,2
Zaal,014080204,,,,0,0,0,,,,,
Kas,014080205,,,,16,14,30,,,,,
Raango Khar,014080206,,,,67,57,124,,,,,
"",,,,,115,108,223,,,,,
38,Govt: Primary School Chechar,Saach,014080203,,,,7,4,11,1,1,2
"",,Kuz Chichar,014080301,,,,85,58,143,,,
"",,Chichaar Bala,014080302,,,,25,18,43,,,
"",,Ramaal,014080303,,,,18,19,37,,,
"",,Shamaal,014080304,,,,53,51,104,,,
"",,Arphlooi,014080305,,,,31,18,49,,,
"",,Zoor Dil,014080507,,,,0,0,0,,,
"",,Arbhoon,014080509,,,,0,0,0,,,
"",,,,,,,219,168,387,,,
39,Govt: Primary School Janasabad,Dahaar,014090106,,,,36,27,63,1,1,2
"",,Dahaar,014090107,,,,32,18,50,,,
"",,Parwa,014090301,,,,148,122,270,,,
"",,Jagi Boie,014090304,,,,19,17,36,,,
"",,,,,,,235,184,419,,,
40,Govt: High School Seo,Seo Village,014090201,,,,84,72,156,1,1,2
"",,Seo Village,014090202,,,,32,24,56,,,
"",,Seo Village,014090203,,,,169,138,307,,,
"",,Seo Village,014090204,,,,0,1,1,,,
"",,Seo Purana Gaoon,014090205,,,,98,86,184,,,
"",,,,,,,383,321,704,,,
41,Govt: Primary School Gaider,Gaider,014090207,,,,107,91,198,1,1,2
"",,Gaider,014090208,,,,68,62,130,,,
"",,Gaider,014090209,,,,35,26,61,,,
"",,Zahooz Banda,014090210,,,,35,20,55,,,
"",,Asheen Barie,014090211,,,,29,24,53,,,
"",,,,,,,274,223,497,,,
42,Govt: Primary School Umerabad,Dair Gatho,014090101,,,,80,81,161,1,1,2
"",,Dair Gatho,014090102,,,,77,56,133,,,
"",,Seena Bair,014090103,,,,22,21,43,,,
"",,Kai Asheen,014090108,,,,71,64,135,,,
"",,Dogah sair,014090206,,,,118,106,224,,,
"",,,,,,,368,328,696,,,
43,Govt: Primary School Gabar,Shaker Khail Kando,014080503,,,,1,1,2,1,1,2
"",,Sheika Khail Kando,014080504,,,,14,4,18,,,
"",,Saki nam Daadair,014080508,,,,0,0,0,,,
"",,Daloon,014090104,,,,25,10,35,,,
"",,Janchal,014090105,,,,8,5,13,,,
"",,Kai,014090109,,,,6,4,10,,,
"",,Gabar,014090302,,,,58,50,108,,,
"",,Daadair,014090303,,,,48,48,96,,,
"",,,,,,,160,122,282,,,
44,Govt: Primary School Kogai,Tatooli,014100102,,,,14,14,28,1,1,2
"",,Kogai,014100103,,,,61,59,120,,,
"",,Shangli Pain,014100105,,,,46,42,88,,,
"",,Sigloo,014100106,,,,86,93,179,,,
"",,Kumma,014100202,,,,17,8,25,,,
"",,Gandoo,014100205,,,,1,1,2,,,
"",,Anlaah,014100206,,,,24,18,42,,,
"",,Shangli Bala,014100101,,,,34,42,76,,,
"",,,,,,,283,277,560,,,
45,Govt: Primary School Dalilabad,Aiwaan Daadair,014100104,,,,20,15,35,1,1,2
"",,Kuz Shar,014100301,,,,77,80,157,,,
"",,Ber Shar,014100302,,,,43,22,65,,,
"",,Ashyaal,014100303,,,,148,114,262,,,
"",,Dahaar,014100408,,,,15,13,28,,,
"",,Bair,014100502,,,,6,2,8,,,
"",,Mosa Daadair,014100504,,,,0,1,1,,,
"",,Bairri,014100505,,,,28,36,64,,,
"",,,,,,,337,283,620,,,
46,Govt: Middle School Razika,Makka Dir Dadir,014100201,,,,3,7,10,1,1,2
"",,Bairloo,014100203,,,,37,19,56,,,
"",,Lodair,014100304,,,,56,48,104,,,
"",,Maidan,014100305,,,,13,11,24,,,
"",,Bair Bala,014100306,,,,27,26,53,,,
"",,Bair Bala&Kuz Jamra Akbar,014100406,,,,13,15,28,,,
"",,Bair Bala&Kuz Jamra Akbar,014100407,,,,66,51,117,,,
"",,Raazka,014100503,,,,19,11,30,,,
"",,,,,,,234,188,422,,,
47,Govt:Primary School Shar Seo,Dahaar,014100204,,,,7,3,10,1,1,2
"",,Kaar Pain,014100401,,,,10,10,20,,,
"",,Kaar Bala,014100402,,,,27,25,52,,,
"",,Kai,014100403,,,,33,27,60,,,
"",,Ban Seri,014100404,,,,21,19,40,,,
"",,Chawai,014100405,,,,54,47,101,,,
"",,Dahaar,014100501,,,,17,14,31,,,
"",,,,,,,169,145,314,,,
48,BHU Doga,Ber Parwa,014110104,,,,110,103,213,1,1,2
"",,Milar,014110107,,,,39,34,73,,,
"",,Kuz Parwa,014110201,,,,179,64,243,,,
"",,,,,,,328,201,529,,,
49,Govt: Middle School Doga,Ber Sair Dogah,014110101,,,,64,48,112,1,1,2
"",,Sodali,014110102,,,,72,49,121,,,
"",,Dahaar,014110103,,,,38,24,62,,,
"",,Soair,014110105,,,,21,3,24,,,
"",,Bash Bair,014110106,,,,21,16,37,,,
"",,Chaproo,014110202,,,,20,15,35,,,
"",,Kuz Sair,014110203,,,,39,33,72,,,
"",,Royaan Bair,014110501,,,,17,19,36,,,
"",,Mumaar,014110502,,,,0,0,0,,,
"",,Chochas,014110503,,,,1,0,1,,,
"",,Bair,014110504,,,,5,5,10,,,
"",,,,,,,298,212,510,,,
50,Govt: Primary School Gayal Sair,Sairr,014110301,,,,106,88,194,1,1,2
"",,Kanda,014110401,,,,55,50,105,,,
"",,Gailtoo,014110402,,,,24,15,39,,,
"",,Kodaal,014110405,,,,16,8,24,,,
"",,,,,,,201,161,362,,,
51,"Govt: Primary School owchGayal",Kuz Sairto,014110302,,,,27,22,49,1,1,2
Zodal Gayal Khas,014110303,,,,38,26,64,,,,,
Keloo,014110304,,,,55,34,89,,,,,
Ber Sairto,014110305,,,,7,12,19,,,,,
Kandool Bair,014110306,,,,27,20,47,,,,,
""
""
"",,Aamzail,014110403,,,,23,19,42,,,
"",,Dewar,014110404,,,,16,13,29,,,
"",,Daow Banda,014110204,,,,7,6,13,,,
"",,,,,,,200,152,352,,,
52,Govt: Primary School Thoti,Gantar,063010101,,,,54,27,81,1,1,2
"",,Shoukard,063010111,,,,35,25,60,,,
"",,Dhairgo,063010201,,,,3,0,3,,,
"",,Bairlo,063010202,,,,0,0,0,,,
"",,Ber Thoti,063010203,,,,37,33,70,,,
"",,Srie Darra,063010204,,,,26,16,42,,,
"",,Tarkan,063010205,,,,9,4,13,,,
"",,Tarkan,063010206,,,,3,0,3,,,
"",,Lohar Thoti,063010208,,,,32,20,52,,,
"",,Aftab Thoti,063010209,,,,72,28,100,,,
"",,Kot Gul,063010301,,,,82,45,127,,,
"",,Naatbail,063010302,,,,32,25,57,,,
"",,Aoshal,063010304,,,,4,2,6,,,
"",,Gosho char,063010305,,,,0,0,0,,,
"",,Kuz Thooti,063010306,,,,5,4,9,,,
"",,Saproona,063010309,,,,14,3,17,,,
"",,Sairto Oshal Kuz Thoti,063010310,,,,2,0,2,,,
"",,Baieel Kuz Thoti,063010311,,,,0,0,0,,,
"",,Khoder Dakhla Kuz Thoti,063010312,,,,0,0,0,,,
"",,Kuz Thoti,063010406,,,,118,53,171,,,
"",,Bela Ayub Abad,063010407,,,,0,10,10,,,
"",,Salach,063010408,,,,79,44,123,,,
"",,Dandoor,063010409,,,,6,10,16,,,
"",,Gamoo,063010410,,,,6,0,6,,,
"",,Athorr Bari,063010411,,,,37,18,55,,,
"",,Dambar Massh Dahar,063010503,,,,68,34,102,,,
"",,Akhori,063010504,,,,6,4,10,,,
"",,Rango Alam Zeb,063010507,,,,12,6,18,,,
"",,Dantar,063010604,,,,0,0,0,,,
"",,,,,,,742,411,1153,,,
53,Govt: High School Kafar Banda,Dogha,063010207,,,,16,6,22,1,1,2
"",,Bela Ghafoor,063010303,,,,2,4,6,,,
"",,Kafar Banda,063010501,,,,406,203,609,,,
"",,Jabbah,063010502,,,,2,13,15,,,
"",,Sairie,063010506,,,,13,4,17,,,
"",,Daroo,063010602,,,,1,2,3,,,
"",,Kangri,063010102,,,,35,25,60,,,
"",,,,,,,475,257,732,,,
54,Govt: Middle School Aleel,Aliel,063010307,,,,171,164,335,1,1,2
"",,Aliel,063010308,,,,97,24,121,,,
"",,Kangal,063010401,,,,76,73,149,,,
"",,Dehri,063010403,,,,56,21,77,,,
"",,Kangaloo,063010402,,,,118,53,171,,,
"",,Zangoo,063010603,,,,2,0,2,,,
"",,,,,,,520,335,855,,,
55,Govt: Primary School Serto,Sairto Khas,063010106,,,,25,17,42,1,1,2
Sairto Khas,063010107,,,,15,5,20,,,,,
"",,Sairto,063010108,,,,76,55,131,,,
"",,Narao (Nadao),063010109,,,,46,23,69,,,
"",,Narao (Nadao),063010110,,,,4,0,4,,,
"",,Kool,063010404,,,,101,87,188,,,
"",,Ber Kot,063010405,,,,12,22,34,,,
"",,Raango,063010601,,,,44,19,63,,,
"",,,,,,,323,228,551,,,
56,Govt: Middle School Khoor,Dogaah,063020403,,,,68,56,124,1,1,2
"",,Dogaah,063020404,,,,28,2,30,,,
"",,Dogah,063020405,,,,9,3,12,,,
"",,Khoor,063020406,,,,61,44,105,,,
"",,Khawar,063020407,,,,36,58,94,,,
"",,Khawar,063020408,,,,97,45,142,,,
"",,Kareen,063020411,,,,30,13,43,,,
"",,Sairtou,063020601,,,,75,63,138,,,
"",,,,,,,404,284,688,,,
57,"Govt: Primary School SaigaounKot",Narroo,063010103,,,,22,6,28,1,1,2
"",,Saigaoun,063010104,,,,74,47,121,,,
"",,Saigaoun,063010105,,,,0,0,0,,,
"",,Kot Kandia,063010505,,,,103,74,177,,,
"",,,,,,,199,127,326,,,
58,Govt: Primary School Sair Garhi,Thoor,063020301,,,,84,57,141,1,1,2
"",,Sair Garhi,063020401,,,,220,141,361,,,
"",,Sair Garhi,063020402,,,,38,17,55,,,
"",,Gaidroo,063020409,,,,24,24,48,,,
"",,Gaider,063020410,,,,32,23,55,,,
"",,Saroie,063020602,,,,37,20,57,,,
"",,Domail,063020603,,,,14,11,25,,,
"",,,,,,,449,293,742,,,
59,Govt: Primary School Karang,Karang No. 1,063030201,,,,146,62,208,1,1,2
"",,karang No.2,063030202,,,,55,29,84,,,
"",,Sairto No. 1,063030203,,,,13,5,18,,,
"",,Sairto NO. 2,063030204,,,,18,8,26,,,
"",,Daas karang,063030205,,,,5,3,8,,,
"",,Larri Ber,063030207,,,,12,6,18,,,
"",,Kunar Saire,063030208,,,,57,22,79,,,
"",,Mash Dahar,063030209,,,,12,19,31,,,
"",,Karloo,063030601,,,,16,7,23,,,
"",,Sairto,063030602,,,,3,3,6,,,
"",,Mushri Hanan Abad,063030603,,,,0,0,0,,,
"",,,,,,,337,164,501,,,
60,"Govt: Primary School DaanshBadshah Abad",Daanish,063030101,,,,159,96,255,1,1,2
"",,Daanish,063030102,,,,11,3,14,,,
"",,Daanish,063030103,,,,91,16,107,,,
"",,Khat  Khas,063030104,,,,37,10,47,,,
"",,Khat  Khas,063030105,,,,13,2,15,,,
"",,Zambeel,063030106,,,,73,30,103,,,
"",,Zambeel,063030107,,,,5,2,7,,,
"",,,,,,,389,159,548,,,
61,Govt: Primary School Berti,Garri Kuz,063030206,,,,6,0,6,1,1,2
Groi barti,063030301,,,,82,63,145,,,,,
"",,Patao,063030302,,,,53,34,87,,,
"",,Jarapoo,063030303,,,,79,53,132,,,
"",,Jarapoo,063030304,,,,2,7,9,,,
"",,Barigoo No.2,063030305,,,,22,6,28,,,
"",,Barigoo No.1,063030306,,,,21,13,34,,,
"",,Ghat,063030404,,,,5,3,8,,,
"",,Baoun,063030407,,,,23,17,40,,,
"",,Gaider,063030408,,,,17,6,23,,,
"",,Barto,063030505,,,,14,5,19,,,
"",,Chaanch,063030608,,,,5,4,9,,,
"",,,,,,,329,211,540,,,
62,Govt: Middle School Bagroo,Bangro No. 2,063030307,,,,42,25,67,1,1,2
"",,Bagro Darra,063030308,,,,61,21,82,,,
"",,Shashoie,063030309,,,,37,17,54,,,
"",,Bangro No.1,063030310,,,,59,7,66,,,
"",,Dangoi,063030311,,,,13,8,21,,,
"",,Raazka Karan,063030605,,,,5,3,8,,,
"",,,,,,,217,81,298,,,
63,Govt: Middle School Pari,Bar pari,063030401,,,,9,7,16,1,1,2
"",,Mohallah Kuz Kachar,063030402,,,,23,13,36,,,
"",,Bar Kachar,063030403,,,,32,24,56,,,
"",,Ganalo,063030405,,,,12,10,22,,,
"",,Kuz Pari,063030406,,,,23,10,33,,,
"",,Tarkan,063030501,,,,4,5,9,,,
"",,Jaag Kuz,063030502,,,,15,11,26,,,
"",,Gujri Baik,063030503,,,,24,30,54,,,
"",,Pari Soi khail,063030504,,,,40,30,70,,,
"",,Pandroon,063030506,,,,10,2,12,,,
"",,Oushdaroo,063030507,,,,6,3,9,,,
"",,Alto,063030604,,,,18,4,22,,,
"",,Larri,063030606,,,,2,0,2,,,
"",,Paara,063030607,,,,3,3,6,,,
"",,Ashdoo,063030609,,,,9,2,11,,,
"",,,,,,,230,154,384,,,
64,"Govt: Middle School Mola KhailGabral",Gabral mola Khail,063040201,,,,145,89,234,1,1,2
Pandaro Banar Baroo No.1,063040302,,,,18,9,27,,,,,
Narao,063040303,,,,46,7,53,,,,,
Rambeel No. 1,063040305,,,,31,8,39,,,,,
Rambeel No. 2,063040306,,,,61,28,89,,,,,
Mola Khail Gaider,063040404,,,,14,5,19,,,,,
Maidan Mola Khail,063040503,,,,22,12,34,,,,,
Londao baik,063040504,,,,5,2,7,,,,,
Tawaow,063040506,,,,11,2,13,,,,,
Somi,063040601,,,,27,11,38,,,,,
Gaidar Gabral,063040602,,,,11,1,12,,,,,
Gatlo,063040607,,,,20,5,25,,,,,
Kangri,063040803,,,,16,0,16,,,,,
Segal No. 1,063040806,,,,13,4,17,,,,,
Segal No. 2,063040807,,,,10,1,11,,,,,
Rambeel,063040902,,,,4,0,4,,,,,
Katlo,063040911,,,,9,1,10,,,,,
"",,Daadair,063040913,,,,7,2,9,,,
"",,Naari,063040915,,,,3,0,3,,,
"",,Khachan Dara,063040916,,,,3,1,4,,,
"",,Banar Barr No. 2,063040917,,,,9,4,13,,,
"",,Barro No. 1,063040918,,,,24,2,26,,,
"",,Kai Maidan Shodam Khail,063040919,,,,2,0,2,,,
"",,,,,,,511,194,705,,,
65,BHU Gabral,Sairee,063040203,,,,1,0,1,1,1,2
"",,Barro No. 2 Gano,063040301,,,,0,0,0,,,
"",,Bagh  Serie,063040401,,,,98,20,118,,,
"",,Patti,063040402,,,,72,30,102,,,
"",,Mir Shatto,063040705,,,,22,2,24,,,
"",,Swatto,063040908,,,,14,2,16,,,
"",,Gabri,063040910,,,,3,0,3,,,
"",,Dehrri,063040914,,,,1,0,1,,,
"",,Shudum Khail Maidan,063040920,,,,44,6,50,,,
"",,,,,,,255,60,315,,,
66,"Govt: Primary School AshpidarNo. 2",Grai Kot Maidan Mola Khail,063040403,,,,28,5,33,1,1,2
"",,Kuz Gabral,063040501,,,,34,2,36,,,
"",,Shudum Khail Gabral,063040502,,,,27,3,30,,,
"",,Sairto Bakrah,063040505,,,,4,1,5,,,
"",,Rekharoo,063040603,,,,15,9,24,,,
"",,Ashpidar,063040701,,,,77,15,92,,,
"",,Banghi,063040702,,,,16,0,16,,,
"",,Dehri,063040703,,,,13,1,14,,,
"",,Sharr,063040704,,,,1,0,1,,,
"",,Bagro Gabral,063040903,,,,6,1,7,,,
"",,Rikarro,063040904,,,,2,0,2,,,
"",,Kala Korri,063040905,,,,2,0,2,,,
"",,Seanglo,063040909,,,,0,0,0,,,
"",,,,,,,225,37,262,,,
67,Govt: Primary School Mir Shahi,Mir Shahi,063040105,,,,21,10,31,1,1,2
"",,Belao No.1,063040208,,,,0,0,0,,,
"",,Gosha Khail,063040604,,,,92,35,127,,,
"",,Thoor,063040802,,,,13,0,13,,,
"",,Reo,063040805,,,,16,1,17,,,
"",,Karang No. 2,063040906,,,,0,0,0,,,
"",,Peerdah,063040907,,,,0,0,0,,,
"",,Kuz Sair,063040912,,,,3,1,4,,,
"",,,,,,,145,47,192,,,
68,Govt: Primary School Kanoi,Ber Dong,063040204,,,,6,1,7,1,1,2
Kuz Dong,063040205,,,,26,9,35,,,,,
Zambeela Nadi,063040206,,,,32,22,54,,,,,
Kanoi Kuz,063040207,,,,85,36,121,,,,,
Kanoi Ber,063040209,,,,109,39,148,,,,,
Ber Karrs 1,063040405,,,,4,0,4,,,,,
Kuz Krass,063040406,,,,11,6,17,,,,,
Nakao,063040407,,,,16,21,37,,,,,
Bailo,063040605,,,,9,4,13,,,,,
Shangoi,063040606,,,,36,5,41,,,,,
"",,,,,334,143,477,,,,,
"",,,,,,,,,,,,
69,Govt: Middle School Barigo,Saire Darra,063040101,,,,54,24,78,1,1,2
"",,Barrigo,063040102,,,,109,30,139,,,
"",,Bairri,063040103,,,,13,1,14,,,
"",,Pataoo/Reechao,063040104,,,,4,1,5,,,
"",,Dheri Londi,063040202,,,,20,3,23,,,
"",,Kuz Segal,063040304,,,,32,11,43,,,
"",,Richao Bari,063040801,,,,99,6,105,,,
"",,Akhorri,063040804,,,,9,0,9,,,
"",,Barti Basti,063040901,,,,21,2,23,,,
"",,,,,,,361,78,439,,,
70,Govt: Middle School Isgal,Jajshooi,063020101,,,,217,195,412,1,1,2
"",,Jajshooi,063020102,,,,15,9,24,,,
"",,Kardlo,063020103,,,,76,68,144,,,
"",,Bair,063020105,,,,22,17,39,,,
"",,Jhamrah,063020303,,,,89,42,131,,,
"",,Maltan,063020304,,,,19,9,28,,,
"",,Isgal,063020305,,,,73,49,122,,,
"",,Isgal,063020306,,,,84,76,160,,,
"",,,,,,,595,465,1060,,,
71,Govt: Middle School Dome Sair,Mashbail,063020104,,,,49,45,94,1,1,2
Kachar,063020201,,,,64,37,101,,,,,
Akorri,063020202,,,,40,31,71,,,,,
Karango,063020203,,,,6,2,8,,,,,
Kachroo,063020204,,,,45,28,73,,,,,
Sair Sayal,063020205,,,,121,67,188,,,,,
Doomi Sayal,063020206,,,,13,11,24,,,,,
Raambail,063020302,,,,46,28,74,,,,,
Chaanj,063020501,,,,77,43,120,,,,,
Choortao,063020502,,,,68,49,117,,,,,
Dong Siyaal,063020503,,,,28,17,45,,,,,
Siyaal khas,063020504,,,,68,49,117,,,,,
"",,,,,625,407,1032,,,,,
1,Govt: High School Pattan,Pattan Seri,015010101,,,,275,209,484,2,1,3
"",,Pattan Seri,015010102,,,,70,69,139,,,
"",,Pattan Seri,015010103,,,,11,13,24,,,
"",,Pattan Seri,015010104,,,,184,107,291,,,
"",,,,,,,540,398,938,,,
2,"Govt:Girls primary schoolHaider village",Pattan haidar Village,015010107,,,,259,205,464,1,1,2
"",,Pattan Village,015010108,,,,1,0,1,,,
"",,Pattan village Sawar,015010109,,,,148,122,270,,,
"",,Pattan Village,015010110,,,,0,0,0,,,
"",,,,,,,408,327,735,,,
3,"Govt: Girl Middle SchoolMuslim Bagh",Muslim Bagh 1,015010105,,,,52,47,99,1,1,2
"",,Muslim Bagh 2,015010106,,,,38,38,76,,,
"",,Mondhar,015010401,,,,151,133,284,,,
"",,Aba Khail,015010402,,,,87,57,144,,,
"",,Aba Khail 2,015010403,,,,31,17,48,,,
"",,Bat Joi,015010404,,,,17,10,27,,,
"",,Joodan Khail,015010405,,,,90,75,165,,,
"",,,,,,,466,377,843,,,
4,Govt; Primary School Old Pattan,Rango No.1,015010111,,,,24,29,53,1,1,2
"",,Rango No.2,015010112,,,,56,33,89,,,
"",,Tow Kot,015010201,,,,57,42,99,,,
"",,Pirdad Abad,015010202,,,,31,26,57,,,
"",,Seergo Kharr,015010203,,,,22,12,34,,,
"",,Choor Banda,015010204,,,,8,3,11,,,
"",,Seer Khari,015010205,,,,8,3,11,,,
"",,Dachi,015010206,,,,7,9,16,,,
"",,Khilto,015010301,,,,64,54,118,,,
"",,Kawaieun,015010302,,,,94,41,135,,,
"",,Serai,015010303,,,,21,21,42,,,
"",,Razal Dhar,015010304,,,,52,32,84,,,
"",,Seerot,015010305,,,,33,29,62,,,
"",,,,,,,477,334,811,,,
5,"Govt: Primary School No.1Gambeer",Ban Khail,015010501,,,,148,119,267,1,1,2
Ban Khail,015010502,,,,31,17,48,,,,,
Kasair,015010503,,,,75,51,126,,,,,
"",,Kasair,015010504,,,,28,17,45,,,
"",,Gambeer,015010505,,,,161,96,257,,,
"",,Kawaieun,015010506,,,,27,8,35,,,
"",,,,,,,470,308,778,,,
6,Govt: Primary School Sanagi,Sigayoun,015020101,,,,90,91,181,1,1,2
"",,Dayoun,015020102,,,,16,16,32,,,
"",,Rijayoun,015020103,,,,8,6,14,,,
"",,Baloon,015020104,,,,17,20,37,,,
"",,Dharoo,015020105,,,,95,80,175,,,
"",,Kash Dai,015020106,,,,73,65,138,,,
"",,,,,,,299,278,577,,,
7,Govt: Middle School Galgan,Galgan,015020201,,,,178,175,353,2,1,3
"",,Galgan,015020202,,,,89,95,184,,,
"",,Galango,015020203,,,,80,51,131,,,
"",,Janchal,015020204,,,,198,183,381,,,
"",,Shamsheer,015020205,,,,56,30,86,,,
"",,Kara Maroo,015020206,,,,17,16,33,,,
"",,,,,,,618,550,1168,,,
8,Govt: High School Mazo,Mazo Bala,015020301,,,,144,114,258,2,1,3
"",,Sangai,015020302,,,,201,123,324,,,
"",,Beecho,015020303,,,,19,12,31,,,
"",,Kuz Shayel,015020304,,,,8,7,15,,,
"",,Ber Shayel,015020305,,,,9,11,20,,,
"",,Baneel,015020501,,,,141,112,253,,,
"",,Kotia,015020502,,,,137,125,262,,,
"",,Shamaal Baoun,015020503,,,,39,21,60,,,
"",,,,,,,698,525,1223,,,
9,BHU Banil Qila,Banil Qila,015020401,,,,42,25,67,2,1,3
"",,Choor Bair,015020402,,,,40,31,71,,,
"",,Kuz Chilari,015020403,,,,67,36,103,,,
"",,Ber Chilari,015020404,,,,73,63,136,,,
"",,Kuz Dhar,015020405,,,,51,41,92,,,
"",,Ber Dhar,015020406,,,,45,35,80,,,
"",,Choorien Bil,015020505,,,,10,15,25,,,
"",,Daan,015020506,,,,2,3,5,,,
"",,Qilla Gai,015020507,,,,50,67,117,,,
"",,Takgoo,015030103,,,,11,9,20,,,
"",,,,,,,391,325,716,,,
10,"Govt: Middle School ShumalGali",Qila Shamal Gali,015020508,,,,43,44,87,1,1,2
"",,Dab Shamal Gali,015020509,,,,8,9,17,,,
"",,Doong,015020510,,,,11,11,22,,,
"",,Shamal Gali Bigo Khail,015020601,,,,86,75,161,,,
"",,Shamal Guli Nilo Khil,015020602,,,,12,12,24,,,
"",,Shamal Guli Yakhail,015020603,,,,33,18,51,,,
"",,Gul,015020705,,,,27,24,51,,,
"",,,,,,,220,193,413,,,
11,"Govt: Girls Primary SchoolTangori",Jamra,015020604,,,,66,20,86,1,1,2
Tangori,015020605,,,,31,28,59,,,,,
Daatra,015020606,,,,45,23,68,,,,,
Rein Baik,015020607,,,,0,0,0,,,,,
Chothra,015020608,,,,34,29,63,,,,,
"",,,Madlan Baik,015020609,,,,7,13,20,,,
"",,,Lajoo Khil Datra,015020701,,,,59,48,107,,,
"",,,Biring Banada,015020702,,,,32,35,67,,,
"",,,Kuz Shanti,015020706,,,,48,22,70,,,
"",,,Zargai Khas,015020707,,,,32,16,48,,,
"",,,Zargai Bala,015020708,,,,31,28,59,,,
"",,,,,,,,385,262,647,,,
"",12,"Govt: Girl Primary School KamarBanda",Sareena,015020306,,,,63,48,111,1,1,2
"",,,Munir din Joo,015020504,,,,18,18,36,,,
"",,,Achar Baik,015020703,,,,9,12,21,,,
"",,,Aah Baik,015020704,,,,12,8,20,,,
"",,,Bigo Khil Shanti,015020709,,,,18,5,23,,,
"",,,Kamar Banda,015020801,,,,73,61,134,,,
"",,,Gondail,015020802,,,,28,23,51,,,
"",,,Katha,015020803,,,,20,28,48,,,
"",,,Barayoun,015020804,,,,14,11,25,,,
"",,,,,,,,255,214,469,,,
"",13,"Govt: Primary School  KharBeech",Dar Kal,015030101,,,,40,28,68,1,1,2
"",,,Sagoi,015030102,,,,37,34,71,,,
"",,,Londhar,015030104,,,,38,23,61,,,
"",,,Armalai,015030105,,,,12,6,18,,,
"",,,Chobal,015030106,,,,15,14,29,,,
"",,,Kar Beech,015030201,,,,45,33,78,,,
"",,,Bair bosa,015030202,,,,25,16,41,,,
"",,,Barargo,015030203,,,,56,48,104,,,
"",,,Pat Dara,015030301,,,,49,28,77,,,
"",,,Toil Baat,015030304,,,,58,37,95,,,
"",,,,,,,,375,267,642,,,
"",14,Govt: Primary School Chawa,Dharaan,015030204,,,,51,56,107,1,1,2
"",,,Ber Chawa,015030205,,,,52,47,99,,,
"",,,Yazai,015030206,,,,12,18,30,,,
"",,,Karran Chaki,015030302,,,,52,42,94,,,
"",,,Chorhan,015030303,,,,6,1,7,,,
"",,,Chawa Pain,015030305,,,,19,13,32,,,
"",,,Sholan,015030306,,,,11,10,21,,,
"",,,Ziarat,015030308,,,,72,65,137,,,
"",,,Gujar Banda,015030309,,,,19,14,33,,,
"",,,Dhotoail,015030401,,,,25,27,52,,,
"",,,Kayoun,015030402,,,,28,29,57,,,
"",,,Kharatoun,015030403,,,,6,4,10,,,
"",,,Kandaw,015030404,,,,8,7,15,,,
"",,,China Tikar,015030405,,,,8,6,14,,,
"",,,Jeeto,015030406,,,,10,11,21,,,
"",,,Do-khar,015030407,,,,13,12,25,,,
"",,,Banjar Banda,015030408,,,,2,0,2,,,
"",,,Takai,015030409,,,,7,4,11,,,
"",,,Zoziya,015030410,,,,8,2,10,,,
"",,,Chawa Sina Khil,015030608,,,,8,10,18,,,
"",,,,,,,,417,378,795,,,
"",15,Govt: High School Karo Bair,Jai,015030307,,,,39,32,71,1,1,2
Hajdeer,015030501,,,,34,19,53,,,,,,
"",,,Hajdeer,015030502,,,,42,36,78,,,
"",,,Keelo,015030503,,,,0,2,2,,,
"",,,Jo Hajdeer,015030504,,,,20,19,39,,,
"",,,Nilgai Yaso Khil,015030510,,,,5,3,8,,,
"",,,Do-Kharr,015030601,,,,7,5,12,,,
"",,,Bandllo,015030602,,,,14,10,24,,,
"",,,Khadri Hajdeer,015030603,,,,5,7,12,,,
"",,,Kachroun,015030604,,,,1,1,2,,,
"",,,Nilgai,015030605,,,,13,6,19,,,
"",,,Beecho,015030703,,,,6,5,11,,,
"",,,Kiloun Fakriya Khil,015030704,,,,6,2,8,,,
"",,,Botail Yakhial,015030505,,,,9,10,19,,,
"",,,Botail Buro Khail,015030506,,,,8,4,12,,,
"",,,Kashai,015030507,,,,8,3,11,,,
"",,,Gaidar Sanga  Dara,015030508,,,,4,2,6,,,
"",,,Takai,015030509,,,,3,3,6,,,
"",,,Sanga Dara,015030606,,,,14,7,21,,,
"",,,Sanga Dara,015030607,,,,8,3,11,,,
"",,,,,,,,246,179,425,,,
"",16,"Govt: Primary School SemoKhas",Shamrajo,015030705,,,,3,0,3,1,1,2
"",,,Sharr,015030706,,,,5,4,9,,,
"",,,Semo Khas,015030707,,,,7,14,21,,,
"",,,Semo Khan zaman,015030708,,,,24,29,53,,,
"",,,Oucho,015030709,,,,6,5,11,,,
"",,,Kharlo,015030710,,,,3,0,3,,,
"",,,Dab Semo,015030711,,,,3,0,3,,,
"",,,Amalkhan,015030803,,,,14,7,21,,,
"",,,Qila Gai,015030903,,,,45,46,91,,,
"",,,Kiyoun Moherbik Khil,015030911,,,,2,2,4,,,
"",,,Takai Moherbik Khil,015030912,,,,2,5,7,,,
"",,,,,,,,114,112,226,,,
"",17,"Govt:  Primary School BerYanjool",Bao Pain,015030801,,,,5,9,14,1,1,2
Bao Bala,015030802,,,,38,50,88,,,,,,
Bandlo Semo Dara,015030804,,,,10,2,12,,,,,,
Tarees,015030805,,,,10,4,14,,,,,,
kayoun Pain,015030806,,,,34,23,57,,,,,,
Kayoun Bala,015030807,,,,32,28,60,,,,,,
Shandeer,015030808,,,,9,8,17,,,,,,
Shah nazir Kero,015030809,,,,12,12,24,,,,,,
Taki Shah Nazir,015030810,,,,9,10,19,,,,,,
Noora Ra,015030811,,,,11,14,25,,,,,,
Yanjool,015030901,,,,20,27,47,,,,,,
Jachla,015030902,,,,13,14,27,,,,,,
Nikri,015030904,,,,13,9,22,,,,,,
Taki Khanzaman Khil,015030905,,,,27,20,47,,,,,,
Taki Kasho Khil,015030906,,,,4,7,11,,,,,,
Gantar,015030907,,,,15,16,31,,,,,,
Dharo Baik,015030908,,,,12,6,18,,,,,,
Layah Deer,015030909,,,,3,3,6,,,,,,
Galtoo,015030910,,,,2,2,4,,,,,,
"",,,,,279,264,543,,,,,,
"",18,Govt: Primary School Mankhar,Sagoo Bair,015030609,,,,9,11,20,1,1,2
"",,,Beloon,015030610,,,,11,17,28,,,
"",,,Kamatoo,015030611,,,,7,10,17,,,
"",,,Randai Hakim Khail,015030701,,,,3,2,5,,,
"",,,Randai Syed Mir Khail,015030702,,,,7,3,10,,,
"",,,Mankhar Khass,015031001,,,,27,36,63,,,
"",,,Said Meer khel Banda,015031002,,,,0,1,1,,,
"",,,Shakeel Khar,015031003,,,,4,2,6,,,
"",,,Seemoo Dara,015031004,,,,1,0,1,,,
"",,,Chaproon,015031005,,,,4,0,4,,,
"",,,Mankhar No.2,015031006,,,,21,22,43,,,
"",,,Harato,015031007,,,,7,7,14,,,
"",,,Randai,015031008,,,,9,13,22,,,
"",,,Choola Khar,015031009,,,,4,0,4,,,
"",,,Bontal  Kasho Khail,015031101,,,,11,9,20,,,
"",,,Choolan,015031102,,,,17,11,28,,,
"",,,Beloo Kaneo Khail,015031103,,,,5,6,11,,,
"",,,Tarkan,015031104,,,,11,6,17,,,
"",,,Jheel Takki,015031105,,,,10,10,20,,,
"",,,Dehlo Raham  Baik Khail,015031106,,,,13,9,22,,,
"",,,Dehlo Boyuo Khail,015031107,,,,1,6,7,,,
"",,,Dehlo Sahmal Khail,015031108,,,,0,0,0,,,
"",,,Mandroo,015031109,,,,15,16,31,,,
"",,,Maidan (Seemo Dara),015031110,,,,9,10,19,,,
"",,,Tiyal (Seemo Dara),015031111,,,,0,0,0,,,
"",,,,,,,,206,207,413,,,
"",19,"Govt: Middle School KuzMandraza",Leo,015040501,,,,70,67,137,1,1,2
"",,,Tarees,015040502,,,,129,152,281,,,
"",,,Kuz Mandraza,015040503,,,,119,105,224,,,
"",,,Darzi,015040504,,,,58,43,101,,,
"",,,,,,,,376,367,743,,,
"",20,BHU Kareen Mandraza,Kandroo Bair,015040505,,,,23,13,36,1,1,2
"",,,Damo Bair,015040506,,,,17,22,39,,,
"",,,Aishan No.2,015040507,,,,24,16,40,,,
"",,,Dabaro  Mandra,015040508,,,,14,8,22,,,
"",,,Soryaan Dogha,015040509,,,,55,31,86,,,
"",,,Aishan Dogha Bahadar Khail,015040601,,,,18,9,27,,,
"",,,Maidan Bair Mandraza,015040602,,,,17,11,28,,,
"",,,Kash Bair Mandraza,015040603,,,,21,14,35,,,
"",,,Lio,015040605,,,,19,15,34,,,
"",,,Dhargai Mandraza,015040701,,,,26,28,54,,,
"",,,Ber Dhargai,015040702,,,,27,26,53,,,
"",,,Sagoi Bair No.1,015040703,,,,5,6,11,,,
"",,,Sagoi Bair No.2,015040704,,,,8,10,18,,,
"",,,Sangrri,015040705,,,,20,17,37,,,
"",,,Jail,015040706,,,,4,6,10,,,
"",,,Asheen No.1,015040707,,,,6,3,9,,,
"",,,Qillah Gai No. 2,015040708,,,,11,18,29,,,
"",,,Dheragai Mandraza,015040709,,,,15,16,31,,,
"",,,,,,,,330,269,599,,,
"",21,Govt: High School Sawar Steel,Sawar Steel,015040401,,,,175,122,297,1,1,2
"",,San Steel,015040402,,,,37,28,65,,,
"",,Daber,015040403,,,,47,36,83,,,
"",,,,,,,259,186,445,,,
22,"Govt; Primary School KiyalVillage",Jano Boun,015040208,,,,11,16,27,1,1,2
"",,Kiyal,015040301,,,,236,182,418,,,
"",,Qillah,015040302,,,,79,67,146,,,
"",,Jabba,015040303,,,,15,16,31,,,
"",,Balandrat,015040304,,,,91,68,159,,,
"",,Banda,015040404,,,,19,17,36,,,
"",,Dabroo,015040604,,,,9,19,28,,,
"",,Pashwa,015040206,,,,103,97,200,,,
"",,Asoo,015040305,,,,16,15,31,,,
"",,Maidan,015040306,,,,30,21,51,,,
"",,,,,,,609,518,1127,,,
23,Govt: Primary School Serto Kiyal,Bair,015040106,,,,124,91,215,2,1,3
"",,Sairto 1,015040108,,,,163,126,289,,,
"",,Bandlo,015040109,,,,25,17,42,,,
"",,Chartoo,015040207,,,,72,49,121,,,
"",,Sairto 2,015040307,,,,54,34,88,,,
"",,Domina,015040606,,,,13,8,21,,,
"",,,,,,,451,325,776,,,
24,Govt: Middle School Harigah,Kayun Sair,015040107,,,,75,57,132,1,1,2
"",,Harigah,015040201,,,,59,31,90,,,
"",,Harigah,015040202,,,,72,54,126,,,
"",,Banjah,015040203,,,,19,18,37,,,
"",,Dharoo,015040205,,,,35,34,69,,,
"",,Dhoop,015040405,,,,20,24,44,,,
"",,Bapoon Banda,015040406,,,,10,14,24,,,
"",,,,,,,290,232,522,,,
25,"Govt: Middle School SheshalKiyal",Sheshal Kayal,015040101,,,,175,159,334,1,1,2
"",,Soya Bair,015040102,,,,46,48,94,,,
"",,Poo Galay,015040103,,,,56,49,105,,,
"",,Bairloo,015040104,,,,56,44,100,,,
"",,Banda Angaal/Bairloo,015040105,,,,16,14,30,,,
"",,Bachgai,015040204,,,,27,25,52,,,
"",,Gali,015040407,,,,22,4,26,,,
"",,,,,,,398,343,741,,,
26,Govt: Middlle School Dhoop,Zorr Kalay015050201213180393,1,1,2,,,,,,,
"",,Dhoop015050202175158333,,,,,,,,,,
"",,388338726,,,,,,,,,,
27,Govt: High School Jijal,Jijal,015050203,,,,295,289,584,2,2,4
"",,Jijal,015050204,,,,193,203,396,,,
"",,Bela No. 1,015050205,,,,42,34,76,,,
"",,Peach Bela Jijal,015050206,,,,74,63,137,,,
"",,Bela No. 2 Jijal,015050207,,,,36,29,65,,,
"",,,,,,,640,618,1258,,,
28,"Govt: Middle School Mali DaraP/S No. 1",Gabar Khas,015050101,,,,253,191,444,2,1,3
Dongo,015050102,,,,124,114,238,,,,,
Dahar,015050103,,,,67,55,122,,,,,
Daloon,015050303,,,,14,10,24,,,,,
"",,,,,458,370,828,,,,,
29,"Govt: Middle School Mali DaraP/S No. 2",Mali Dara,015050105,,,,39,27,66,2,1,3
"",,Mali Dara,015050104,,,,274,221,495,,,
"",,,,,,,313,248,561,,,
30,Govt: Primary School Khokiyal,Khawar Bahadar Khail,015050301,,,,176,101,277,2,1,3
"",,Segogi,015050302,,,,43,37,80,,,
"",,Sairre,015050304,,,,129,101,230,,,
"",,Kokyial,015050305,,,,108,112,220,,,
"",,Shishe,015050306,,,,43,41,84,,,
"",,Sundarri,015050307,,,,52,50,102,,,
"",,,,,,,551,442,993,,,
31,"Govt: Middle School BelaDubair",Sangan,015060302,,,,64,58,122,2,1,3
"",,Dhroo,015060304,,,,69,51,120,,,
"",,Bela Dubair 1,015060401,,,,252,278,530,,,
"",,Bela Dubair-2,015060402,,,,29,15,44,,,
"",,Bela Dubair-3,015060403,,,,19,2,21,,,
"",,,,,,,433,404,837,,,
32,"Govt; Primary School Shongialvillage",Damaan,015060103,,,,37,27,64,2,1,3
"",,Saach,015060104,,,,70,39,109,,,
"",,Ber Segaan,015060106,,,,49,25,74,,,
"",,Shongial Pain,015060107,,,,49,45,94,,,
"",,Shongial Khas,015060108,,,,65,32,97,,,
"",,Weshaan,015060109,,,,62,54,116,,,
"",,Qillah,015060201,,,,74,56,130,,,
"",,Serai,015060203,,,,159,85,244,,,
"",,Khawar,015060407,,,,11,3,14,,,
"",,Nao Shongial,015060202,,,,109,45,154,,,
"",,,,,,,685,411,1096,,,
33,BHU Kas,Kas,015060105,,,,34,26,60,1,1,2
"",,Kas,015060204,,,,303,156,459,,,
"",,Jamrah,015060303,,,,62,41,103,,,
"",,Sanagai,015060101,,,,185,136,321,,,
"",,Gat,015060102,,,,79,46,125,,,
"",,Banjar,015060404,,,,65,54,119,,,
"",,,,,,,728,459,1187,,,
34,Govt: Primary School Kharko,Faqir Pattay,015060301,,,,150,125,275,2,1,3
"",,Kharko,015060305,,,,45,22,67,,,
"",,Tangay,015060405,,,,61,57,118,,,
"",,Daloo,015060406,,,,26,14,40,,,
"",,,,,,,282,218,500,,,
35,"Govt; High School DubairVillage",Dubair Village,015070105,,,,257,175,432,2,1,3
"",,Dubair Village,015070106,,,,40,21,61,,,
"",,Darair/Dadair,015070107,,,,24,16,40,,,
"",,Bogar Village,015070108,,,,200,149,349,,,
"",,Saach,015070110,,,,139,81,220,,,
"",,,,,,,660,442,1102,,,
36,Govt: Primary School Gat Roidat,Morri,015070101,,,,137,95,232,2,1,3
Shalkai,015070102,,,,253,263,516,,,,,
Sairgah,015070103,,,,24,14,38,,,,,
Roidat,015070104,,,,75,48,123,,,,,
Dhoop,015070109,,,,45,27,72,,,,,
"",,,,,534,447,981,,,,,
37,"Govt; Middle School JaagVillage",Jaag Kalay,015070201,,,,180,114,294,2,1,3
"",,Daglay,015070203,,,,23,42,65,,,
"",,Koza Pizza,015070204,,,,54,12,66,,,
"",,Jaag Khas,015070301,,,,95,63,158,,,
"",,Bera Pizza,015070302,,,,44,25,69,,,
"",,Dandokay,015070303,,,,59,23,82,,,
"",,Mano Pattay/Matro Pattay,015070304,,,,42,35,77,,,
"",,Dharoo,015070305,,,,41,34,75,,,
"",,Saproona,015070306,,,,63,34,97,,,
"",,,,,,,601,382,983,,,
38,"Government High School BanilJag",Ambaah,015070202,,,,24,66,90,2,1,3
"",,Baneel,015070401,,,,326,200,526,,,
"",,Qillah Gai,015070402,,,,22,21,43,,,
"",,Gail,015070403,,,,119,75,194,,,
"",,Sharr,015070404,,,,48,35,83,,,
"",,,,,,,539,397,936,,,
39,"Govt; Primary School SheikhDara",Soi Khail Dahar,015080301,,,,131,131,262,2,1,3
"",,Mula Khail Dahar,015080302,,,,161,154,315,,,
"",,Sheikh Darra,015080305,,,,252,218,470,,,
"",,,,,,,544,503,1047,,,
40,"Govt: Primary SchoolKhalidabad",Saidano Bela,015080306,,,,52,50,102,1,1,2
"",,Gotar Khail Dahar,015080307,,,,172,121,293,,,
"",,Seri Gotar Khail,015080308,,,,91,52,143,,,
"",,,,,,,315,223,538,,,
41,Govt: Middle School Gaya,Gaya,015080101,,,,376,239,615,1,1,2
"",,,,,,,376,239,615,,,
42,Govt: Middle School Muj Gali,Muj Gali,015080103,,,,150,130,280,1,1,2
"",,Chawa No. 1,015080105,,,,50,29,79,,,
"",,Chawa No. 2,015080106,,,,87,42,129,,,
"",,Seri  Shahbaz Khail,015080303,,,,29,14,43,,,
"",,Bailgai,015080304,,,,28,14,42,,,
"",,Landhar,015080104,,,,78,58,136,,,
"",,,,,,,422,287,709,,,
43,Govt; Primary School Usool,Neri,015080201,,,,174,134,308,2,1,3
"",,Uchar Dubair,015080202,,,,15,12,27,,,
"",,Qillah No. 1,015080203,,,,46,37,83,,,
"",,Qillah No. 2,015080205,,,,20,10,30,,,
"",,Maidan Sigloo,015080206,,,,16,29,45,,,
"",,Gagah Gaidar,015080207,,,,37,44,81,,,
"",,Usool,015080102,,,,97,65,162,,,
"",,Dehri Khawar,015080204,,,,27,18,45,,,
"",,,,,,,432,349,781,,,
44,"Govt: High School Kuz Kilay P/SNo. 1",Gheel,015090204,,,,137,131,268,2,1,3
"",,Gah Bair,015090302,,,,9,8,17,,,
"",,Kuz Killay,015090303,,,,235,205,440,,,
"",,Ashyal Mirkan Khail,015090304,,,,85,57,142,,,
"",,,,,,,466,401,867,,,
45,"Govt: High School Kukz Kilay P/SNo. 2",Dongo,015090401,,,,37,39,76,2,1,3
Zore Killay,015090402,,,,200,139,339,,,,,
Khanai,015090403,,,,94,81,175,,,,,
Dabbri,015090404,,,,100,73,173,,,,,
"",,,,,,,431,332,763,,,
46,"Govt: Middle School Jareen P/SNo. 1",Jareen,015090501,,,,179,100,279,2,1,3
"",,Dhar Ayam Khail,015090502,,,,71,42,113,,,
"",,Gaider Takht,015090503,,,,24,14,38,,,
"",,Bachach Banda Ayam Khail,015090504,,,,55,61,116,,,
"",,Baran Ayam Khail,015090601,,,,30,31,61,,,
"",,Munir Banda,015090602,,,,4,4,8,,,
"",,Khokroo,015090603,,,,125,109,234,,,
"",,,,,,,488,361,849,,,
47,"Govt: Middle School Jareen P/SNo. 2",Char Alidad Khail,015090701,,,,68,50,118,2,1,3
"",,Kuz Char Mirkan Khail,015090702,,,,26,22,48,,,
"",,Thapan,015090703,,,,485,377,862,,,
"",,,,,,,579,449,1028,,,
48,Govt:Primary School Ber Kilay,Shangri,015090202,,,,16,10,26,1,1,2
"",,Ber Killay,015090801,,,,324,247,571,,,
"",,Darto Naray  Domi Khail,015090803,,,,126,108,234,,,
"",,Manwan town,015090804,,,,85,61,146,,,
"",,,,,,,551,426,977,,,
49,Govt: Primary School Ghando,Nao No. 1,015091003,,,,54,31,85,2,1,3
"",,Ghando,015091401,,,,144,125,269,,,
"",,Pirandeer,015091402,,,,68,49,117,,,
"",,Rawal Dir,015091403,,,,22,19,41,,,
"",,Dhand,015091405,,,,7,6,13,,,
"",,Nao Saly Kheil,015091501,,,,54,39,93,,,
"",,Bari,015091404,,,,71,39,110,,,
"",,,,,,,420,308,728,,,
50,Govt: Middle School Doga,Dar Jaya Khail,015091005,,,,77,67,144,2,1,3
"",,Bakhtgo,015091301,,,,42,18,60,,,
"",,Dhand Domi Kheil,015091302,,,,29,23,52,,,
"",,Zahar Bail,015091303,,,,4,2,6,,,
"",,Martoong,015091304,,,,126,90,216,,,
"",,Mahriya,015091305,,,,88,64,152,,,
"",,Serkandi,015091502,,,,9,7,16,,,
"",,Jalkot,015091503,,,,161,81,242,,,
"",,,,,,,536,352,888,,,
51,"Govt; Middle School Chari DaraShaby Khail",Darra Shahbir Khail,015091002,,,,30,20,50,1,1,2
"",,Manri,015091004,,,,9,2,11,,,
"",,Chari,015091101,,,,53,30,83,,,
"",,Bela Hussain  Abad,015091102,,,,137,86,223,,,
"",,Bostan Bela Dara Shabi Khail,015091103,,,,73,57,130,,,
"",,Matta Baik,015091104,,,,67,52,119,,,
"",,Kareen,015091105,,,,37,24,61,,,
"",,Kashmir,015091106,,,,37,25,62,,,
"",,Chola,015091201,,,,34,26,60,,,
"",,Khana,015091202,,,,3,1,4,,,
"",,Nathi,015091203,,,,4,7,11,,,
"",,Kachar,015091204,,,,9,2,11,,,
"",,Nairi,015091205,,,,46,33,79,,,
"",,,,,,,539,365,904,,,
52,"Govt: Primary School MunnayKhail",Mirkhan Khail Dahar,015090802,,,,194,133,327,1,1,2
Ghoshi Bela,015090805,,,,32,16,48,,,,,
"",,Haleem Bela,015090806,,,,9,6,15,,,
"",,Bela Munay  Khail,015090901,,,,161,55,216,,,
"",,Boi,015090903,,,,79,53,132,,,
"",,,,,,,475,263,738,,,
53,Govt: High School Doga,Dogah,015090902,,,,46,21,67,1,1,2
"",,Dhanda Munay Khail,015090904,,,,42,29,71,,,
"",,Jhangri,015090905,,,,52,31,83,,,
"",,Alwal,015090906,,,,34,20,54,,,
"",,Kuz Soya,015091001,,,,243,183,426,,,
"",,,,,,,417,284,701,,,
54,Govt: High School Ranolia,Bazar Bela,015090101,,,,135,93,228,1,1,2
"",,Kuz Banda,015090102,,,,42,31,73,,,
"",,Tehsil Banda,015090103,,,,158,107,265,,,
"",,Jaan Bela,015090104,,,,30,19,49,,,
"",,Khajoo Bela,015090105,,,,51,50,101,,,
"",,Chochang,015090201,,,,13,18,31,,,
"",,Bangi Bela,015090203,,,,16,9,25,,,
"",,Dhar Chala Khail,015090205,,,,12,14,26,,,
"",,Sairto,015090301,,,,27,29,56,,,
"",,,,,,,484,370,854,,,
55,Govt: Middle School Sholgarah,Sholgarah,015100101,,,,541,447,988,1,1,2
"",,,,,,,541,447,988,,,
56,Govt: Middle School Sholgarah,Kabloun,015100103,,,,17,15,32,2,1,3
"",,Bela Zuma Khail,015100506,,,,100,81,181,,,
"",,Javed Abad,015100604,,,,13,6,19,,,
"",,Kuz Sangri,015100703,,,,106,83,189,,,
"",,,,,,,236,185,421,,,
57,"Govt: Higher Secondary SchoolChakai",Chikai,015100102,,,,119,105,224,1,1,2
"",,Kuz Kandaow,015100601,,,,158,124,282,,,
"",,Ber Kandaow,015100602,,,,6,4,10,,,
"",,Saingtoo Kandaow,015100603,,,,30,28,58,,,
"",,,,,,,313,261,574,,,
58,"Govt; Higher Secondary SchoolBankad",Bankad Village,015100104,,,,353,265,618,1,1,2
"",,Kuz Dheri,015100105,,,,59,45,104,,,
"",,Kuz Moreen,015100106,,,,35,21,56,,,
"",,Ber Moreem,015100107,,,,63,45,108,,,
"",,,,,,,510,376,886,,,
59,"Govt: Primary School ManzoKhapa",Manzo Khapa,015100304,,,,68,128,196,1,1,2
"",,Ouch Khawar,015100305,,,,64,51,115,,,
"",,Shair Khan Nao,015100306,,,,3,5,8,,,
"",,Amloo,015100708,,,,26,19,45,,,
"",,Ber Manzara,015100704,,,,31,36,67,,,
"",,Nari Kandow,015100709,,,,9,9,18,,,
"",,Azaan,015100710,,,,5,3,8,,,
"",,Kuz Banda,015100711,,,,11,20,31,,,
"",,,,,,,217,271,488,,,
60,Govt; Primary School khanai,Chartoo,015100201,,,,74,48,122,1,1,2
Khanai,015100202,,,,64,59,123,,,,,
Choorlak,015100203,,,,69,54,123,,,,,
Doosa,015100204,,,,127,61,188,,,,,
Charoona,015100401,,,,309,204,513,,,,,
"",,,,,,,,,,,,
"",,Banda Gaider,015100402,,,,9,5,14,,,
"",,Pantrashi Banda,015100403,,,,3,0,3,,,
"",,,,,,,655,431,1086,,,
61,"Govt: Middle School BelaRustum Khail",Bela Rustum Khail,015100301,,,,217,169,386,2,1,3
"",,Bela Gabrial,015100302,,,,104,42,146,,,
"",,Danoo,015100303,,,,74,61,135,,,
"",,Torai Banda,015100404,,,,35,24,59,,,
"",,Chaproona Banda,015100405,,,,19,12,31,,,
"",,,,,,,449,308,757,,,
62,Govt: Primary School Arakh,Garri,015100501,,,,89,67,156,2,1,3
"",,Karr No. 1,015100502,,,,13,10,23,,,
"",,Karr No. 2,015100503,,,,108,63,171,,,
"",,Kuz Munzara,015100605,,,,102,60,162,,,
"",,Choor Londi,015100606,,,,33,20,53,,,
"",,Barri Bankad,015100607,,,,73,52,125,,,
"",,Seri Bari,015100608,,,,58,40,98,,,
"",,Agha Ser Bankhad,015100701,,,,162,119,281,,,
"",,Ber Sangri,015100702,,,,105,62,167,,,
"",,Ganjah,015100705,,,,9,5,14,,,
"",,Kuz Dandow(Muhammad,015100706,,,,4,1,5,,,
"",,Ber Dandow Zama Khail,015100707,,,,0,0,0,,,
"",,,,,,,756,499,1255,,,
63,Govt; Primary School Palalo,Palalo,015100504,,,,275,184,459,1,1,2
Gullojai,015100505,,,,126,103,229,,,,,
"",,,,,401,287,688,,,,,
1,GGMS Shalkanabad,Shalkan Abad No.1,016010101,,,,121,144,265,1,2,3
"",,Qillah Siyab Abad,016010107,,,,4,5,9,,,
"",,Kareen,016010201,,,,17,6,23,,,
"",,Gaider,016010202,,,,57,34,91,,,
"",,Tabowi,016010203,,,,17,6,23,,,
"",,Seigal Khen,016010301,,,,47,21,68,,,
"",,Kharat,016010303,,,,26,24,50,,,
"",,Ber- Sair (Barsheen),016010402,,,,12,7,19,,,
"",,Bar Khorr,016010403,,,,6,5,11,,,
"",,,,,,,307,252,559,,,
2,BHU Shalkan Abad,Sair Khari,016010102,,,,32,31,63,1,1,2
"",,Boshi,016010103,,,,63,50,113,,,
"",,Shalkan Abad No.2,016010104,,,,78,89,167,,,
"",,Shalkan Abad No.3,016010105,,,,1,1,2,,,
"",,Muslam Banda,016010106,,,,10,9,19,,,
"",,Bush,016010108,,,,20,17,37,,,
"",,Bagh,016010204,,,,39,29,68,,,
"",,Jar Batt (Jat Butt),016010207,,,,12,18,30,,,
"",,Bakrri,016010208,,,,12,13,25,,,
"",,Kuz Sair,016010302,,,,6,0,6,,,
"",,Bela,016010401,,,,18,10,28,,,
"",,,,,,,291,267,558,,,
3,Govt: Middle School Ghaziabad,Sair Ghazi Abad,016010205,,,,149,170,319,1,1,2
"",,Sair Ghazi Abad,016010206,,,,86,93,179,,,
"",,Barroos,016010306,,,,20,18,38,,,
"",,Mohanch,016010407,,,,12,6,18,,,
"",,,,,,,267,287,554,,,
4,"Govt: Girls Primary School BarGabbeer",Josair,016010404,,,,30,33,63,1,1,2
"",,Bar Gabbeer,016010405,,,,144,128,272,,,
"",,Gujjar Banda,016010406,,,,9,8,17,,,
"",,,,,,,183,169,352,,,
5,"Govt: Girls Primary SchoolBanjar Yanjool",Yanjoal,016020304,,,,23,20,43,1,1,2
Yanjoal,016020305,,,,19,23,42,,,,,
Pawai sair,016020401,,,,71,84,155,,,,,
Paloosair,016020402,,,,32,39,71,,,,,
Paloosair,016020403,,,,30,27,57,,,,,
Nasroo,016020404,,,,38,35,73,,,,,
""
""
"",,,,,,,213,228,441,,,
6,"Govt: Higher Secondary SchoolBadakot",Kuz Moseen,016010305,,,,20,17,37,1,1,2
"",,Battal,016020105,,,,77,45,122,,,
"",,Badakot,016020301,,,,74,75,149,,,
"",,Badakot,016020302,,,,50,40,90,,,
"",,Ahogatt,016030104,,,,39,54,93,,,
"",,Ahozz,016030106,,,,36,24,60,,,
"",,,,,,,296,255,551,,,
7,Govt: High School Para Garhi,Ber Moseen,016010304,,,,26,13,39,1,1,2
"",,Guli Bagh,016020101,,,,122,89,211,,,
"",,Guli Bagh,016020102,,,,90,52,142,,,
"",,Kandroo,016020103,,,,16,16,32,,,
"",,Ishaque,016020104,,,,22,16,38,,,
"",,Bela,016020201,,,,10,4,14,,,
"",,Moss Gali,016020202,,,,8,4,12,,,
"",,Kai,016020203,,,,5,6,11,,,
"",,Haran,016020204,,,,139,75,214,,,
"",,To-graat,016020205,,,,14,7,21,,,
"",,(Kuz) Bair barr,016020303,,,,8,11,19,,,
"",,Gali,016020405,,,,32,25,57,,,
"",,Gaider,016020406,,,,8,8,16,,,
"",,,,,,,500,326,826,,,
8,"Govt: Middle School DatSharakot",Dat,016030105,,,,56,61,117,1,1,2
"",,Sharakot,016030203,,,,226,218,444,,,
"",,Sharakot,016030204,,,,32,35,67,,,
"",,,,,,,314,314,628,,,
9,Govt: Primary School Sharakot,Ghatto  No.1,016030101,,,,113,86,199,1,1,2
"",,Ghatto  No.2,016030102,,,,65,60,125,,,
"",,Bazni No1( Bazai No.1),016030205,,,,10,10,20,,,
"",,Bazni No2,016030206,,,,10,10,20,,,
"",,,,,,,198,166,364,,,
10,"Govt: Girls Primary SchoolZareen Abad",Dandri,016030103,,,,141,92,233,1,1,2
"",,Jhoom Gali,016030201,,,,90,94,184,,,
"",,Jhoom Gali,016030202,,,,56,48,104,,,
"",,Danat,016030207,,,,7,3,10,,,
"",,,,,,,294,237,531,,,
11,Govt: High School Kuz Sheryal,Kuz Sheryal,016040101,,,,153,150,303,1,1,2
"",,Kuz Sheryal,016040102,,,,0,0,0,,,
"",,Kuz Sheryal,016040103,,,,0,1,1,,,
"",,Gakoi,016040104,,,,45,48,93,,,
"",,Oochi Bela,016040106,,,,22,23,45,,,
"",,Jahangroo Banda,016040204,,,,15,13,28,,,
"",,Koi,016040105,,,,65,55,120,,,
"",,Jaglaat,016040205,,,,13,9,22,,,
"",,Toroo Banda,016040301,,,,24,17,41,,,
"",,,,,,,337,316,653,,,
12,Govt: Primary School Bakroo,Gako,016040303,,,,18,16,34,1,1,2
Kojana Ghana(Kojana Ghan),016040401,,,,50,51,101,,,,,
Charagh Abad Bakroo,016040403,,,,108,80,188,,,,,
Ber Dhergoo,016040405,,,,27,25,52,,,,,
"",,,,,203,172,375,,,,,
13,Govt: Primary School Khorgai,Kuz Khorr gai,016040302,,,,64,56,120,1,1,2
"",,Magri Banda,016040402,,,,20,22,42,,,
"",,Kot Banda,016040404,,,,21,21,42,,,
"",,,,,,,105,99,204,,,
14,Govt: Primary School Zabkot,Bar Khorr gai,016040201,,,,9,20,29,1,1,2
"",,Bar Khorr gai,016040202,,,,111,109,220,,,
"",,Moman Banda,016040203,,,,5,11,16,,,
"",,Hermi Banda,016040304,,,,7,10,17,,,
"",,Jail Baik,016040305,,,,5,2,7,,,
"",,,,,,,137,152,289,,,
15,Govt: Primary School Waliabad,Ber Sheryal,016050101,,,,121,110,231,1,1,2
"",,Ber Sheryal,016050102,,,,67,45,112,,,
"",,Ganga Banda,016050104,,,,20,19,39,,,
"",,Chapri,016050105,,,,30,31,61,,,
"",,,,,,,238,205,443,,,
16,"Govt: Primary School BandBanda (Tent)",Ber Nairi,016050103,,,,27,21,48,1,1,2
"",,Ber Gaider,016050106,,,,23,22,45,,,
"",,Gaider Banda,016050107,,,,11,19,30,,,
"",,Nimat Banda,016050108,,,,24,16,40,,,
"",,Kachal Banda,016050203,,,,13,19,32,,,
"",,Bin Banda,016050205,,,,46,43,89,,,
"",,Ber  Banda,016050206,,,,46,50,96,,,
"",,Andrak Banda,016050207,,,,18,16,34,,,
"",,Kat Banda,016050306,,,,7,6,13,,,
"",,,,,,,215,212,427,,,
17,"Govt: Primary SchoolShumjumat",Shum Jumat,016050201,,,,163,90,253,1,1,2
"",,Shum Jumat,016050202,,,,21,10,31,,,
"",,Jamra Banda,016050204,,,,3,4,7,,,
"",,Khana Banda,016050301,,,,44,36,80,,,
"",,Sharay Banda,016050302,,,,13,12,25,,,
"",,Mureed Baik,016050303,,,,8,20,28,,,
"",,Bakri Banda,016050304,,,,9,6,15,,,
"",,Dadair,016050305,,,,2,2,4,,,
"",,Maidan,016050307,,,,105,77,182,,,
"",,Maidan,016050308,,,,46,24,70,,,
"",,,,,,,414,281,695,,,
18,Govt: Middle School Kunshair,Soray,016060101,,,,51,54,105,1,1,2
"",,Gaider,016060102,,,,36,46,82,,,
"",,Kuz Batangi,016060103,,,,2,5,7,,,
"",,Kafar Banda,016060104,,,,11,12,23,,,
"",,Goor,016060201,,,,95,68,163,,,
"",,Soreen Baik (Seren Baik),016060202,,,,6,3,9,,,
"",,Banaloo,016060203,,,,17,17,34,,,
"",,Shangai,016060403,,,,19,14,33,,,
"",,Kunshair,016060501,,,,48,29,77,,,
"",,Boot Moseen,016060502,,,,1,3,4,,,
"",,Shaloo Baik,016060503,,,,3,0,3,,,
"",,Paloo Seri,016060504,,,,48,30,78,,,
"",,,,,,,337,281,618,,,
19,"Govt: Primary School Kunshair(Tent)",Kuz Sair,016060105,,,,21,14,35,1,1,2
Nargis Abad,016060106,,,,34,18,52,,,,,
""
""
"",,Chaloo Abad,016060107,,,,12,8,20,,,
"",,Kar Baik,016060204,,,,10,10,20,,,
"",,Shalbay,016060205,,,,15,18,33,,,
"",,Bailgai,016060206,,,,5,3,8,,,
"",,Kunshair No.2,016060301,,,,46,41,87,,,
"",,Kuz Pari,016060302,,,,6,7,13,,,
"",,Gujar Banda Kunshair,016060303,,,,2,3,5,,,
"",,Nai Banda,016060304,,,,4,4,8,,,
"",,Sarkar Kunshair,016060305,,,,6,8,14,,,
"",,Kot Gaoon,016060401,,,,16,15,31,,,
"",,Kot Gaoon,016060402,,,,3,1,4,,,
"",,Palay,016060404,,,,12,11,23,,,
"",,Alwani,016060405,,,,10,9,19,,,
"",,Kareen,016060505,,,,10,9,19,,,
"",,,,,,,212,179,391,,,
20,Govt: Primary School Ber Paro,Bangash,016070306,,,,1,0,1,1,1,2
"",,Ber Paroo,016070401,,,,221,138,359,,,
"",,Ber Paroo,016070402,,,,99,46,145,,,
"",,Najam,016070404,,,,19,18,37,,,
"",,Chappri,016070501,,,,19,20,39,,,
"",,Akhon  Khail Dehri,016070502,,,,9,8,17,,,
"",,Ganoo,016070503,,,,15,10,25,,,
"",,Rani Sair,016070701,,,,2,4,6,,,
"",,Jamlai,016070804,,,,28,29,57,,,
"",,Nazao,016070905,,,,36,30,66,,,
"",,Landi,016070906,,,,61,48,109,,,
"",,Aziz Abad,016070907,,,,30,22,52,,,
"",,,,,,,540,373,913,,,
21,"Govt: Primary School MassiGohar Abad",Dhook,016070103,,,,1,0,1,1,1,2
"",,Janis Khail,016070205,,,,1,5,6,,,
"",,Sair,016070301,,,,57,46,103,,,
"",,Massi Kot,016070302,,,,43,43,86,,,
"",,Massi,016070303,,,,12,12,24,,,
"",,Gohar Abad,016070304,,,,32,24,56,,,
"",,Ander Sair,016070403,,,,2,2,4,,,
"",,Bairoo,016070408,,,,19,12,31,,,
"",,Jijal  Palas,016070702,,,,21,19,40,,,
"",,Bandhi,016070703,,,,17,31,48,,,
"",,Bela,016070704,,,,28,23,51,,,
"",,Shahi Bagh,016070705,,,,11,5,16,,,
"",,,,,,,244,222,466,,,
22,Govt: High School Kuz Paro,Mughal Abad,016070101,,,,78,50,128,1,1,2
Gaga,016070102,,,,13,7,20,,,,,
Beli Banda,016070104,,,,6,3,9,,,,,
Kuz Banda,016070105,,,,4,7,11,,,,,
Ber Banda,016070106,,,,10,11,21,,,,,
Gotobo,016070204,,,,1,1,2,,,,,
Khel,016070305,,,,4,0,4,,,,,
Segal Bela,016070802,,,,15,17,32,,,,,
Kuz Paro,016070901,,,,12,15,27,,,,,
Fujini,016070902,,,,36,26,62,,,,,
"",,Kuz Sair,016070903,,,,6,1,7,,,
"",,Sair,016070904,,,,19,13,32,,,
"",,,,,,,204,151,355,,,
23,Govt: Primary School Jarail,Basti Khalyar,016070201,,,,9,19,28,1,1,2
"",,Ber Jhool,016070202,,,,9,9,18,,,
"",,Kuz Jhool,016070203,,,,3,2,5,,,
"",,Shamak Khail Gaider,016070405,,,,17,2,19,,,
"",,Dheri,016070406,,,,4,7,11,,,
"",,Jano baik,016070407,,,,13,14,27,,,
"",,Gotay Baik,016070504,,,,7,5,12,,,
"",,Goi Khsko,016070505,,,,10,1,11,,,
"",,Joi Sair,016070601,,,,15,16,31,,,
"",,Kalai,016070602,,,,40,28,68,,,
"",,Ben Sair,016070603,,,,4,4,8,,,
"",,Chowat,016070604,,,,11,6,17,,,
"",,Khalyar Kot,016070801,,,,49,61,110,,,
"",,Dadoi,016070803,,,,16,24,40,,,
"",,Damsang,016070805,,,,10,7,17,,,
"",,Bari,016070806,,,,15,12,27,,,
"",,,,,,,232,217,449,,,
24,Govt:High School Kharoo Gadar,Makri,016080104,,,,10,4,14,1,1,2
"",,Bro Banda,016080202,,,,4,2,6,,,
"",,Sato Khail Bela,016080204,,,,3,4,7,,,
"",,Kuz Bela,016080302,,,,2,2,4,,,
"",,Kuz Dehroo,016080401,,,,21,17,38,,,
"",,Kuz Char,016080402,,,,27,24,51,,,
"",,Ber Char,016080403,,,,18,10,28,,,
"",,Ber Dheroo,016080404,,,,0,0,0,,,
"",,Khroo Gaidar,016080405,,,,71,55,126,,,
"",,Kota Kot,016080406,,,,65,47,112,,,
"",,Jijal,016080407,,,,12,5,17,,,
"",,Chamyar Kot,016080602,,,,3,5,8,,,
"",,Kachor,016080604,,,,1,5,6,,,
"",,Gaider,016080605,,,,1,1,2,,,
"",,Kanna Jail Baik,016080701,,,,17,16,33,,,
"",,Ben Baik,016080702,,,,16,13,29,,,
"",,Karoo Sair,016080703,,,,43,36,79,,,
"",,jamra,016080203,,,,100,79,179,,,
"",,Gaider,016080301,,,,9,11,20,,,
"",,Dhero,016090601,,,,1,1,2,,,
"",,,,,,,424,337,761,,,
25,"Govt: Middle School Sair BerPalas",Saroo Baik,016080105,,,,1,3,4,1,1,2
Khawar Kot,016080305,,,,25,23,48,,,,,
Azmosy Gadar,016080501,,,,159,129,288,,,,,
Kareen,016080502,,,,76,57,133,,,,,
Gadar Sair,016080503,,,,73,67,140,,,,,
Bando Gadar,016080504,,,,42,36,78,,,,,
Bailgai,016080704,,,,3,12,15,,,,,
Sheesh Baik,016070605,,,,15,5,20,,,,,
Kab Kot,016090704,,,,3,1,4,,,,,
Darto,016090813,,,,4,4,8,,,,,
"",,Sairnat,016090913,,,,3,1,4,,,
"",,,,,,,404,338,742,,,
26,BHU Sharid,Gattko,016080101,,,,1,0,1,1,1,2
"",,Gali,016080102,,,,18,10,28,,,
"",,Gali Gaider,016080103,,,,2,0,2,,,
"",,Tora Banda,016080106,,,,3,0,3,,,
"",,Ganja,016080107,,,,5,0,5,,,
"",,Ghorta  khail Gaider,016080201,,,,4,5,9,,,
"",,Gatom Cotawai,016080303,,,,1,1,2,,,
"",,Sheshay  Baik,016080304,,,,25,12,37,,,
"",,Dehri,016080408,,,,2,0,2,,,
"",,Kareen,016080409,,,,2,1,3,,,
"",,Osai,016080601,,,,22,19,41,,,
"",,Jamal Khano Baik,016080603,,,,6,3,9,,,
"",,Kai,016080705,,,,6,11,17,,,
"",,Tarloo,016080706,,,,5,3,8,,,
"",,Pakkay Bela,016090101,,,,27,20,47,,,
"",,Teko Sair,016090202,,,,11,6,17,,,
"",,Ser Cheero,016090203,,,,4,5,9,,,
"",,Sharid,016090404,,,,21,28,49,,,
"",,Heway  Baik,016090508,,,,6,3,9,,,
"",,Hasan Baik,016090603,,,,17,4,21,,,
"",,Bailgai,016090605,,,,8,8,16,,,
"",,Takoi Sair,016090701,,,,1,2,3,,,
"",,Narang Bela,016090702,,,,6,6,12,,,
"",,Bajal,016090812,,,,1,4,5,,,
"",,Mano Sair(Manawar Sair),016090901,,,,1,1,2,,,
"",,Loni Sair,016090902,,,,5,6,11,,,
"",,Qillah,016090904,,,,9,1,10,,,
"",,Perdostan  Bela,016090909,,,,3,3,6,,,
"",,Sham Bela,016090910,,,,42,35,77,,,
"",,Basti,016090912,,,,1,0,1,,,
"",,Dongah,016080205,,,,23,14,37,,,
"",,,,,,,288,211,499,,,
27,Govt: Middle School Kundal,Khel Bela Armnd,016090103,,,,9,3,12,1,1,2
Khel Bela,016090104,,,,9,4,13,,,,,
Khel Bela(Behlo Bela),016090105,,,,17,11,28,,,,,
Awal Khail(Awal Khel),016090301,,,,12,10,22,,,,,
Sairto,016090401,,,,7,9,16,,,,,
Shaheed Bela,016090402,,,,6,2,8,,,,,
Akhori Bela,016090403,,,,1,0,1,,,,,
Danga Baik,016090502,,,,6,0,6,,,,,
Khail Khel,016090505,,,,12,16,28,,,,,
Maidan Akhori Sair,016090506,,,,8,9,17,,,,,
Daro,016090602,,,,0,1,1,,,,,
Hakmi Ber Sair,016090801,,,,1,2,3,,,,,
Kundal Thor,016090802,,,,39,26,65,,,,,
Kundal Thor,016090803,,,,58,53,111,,,,,
Mor Morat,016090804,,,,5,9,14,,,,,
Kandaroo,016090805,,,,12,21,33,,,,,
Kandas,016090806,,,,4,3,7,,,,,
"",,Raja Sair(Raj Sair),016090807,,,,5,5,10,,,
"",,Sairto,016090808,,,,4,5,9,,,
"",,Damzai,016090809,,,,34,25,59,,,
"",,Dewan Bela,016090810,,,,1,3,4,,,
"",,Jail Baik,016090903,,,,0,0,0,,,
"",,Bado Baik,016090905,,,,7,7,14,,,
"",,Nakka,016090906,,,,4,7,11,,,
"",,Dewan Bela,016090907,,,,6,5,11,,,
"",,Denar Bela,016090908,,,,0,0,0,,,
"",,Terono Baik,016090911,,,,6,0,6,,,
"",,,,,,,273,236,509,,,
28,Govt: Middle School Shoki Sair,Bado Bela(Badlo Bela),016090102,,,,18,13,31,1,1,2
"",,Shoki Sair,016090201,,,,106,89,195,,,
"",,Bailgai,016090204,,,,19,15,34,,,
"",,Akhori Sair,016090302,,,,3,5,8,,,
"",,Moghal Rat,016090303,,,,17,9,26,,,
"",,Beharm Kot,016090304,,,,6,4,10,,,
"",,Shikari,016090305,,,,7,4,11,,,
"",,Kuz Sair,016090501,,,,63,27,90,,,
"",,Ser Morat-1,016090503,,,,19,10,29,,,
"",,Ber Sair,016090504,,,,36,18,54,,,
"",,Belo Baik,016090507,,,,6,0,6,,,
"",,Kanari Baik,016090604,,,,1,0,1,,,
"",,Gattom,016090703,,,,2,2,4,,,
"",,Akseri Sair,016090811,,,,2,0,2,,,
"",,,,,,,305,196,501,,,
29,BHU Peech Bela (Tent),Dadoi,016100402,,,,0,3,3,1,1,2
Bera Baik,016100503,,,,14,8,22,,,,,
Dhanda Peech Bela,016100504,,,,14,4,18,,,,,
Sabray Baik,016100505,,,,14,9,23,,,,,
Jail Baik,016100506,,,,4,3,7,,,,,
Ajeno Baik,016100507,,,,6,2,8,,,,,
Kharban Kho,016100603,,,,4,3,7,,,,,
Garoom,016100805,,,,8,4,12,,,,,
Peech Bela,016100901,,,,82,66,148,,,,,
Peech Bela,016100902,,,,47,7,54,,,,,
Dhok Bela,016100903,,,,18,20,38,,,,,
Karkhan Bela,016100908,,,,9,4,13,,,,,
Dodo Goshi,016101102,,,,24,14,38,,,,,
Shanki,016101201,,,,18,10,28,,,,,
Amizay Dheri,016101203,,,,11,6,17,,,,,
Sar Kas,016101301,,,,1,9,10,,,,,
Lari Kas,016101306,,,,9,8,17,,,,,
Kabul,016101503,,,,8,3,11,,,,,
Satalo,016101504,,,,13,4,17,,,,,
Garoom,016101507,,,,5,3,8,,,,,
Habib,016101307,,,,1,3,4,,,,,
Bari Jakh,016101402,,,,5,3,8,,,,,
Pathay,016101404,,,,0,3,3,,,,,
Lakhi Nire,016101502,,,,3,3,6,,,,,
Sairgo,016101505,,,,18,6,24,,,,,
"",,,,,,,336,208,544,,,
30,"Govt: Middle School HukmaAbad",Dhanday Baik,016100102,,,,19,8,27,1,1,2
"",,Ganga Bela,016100201,,,,8,4,12,,,
"",,Gata Baik,016100203,,,,5,1,6,,,
"",,Kamino Baik,016100305,,,,4,3,7,,,
"",,Dahandi Baik,016100407,,,,8,9,17,,,
"",,Kanari,016100501,,,,4,2,6,,,
"",,Dab,016100604,,,,6,3,9,,,
"",,Pul Bela,016100701,,,,40,38,78,,,
"",,Kamya Bela,016100702,,,,41,14,55,,,
"",,Junas Abad,016100703,,,,7,7,14,,,
"",,Nairi,016100704,,,,14,13,27,,,
"",,Kot Bela,016100705,,,,8,16,24,,,
"",,Hakmi Kuz Sair,016100801,,,,19,11,30,,,
"",,Hukam Abad,016100802,,,,34,22,56,,,
"",,Thaypri,016101302,,,,5,4,9,,,
"",,Mahoz,016101303,,,,3,8,11,,,
"",,Bari Leadi,016100306,,,,5,4,9,,,
"",,Dum Hati,016100302,,,,12,6,18,,,
"",,Jakh,016100303,,,,12,5,17,,,
"",,Ishaq,016100304,,,,3,0,3,,,
"",,Ishaq,016100401,,,,7,7,14,,,
"",,Mosh,016100403,,,,10,12,22,,,
"",,Kuz Seri,016114050,,,,14,11,25,,,
"",,Paloi Sair,016100804,,,,5,6,11,,,
"",,Kho,016101405,,,,2,1,3,,,
"",,,,,,,295,215,510,,,
31,"Govt: Girls Primary SchoolSertay",Patroq,016100101,,,,25,14,39,1,1,2
Hatri,016100103,,,,12,10,22,,,,,
Throat,016100104,,,,19,18,37,,,,,
Shatan Gah,016100105,,,,53,15,68,,,,,
Tashoni,016100106,,,,23,14,37,,,,,
Shaheed Bela,016100107,,,,34,20,54,,,,,
Joti Baik,016100204,,,,5,7,12,,,,,
Urni Kuz,016100205,,,,7,8,15,,,,,
Baneer,016100206,,,,1,0,1,,,,,
Chaki Kandara,016100404,,,,22,11,33,,,,,
Tokay Baik,016100406,,,,18,15,33,,,,,
Kal Gai,016100502,,,,9,7,16,,,,,
Sertay,016100601,,,,102,85,187,,,,,
Choi Baik,016100602,,,,10,6,16,,,,,
Kandara,016100606,,,,47,30,77,,,,,
Khail,016100906,,,,5,8,13,,,,,
Nero Gah,016101104,,,,15,15,30,,,,,
Bari Dheri,016101202,,,,13,17,30,,,,,
Dheri,016101206,,,,16,15,31,,,,,
Gahree,016101304,,,,7,3,10,,,,,
Lakhi Jaaq,016101305,,,,5,6,11,,,,,
Beri Dheri,016101401,,,,3,0,3,,,,,
Lakhi Dheri,016101403,,,,7,3,10,,,,,
Chalo Bela,016101501,,,,2,5,7,,,,,
"",,Soil,016101506,,,,7,1,8,,,
"",,Landigah,016100202,,,,6,2,8,,,
"",,Salo Bela,016100207,,,,23,16,39,,,
"",,,,,,,496,351,847,,,
32,"Govt: Primary School  Nao(Tent)",Ghora,016100605,,,,16,21,37,1,1,2
"",,Khor Bela,016100904,,,,9,10,19,,,
"",,Walo Bela,016100905,,,,15,14,29,,,
"",,Dam Bela,016100907,,,,27,30,57,,,
"",,Shoman Bela,016101001,,,,17,12,29,,,
"",,Lohar Bela,016101002,,,,10,9,19,,,
"",,Bin Gah,016101003,,,,31,19,50,,,
"",,Akhoo,016101004,,,,8,4,12,,,
"",,Kuz Nao,016101005,,,,16,18,34,,,
"",,Daki Akho,016101006,,,,11,8,19,,,
"",,Ber Nao,016101101,,,,22,10,32,,,
"",,Marrar,016101103,,,,10,6,16,,,
"",,Dewan Bela,016101105,,,,3,4,7,,,
"",,Hasar,016101106,,,,2,2,4,,,
"",,Goze Bano,016101204,,,,12,9,21,,,
"",,Beir Bairr,016101205,,,,2,2,4,,,
"",,Gaidder,016101207,,,,1,2,3,,,
"",,Mara,016101406,,,,6,6,12,,,
"",,Soi,016100301,,,,9,4,13,,,
"",,Qillah,016100803,,,,19,16,35,,,
"",,,,,,,246,206,452,,,
33,Govt: Primary School Kuz Seri,Kuz Killay,016110201,,,,76,66,142,1,1,2
"",,Kuz Gabeer,016110203,,,,114,89,203,,,
"",,Kuz Seri,016110204,,,,47,29,76,,,
"",,,,,,,237,184,421,,,
34,BHU Kolai,Koseen,016110205,,,,193,175,368,1,1,2
"",,Koseen,016110206,,,,101,84,185,,,
"",,Batangi,016110207,,,,106,108,214,,,
"",,Batangi,016110208,,,,121,93,214,,,
"",,Haji Bagh,016110202,,,,114,89,203,,,
"",,,,,,,635,549,1184,,,
35,Govt: Middle School Qillah Kolai,Ber Pegal,016110103,,,,41,35,76,1,1,2
"",,Ber Pegal,016110104,,,,42,24,66,,,
"",,Kuz Pegal,016110105,,,,90,79,169,,,
"",,Kuz Pegal,016110106,,,,57,21,78,,,
"",,Qillah,016110501,,,,121,72,193,,,
"",,Bair,016110504,,,,49,41,90,,,
"",,Chaat,016110601,,,,152,129,281,,,
"",,Noor Koi,016110604,,,,67,44,111,,,
"",,Noor Koi,016110605,,,,6,1,7,,,
"",,,,,,,625,446,1071,,,
36,Govt: Middle School Kolai,Haji Abad,016110101,,,,113,92,205,1,1,2
Kuz Kolai,016110102,,,,31,14,45,,,,,
Ber Keli Kolai,016110108,,,,113,79,192,,,,,
Choor Banda,016110303,,,,38,36,74,,,,,
Sagoo,016110306,,,,57,60,117,,,,,
"",,,,,352,281,633,,,,,
37,Govt: Primary School Gahakoi,Halal Dara Kuz,016110107,,,,37,32,69,2,1,3
"",,Ber Kahkroo,016110301,,,,83,76,159,,,
"",,Kuz Kahkroo,016110302,,,,112,62,174,,,
"",,Gakoi,016110304,,,,33,29,62,,,
"",,Dogah Ber No 2,016110307,,,,28,24,52,,,
"",,Dogah,016110505,,,,8,6,14,,,
"",,,,,,,301,229,530,,,
38,"Govt: Higher Secondary SchoolMaidan Kolai",Gali,016110305,,,,42,36,78,2,1,3
"",,Shamyal,016110401,,,,98,72,170,,,
"",,Bin Banda,016110402,,,,72,56,128,,,
"",,Ber Kandow,016110403,,,,52,76,128,,,
"",,Maidan,016110404,,,,66,53,119,,,
"",,Maidan,016110405,,,,94,85,179,,,
"",,Kuz Kandow,016110406,,,,24,33,57,,,
"",,Kamar Banda,016110502,,,,16,5,21,,,
"",,Kunhsher Abad,016110503,,,,43,33,76,,,
"",,Rajam  Kot,016110506,,,,22,19,41,,,
"",,Kufar Banda,016110602,,,,50,47,97,,,
"",,Jalo Dahar,016110603,,,,20,19,39,,,
"",,Bar Dawat,016110606,,,,73,60,133,,,
"",,Bar Dawat,016110607,,,,1,0,1,,,
"",,,,,,,673,594,1267,,,
39,"Govt: Middle School Mada KhailAbad",Nasri,016120901,,,,12,10,22,2,1,3
"",,Gojar Khail,016120902,,,,0,0,0,,,
"",,Safia Kuz,016120903,,,,63,39,102,,,
"",,Dil Azar,016121007,,,,26,14,40,,,
"",,Take,016121008,,,,65,62,127,,,
"",,Dheri,016121102,,,,11,10,21,,,
"",,Mian Kilay,016121103,,,,9,4,13,,,
"",,Madakhail,016121201,,,,95,144,239,,,
"",,Mada Khail,016121202,,,,26,10,36,,,
"",,Koliya,016121203,,,,19,13,32,,,
"",,Karang,016121204,,,,22,12,34,,,
"",,Safia bar,016121205,,,,86,91,177,,,
"",,Adda,016121206,,,,32,13,45,,,
"",,Kafri,016121211,,,,10,10,20,,,
"",,Nakka Azad Khail,016121302,,,,25,17,42,,,
"",,Akhorey Madakhail,016121305,,,,17,17,34,,,
"",,Tangi,016121504,,,,19,15,34,,,
"",,Oghaz Banda,016121505,,,,11,19,30,,,
"",,,,,,,548,500,1048,,,
40,"Govt: High School Jabba MadaKhail",Nakka,016120701,,,,28,27,55,1,1,2
Jabri,016120705,,,,12,10,22,,,,,
Sadique Banda,016120804,,,,5,4,9,,,,,
Bandi,016121004,,,,65,44,109,,,,,
Garang,016121005,,,,29,35,64,,,,,
Hawari Jan Abad,016121006,,,,21,23,44,,,,,
Jabba,016121104,,,,82,67,149,,,,,
Bailgai,016121107,,,,0,0,0,,,,,
Bari,016121108,,,,79,64,143,,,,,
Nakka Noor Mehmood Abad,016121208,,,,11,12,23,,,,,
"",,Hoola,016121301,,,,39,31,70,,,
"",,Nalla Madakhel,016121304,,,,28,19,47,,,
"",,Dheri,016121502,,,,9,2,11,,,
"",,Tao,016121503,,,,62,49,111,,,
"",,Bailgai,016121604,,,,38,32,70,,,
"",,Garban(Gareen),016121605,,,,29,9,38,,,
"",,Bankot,016121606,,,,27,23,50,,,
"",,Joze,016120702,,,,11,1,12,,,
"",,Chareero,016121105,,,,3,2,5,,,
"",,Kareen Mirdad Abad,016121207,,,,9,7,16,,,
"",,Kait,016121602,,,,14,15,29,,,
"",,,,,,,601,476,1077,,,
41,"Govt: Primary School NaseerAbad",Paitoo,016120703,,,,30,25,55,1,1,2
"",,Jaloo Banda,016120704,,,,9,2,11,,,
"",,Jishar,016120706,,,,31,32,63,,,
"",,Harni,016120707,,,,3,4,7,,,
"",,Harneo,016120801,,,,5,0,5,,,
"",,Ganoo,016120802,,,,16,13,29,,,
"",,Mohrahoo,016120803,,,,7,6,13,,,
"",,Khayon,016120805,,,,20,18,38,,,
"",,Gaider Bala,016120806,,,,26,39,65,,,
"",,Barood,016120905,,,,27,12,39,,,
"",,Jalloo Abad,016120906,,,,20,6,26,,,
"",,Choora,016121003,,,,1,2,3,,,
"",,Cheera,016121106,,,,2,1,3,,,
"",,Jagla banda,016121209,,,,10,4,14,,,
"",,Nairi Khas,016121210,,,,24,20,44,,,
"",,Sar Kandow,016121212,,,,9,5,14,,,
"",,Gaider Namdar kheil,016121401,,,,58,37,95,,,
"",,Darveeza,016121402,,,,9,14,23,,,
"",,Baleeja,016121406,,,,3,0,3,,,
"",,Donga Namdar Khail,016121501,,,,26,10,36,,,
"",,Kota Qallah,016120904,,,,15,20,35,,,
"",,Dahar,016121001,,,,66,36,102,,,
"",,Sonchal,016120408,,,,103,89,192,,,
"",,,,,,,520,395,915,,,
42,BHU Mareen P/S No. 1,Galgo,016120101,,,,110,117,227,2,1,3
"",,Bar Jamra,016120102,,,,126,106,232,,,
"",,Bansereen,016120104,,,,74,77,151,,,
"",,Kuz Jamra,016120105,,,,54,46,100,,,
"",,Mehreen Kot,016120106,,,,182,168,350,,,
"",,Mehreen Kot,016120107,,,,56,18,74,,,
"",,,,,,,602,532,1134,,,
43,BHU Mareen P/S No. 2,Khawar Mareen,016120304,,,,128,92,220,2,1,3
"",,Bar Nabi Kot,016120501,,,,4,6,10,,,
"",,Chapra,016120502,,,,11,9,20,,,
"",,Kot,016121101,,,,100,73,173,,,
"",,,,,,,243,180,423,,,
44,Govt: Middle School Mareen,Nazroo,016120203,,,,18,16,34,1,1,2
Kuza Banda,016120301,,,,8,2,10,,,,,
Jaba,016120302,,,,16,17,33,,,,,
"",,Kanjat,016120303,,,,12,40,52,,,
"",,Shadi Kot,016120305,,,,123,85,208,,,
"",,Shah Murad,016120306,,,,11,2,13,,,
"",,Aunran,016120307,,,,32,31,63,,,
"",,,,,,,220,193,413,,,
45,"Govt: Primary School BinkotBari",Mir Batt,016120103,,,,109,122,231,1,1,2
"",,Bankot,016120401,,,,37,24,61,,,
"",,Dewar Khasri,016120402,,,,26,16,42,,,
"",,Kohi Khasri,016120403,,,,63,71,134,,,
"",,Naral,016120404,,,,0,0,0,,,
"",,Khassri,016120405,,,,50,39,89,,,
"",,Kuz Darat,016120406,,,,17,11,28,,,
"",,Kanai Kana(Kai Kana),016120407,,,,48,41,89,,,
"",,Bar Darrat,016120503,,,,35,34,69,,,
"",,,,,,,586,458,1044,,,
46,Govt: Middle School Jan Bela,Chor Kandow,016120504,,,,5,4,9,1,1,2
"",,Joni Khail,016120601,,,,27,17,44,,,
"",,Loto Bela,016120602,,,,3,2,5,,,
"",,Jishar Bela,016120603,,,,60,42,102,,,
"",,Hamas Abad,016120604,,,,0,0,0,,,
"",,Gaider Bela,016120605,,,,19,14,33,,,
"",,Kachore Bela,016121002,,,,28,6,34,,,
"",,Piyazo Sar,016121213,,,,8,3,11,,,
"",,Bela Azad Khail,016121303,,,,98,46,144,,,
"",,Danran,016121403,,,,12,12,24,,,
"",,Parr,016121404,,,,26,15,41,,,
"",,Kachore,016121405,,,,16,7,23,,,
"",,Gaider,016121601,,,,18,2,20,,,
"",,,,,,,320,170,490,,,
47,"Govt: Primary School No. 2Shamal Guli",Shamall Gali,016120201,,,,243,161,404,1,1,2
"",,Shamalgali,016120202,,,,51,54,105,,,
"",,Shanji,016120204,,,,9,8,17,,,
"",,Kandow,016120205,,,,44,18,62,,,
"",,Yardad,016121506,,,,12,27,39,,,
"",,,,,,,359,268,627,,,
48,"Govt: Higher Secondary SchoolBattaira",Haji Abad,016130101,,,,236,180,416,1,1,2
"",,Cham,016130102,,,,71,91,162,,,
"",,Bataira Pain,016130103,,,,136,134,270,,,
"",,Rani  Kot,016130105,,,,21,17,38,,,
"",,,,,,,464,422,886,,,
49,"Govt: Primary School BerMasham",Kuz Masham,016130201,,,,61,57,118,2,1,3
Kuz Sair,016130202,,,,11,6,17,,,,,
Ber Sair,016130203,,,,12,9,21,,,,,
Dasham Sair,016130204,,,,30,17,47,,,,,
Ber Masham,016130205,,,,145,100,245,,,,,
Balalay,016130206,,,,7,2,9,,,,,
Maidan,016130301,,,,48,14,62,,,,,
Kapri,016130302,,,,19,3,22,,,,,
Walo Pattay,016130303,,,,12,11,23,,,,,
Sadeen,016130304,,,,17,13,30,,,,,
Manda Ser,016130305,,,,28,19,47,,,,,
"",,,,,,,,,,,,
"",,Kapri,016130306,,,,11,6,17,,,
"",,Chan Ser,016130307,,,,6,3,9,,,
"",,Darad,016130401,,,,23,26,49,,,
"",,Kamat,016130402,,,,50,51,101,,,
"",,Gabhri,016130403,,,,41,13,54,,,
"",,Kareen,016130404,,,,28,14,42,,,
"",,Masoori,016130405,,,,19,9,28,,,
"",,Khatra,016130406,,,,45,24,69,,,
"",,Jamra,016130407,,,,12,5,17,,,
"",,,,,,,625,402,1027,,,
50,GPS Bataira Bala,Zari Qillah,016130104,,,,16,11,27,1,1,2
"",,Kufri Sadaq Abad,016130601,,,,133,104,237,,,
"",,Kuch Banar,016130701,,,,41,18,59,,,
"",,Loreen,016130801,,,,47,38,85,,,
"",,Ber Loreen,016130802,,,,107,71,178,,,
"",,Kalali,016130803,,,,30,33,63,,,
"",,Kar Zari,016130804,,,,59,49,108,,,
"",,Bataira Bala Shamali,016130805,,,,144,136,280,,,
"",,Bandi,016130806,,,,155,80,235,,,
"",,Kunshair,016130807,,,,23,21,44,,,
"",,,,,,,755,561,1316,,,
51,Govt:  Primary School Kufri,Zeer,016130501,,,,115,75,190,1,1,2
Mamen,016130502,,,,42,31,73,,,,,
Konra,016130503,,,,8,4,12,,,,,
Berchoo,016130504,,,,23,20,43,,,,,
Dongla,016130505,,,,7,7,14,,,,,
Dilkandow Sadaq Abad,016130602,,,,45,38,83,,,,,
Onra/Ona,016130603,,,,24,22,46,,,,,
Baz Bateel,016130604,,,,27,22,49,,,,,
Akori,016130605,,,,0,0,0,,,,,
Sonya,016130606,,,,7,5,12,,,,,
Madaway,016130607,,,,9,6,15,,,,,
Chandari,016130702,,,,58,47,105,,,,,
Mareyun,016130703,,,,9,12,21,,,,,
Sajri,016130704,,,,10,4,14,,,,,
Kontar Baz,016130705,,,,15,15,30,,,,,
"",,,,,399,308,707,,,,,
