1,"Govt High School Pahar KhelThal(M) W/S",Pahar Khel Thal,54011301,,,,748,,748,3,0,3
"",,Pahar Khel Thal,54011302,,,,319,,319,,,
2,"Govt High School Pahar KhelThal(F)E/S",Pahar Khel Thal,54011301,,,,,543,543,0,2,2
"",,Pahar Khel Thal,54011302,,,,,247,247,,,
3,"Govt Girls Middle School PAHARKhel THALL©",Pahar Khel Thal,54011303,,,,363,125,488,2,1,3
"",,Pahar Khel Thal,54011304,,,,411,316,727,,,
4,"Govt Primary School No.1 PaharKhel Thal©",Pahar Khel Thal,54011305,,,,742,611,1353,2,2,4
5,"Govt Girls Primary School PAHARKhel THAL(M)No.1",Pahar Khel Thal,54011306,,,,862,,862,3,0,3
6,"Govt Girls Primary School PAHARKhel THAL(F)No.2",Pahar Khel Thal,54011306,,,,,642,642,0,2,2
7,"Govt High School Mela MandraKhel(M) N/S",Mandra Khel,54021401,,,,927,,927,3,0,3
8,"Govt High School Mela MandraKhel(M)W/S",Mandra Khel,54021402,,,,618,,618,3,0,3
"",,Mandra Khel,54021404,,,,465,,465,,,
9,"Govt High School Mela MandraKhel(M)E/S",Mandra Khel,54021403,,,,679,0,679,3,0,3
10,"Govt Girls Primary School No.1Mela Mandra Khel (F)",Mandra Khel,54021401,,,,,731,731,0,2,2
11,"Govt Primary School MELAMANDRAH Khel NO.1(F)",Mandra Khel,54021402,,,,,344,344,0,3,3
"",,Mandra Khel,54021403,,,,,791,791,,,
"",,Mandra Khel,54021404,,,,,362,362,,,
12,"Govt High SchoolS Abba KhelE/side (M)",Abba Khel,54021501,,,,442,,442,4,0,4
"",,Abba Khel,54021502,,,,502,,502,,,
"",,Abba Khel,54021509,,,,600,,600,,,
13,"Govt High SchoolS Abba KhelW/s (F)",Abba Khel,54021501,,,,,371,371,0,3,3
"",,Abba Khel,54021502,,,,,458,458,,,
"",,Abba Khel,54021509,,,,,449,449,,,
14,"Govt High School Abba Khel W/s(M)",Abba Khel,54021503,,,,123,,123,3,0,3
"",,Abba Khel,54021510,,,,845,,845,,,
15,"Govt High School Abba KhelE/s(F)",Abba Khel,54021503,,,,,119,119,0,2,2
"",,Abba Khel,54021510,,,,,649,649,,,
16,"Govt Primary School ABBA KhelNO.1(M) W/side",Abba Khel,54021507,,,,907,,907,4,0,4
"",,Abba Khel,54021514,,,,203,,203,,,
17,"Govt Primary School ABBA KhelNO.1(F) E/side",Abba Khel,54021507,,,,,814,814,0,3,3
"",,Abba Khel,54021514,,,,,172,172,,,
18,"Govt Primary School FaridNawazl Abba Khel ©",Abba Khel,54021504,,,,329,282,611,2,2,4
"",,Abba Khel,54021511,,,,385,319,704,,,
19,"Govt Primary School ABBA KhelNO.2 ©",Abba Khel,54021508,,,,548,446,994,2,2,4
20,"Govt Girls High School Abba Khel(F)",Abba Khel,54021505,,,,,330,330,0,3,3
"",,Abba Khel,54021513,,,,,379,379,,,
21,"Govt Primary School SHER ALIABBA Khel (F)",Abba Khel,54021506,,,,,262,262,0,3,3
"",,Abba Khel,54021512,,,,,832,832,,,
22,"Govt Primary School MIRZA ALISHAH ABBA Khel (M)",Abba Khel,54021505,,,,339,,339,3,0,3
"",,Abba Khel,54021513,,,,593,,593,,,
23,"Govt Primary School TAL KHANABBA Khel (M)",Abba Khel,54021506,,,,296,,296,3,0,3
"",,Abba Khel,54021512,,,,872,,872,,,
24,"Govt Primary School kata Khel(C)",Ahmad Khel,54020701,,,,698,665,1363,2,2,4
25,"Govt Primary School ShaikhKhula (C)",Ahmad Khel,54020702,,,,612,447,1059,2,2,4
26,"Govt High School Ahmad Khel(M)S/s",Ahmad Khel,54020703,,,,949,,949,3,0,3
27,"Govt High School Ahmad Khel(M)N/s",Ahmad Khel,54020704,,,,1003,,1003,3,0,3
28,"Govt Girls Primary SchoolAhmad Khel (F)",Ahmad Khel,54020703,,,,,889,889,0,3,3
29,BHU Ahmad Khel(F),Ahmad Khel,54020704,,,,,734,734,0,3,3
30,"Govt Middle School WandaKutana (M)",Maidan wah,54020601,,,,875,,875,3,0,3
31,"Govt Girls Primary SchoolWanda Kutana(F)",Maidan wah,54020601,,,,,715,715,0,3,3
32,"Govt Primary School ZarkhanSurband (M)",Maidan wah,54020602,,,,628,,628,4,0,4
"",,Maidan wah,54020603,,,,799,,799,,,
33,"Govt Girls Primary School No.2Surband (F)",Maidan wah,54020602,,,,,502,502,0,3,3
"",,Maidan wah,54020603,,,,,740,740,,,
34,"Govt Primary School Shah HasanKhel No.1 (M)",Shah Hasan Khel,54020604,,,,454,,454,3,0,3
"",,Shah Hasan Khel,54020605,,,,475,,475,,,
35,"Govt Primary School SHAHHASSAN Khel NO.2 (F)",Shah Hasan Khel,54020604,,,,,514,514,0,3,3
"",,Shah Hasan Khel,54020605,,,,,374,374,,,
36,"Govt High School Begu Khel (M)W/s",Begu Khel Tarf Mer dad Khel,54021101,,,,1022,,1022,3,0,3
37,"Govt High School Begu Khel (M)E/s",Begu Khel Tarf Mer dad Khel,54021102,,,,947,,947,3,0,3
38,"Govt Girls High School BeguKhel(F)",Begu Khel Tarf Mer dad Khel,54021101,,,,,898,898,0,3,3
39,"Govt Primary School BEGU KhelNO.1 (F)",Begu Khel Tarf Mer dad Khel,54021102,,,,,796,796,0,3,3
40,"Govt Primary School WandaJandar ©",Dabak Mankra Khel,54010301,,,,275,143,418,1,1,2
41,"Govt High School Dabak MandraKhel (M)",Dabak Mankra Khel,54010304,,,,335,,335,4,0,4
Dabak Mankra Khel,54010302,,,,321,,321,,,,,
Dabak Mandra Khel,54010303,,,,837,,837,,,,,
42,"Govt Primary School DABAKMANDRA Khel NO.1 (F)",Dabak Mankra Khel,54010304,,,,,256,256,0,3,3
"",,Dabak Mandra Khel,54010302,,,,,243,243,,,
"",,Dabak Mandra Khel,54010303,,,,,688,688,,,
43,"Govt Primary School AchuKhel(M)",Begu Khel Tarf Achu Khel,54021201,,,,510,,510,3,0,3
"",,Begu Khel Tarf Achu Khel,54021206,,,,291,,291,,,
44,"Govt Girls Primary School AchuKhel(F)",Begu Khel Tarf Achu Khel,54021201,,,,,498,498,0,2,2
"",,Begu Khel Tarf Achu Khel,54021206,,,,,210,210,,,
45,"Govt Primary School WandaAmir(M)",Begu Khel Tarf Achu Khel,54021202,,,,672,,672,4,0,4
"",,Begu Khel Tarf Achu Khel,54021203,,,,577,,577,,,
46,GGCMS Wanda Amir (F),Begu Khel Tarf Achu Khel,54021202,,,,,659,659,0,3,3
"",,Begu Khel Tarf Achu Khel,54021203,,,,,445,445,,,
47,"Govt Primary School WandaRehmana (M)",Wanda Fateh khan,54021204,,,,219,,219,3,0,3
"",,Alam Shah Khel,54021205,,,,666,,666,,,
48,"Govt Girls Primary SchoolWanda Rehmana (F)",Wanda Fateh khan,54021204,,,,,173,173,0,2,2
"",,Alam Shah Khel,54021205,,,,,492,492,,,
49,"Govt Middle School KundalChauni (M)",Chowki Jand Janubi,54010401,,,,384,,384,3,0,3
"",,Chowki Jand Janubi,54010402,,,,283,,283,,,
"",,Chowki Jand Janubi,54010408,,,,297,,297,,,
50,"Govt Girls Middle School ChowkiJand (F)",Chowki Jand Janubi,54010401,,,,,271,271,0,3,3
"",,Chowki Jand Janubi,54010402,,,,,146,146,,,
"",,Chowki Jand Janubi,54010408,,,,,335,335,,,
51,"Govt High School Land AhmadKhel ©",Chowki Jand Janubi,54010403,,,,742,531,1273,2,2,4
52,"Govt Primary School No.1 LandAhmad Khel (M)",Chowki Jand Janubi,54010404,,,,345,,345,4,0,4
"",,Chowki Jand Janubi,54010405,,,,367,,367,,,
"",,Chowki Jand Janubi,54010409,,,,336,,336,,,
53,"Govt Primary School No.2 LandAhmad Khel (F)",Chowki Jand Janubi,54010404,,,,,306,306,0,2,2
"",,Chowki Jand Janubi,54010405,,,,,155,155,,,
"",,Chowki Jand Janubi,54010409,,,,,250,250,,,
54,"Govt Primary School JabarKhel©",Jabar Khel,54010406,,,,444,344,788,2,2,4
"",,Salar Khel,54010407,,,,169,100,269,,,
55,"Govt Primary School WandaNezami ©",Mahal Panyala,54010501,,,,429,362,791,2,2,4
Mahal Panyala,54010502,,,,259,201,460,,,,,
56,"Govt High School Wanda BaruE/side (M)",Mahal Panyala,54010503,,,,445,,445,3,0,3
"",,Mahal Panyala,54010504,,,,461,,461,,,
57,"Govt High School Wanda BaruW/side (F)",Mahal Panyala,54010503,,,,,333,333,0,2,2
"",,Mahal Panyala,54010504,,,,,394,394,,,
58,"Govt Middle School WandaMiralam ©",Mahal Panyala,54010505,,,,545,403,948,2,1,3
59,"Govt Primary School Dara Tang©",Chowki Jand Janubi AchuKhel,54010506,,,,314,261,575,2,1,3
"",,Chowki Jand Janubi AchuKhel,54010507,,,,204,120,324,,,
60,"Govt Degree College Issak Khel(M)",Issak Khel,54020901,,,,512,,512,4,0,4
"",,Issak Khel,54020902,,,,423,,423,,,
"",,Issak Khel,54020903,,,,493,,493,,,
61,Govt High School Issak Khel (F),Issak Khel,54020901,,,,,453,453,0,3,3
"",,Issak Khel,54020902,,,,,333,333,,,
"",,Issak Khel,54020903,,,,,405,405,,,
62,"Govt Primary School DAULATKhel NO.1(M)",Daulat Khel,54020801,,,,544,,544,4,0,4
"",,Daulat Khel,54020802,,,,209,,209,,,
"",,Daulat Khel,54020803,,,,314,,314,,,
"",,Daulat Khel,54020804,,,,233,,233,,,
63,"Govt Girls Middle School DaulatKhel (F)",Daulat Khel,54020801,,,,,435,435,0,3,3
"",,Daulat Khel,54020802,,,,,161,161,,,
"",,Daulat Khel,54020803,,,,,247,247,,,
"",,Daulat Khel,54020804,,,,,153,153,,,
64,"Govt Primary School Masti Khel©",Masti Khel,54020805,,,,461,349,810,2,2,4
"",,Masti Khel,54020806,,,,276,241,517,,,
65,"Govt Primary School langer KhelHidal ©",Langer Khel Hindal,54010201,,,,631,501,1132,2,2,4
66,"Govt High School Mela ShahabKhel (M)",Shahab Khel,54010202,,,,818,,818,3,0,3
67,"Govt Primary School MelaShahab Khel (F)",Shahab Khel,54010202,,,,,743,743,0,2,2
68,Govt Primary School Kalan (M),Dalo Khel,54010101,,,,783,0,783,4,0,4
Dalo Khel,54010105,,,,359,,359,,,,,
69,"Govt Girls Primary School Kalan(F)",Dalo Khel,54010101,,,,,707,707,0,3,3
"",,Dalo Khel,54010105,,,,,359,359,,,
70,"Govt Primary School WandaSaeed Khel ©",Ihsanpur,54011101,,,,381,274,655,2,2,4
"",,Ihsanpur,54011102,,,,276,239,515,,,
71,"Govt Primary School Dalo Khel(M)",Dalo Khel,54010104,,,,1350,,1350,4,0,4
72,"Govt Primary School Sher ZamanDalo Khel (F)",Dalo Khel,54010104,,,,,1167,1167,0,3,3
73,"Govt High School Dalo Khel (M)W/s",Dalo Khel,54010102,,,,1000,,1000,4,0,4
74,"Govt High School Dalo Khel (M)E/s",Dalo Khel,54010103,,,,830,,830,3,0,3
75,"Govt Girls High School DaloKhel(F)",Dalo Khel,54010102,,,,,849,849,0,3,3
"",,Dalo Khel,54010103,,,,,645,645,,,
76,"Govt Girls Degree College Lakki(M) N/Side",,,Mina Khel,54060101,,725,,725,3,0,3
"",,,,Nazim Town,54060104,,55,,55,,,
77,"Govt Girls Degree College Lakki(M) S/Side",,,Sher khan Khel,54060102,,414,,414,4,0,4
"",,,,Eidga Mashriqi Hesa,54060103,,610,,610,,,
78,"Govt Girls Degree College Lakki(M) E/Side",,,Mina Khel,54060105,,723,,723,2,0,2
79,"Govt Centinial Model HighSchool No.1 Lakki Marwat(F)N/Side",,,Mina Khel,54060101,,,610,610,0,3,3
"",,,,Sher khan Khel,54060102,,,373,373,,,
"",,,,Nazim Town,54060104,,,53,53,,,
80,School No.1 Lakki Marwat(F),,,Eidga Mashriqi Hesa,54060103,,,577,577,0,3,3
"",,,,Mina Khel,54060105,,,574,574,,,
81,"Govt Post Graduate CollegeLakki©",,,Umer Abad Graban,54060201,,327,222,549,1,1,2
82,"Govt Primary School No.1Haqdad Abad Lakki Marwat(M)",,,Haqdad Abad,54060202,,645,551,1196,3,0,3
83,"Govt Primary School No.2Haqdad Abad (M)",,,Haqdad Abad,54060207,,464,,464,3,0,3
"",,,,Haqdad Abad,54060208,,631,,631,,,
84,"Govt Girls Primary SchoolHaqdad Abad Lakki Marwat(F)",,,Haqdad Abad,54060207,,0,379,379,0,3,3
"",,Haqdad Abad,54060208,,0,468,468,,,,,
85,"Town Committee LakkiMarwat©",,,Mina Khel,54060203,,324,299,623,2,2,4
"",,,,Mina Khel,54060209,,487,394,881,,,
86,"Govt Primary School Toti AbadNo.1(M)",,,Gulwali Abad,54060204,,723,,723,4,0,4
"",,,,Gulwali Abad,54060210,,781,,781,,,
87,"Govt Girls Primary School TotiAbad(F)",,,Gulwali Abad,54060204,,,659,659,0,3,3
"",,,,Gulwali Abad,54060210,,,511,511,,,
88,Govt High School No.2 Lakki (M),,,Bego Khel/Shero Khel,54060205,,935,,935,4,0,4
89,"Govt Primary School MINA KhelNO.1 (M)",,,"Shahidan/Bamozai/Baghban",54060206,,938,,938,4,0,4
90,"Govt Girls High School No.1Lakki(F)",,,Bego Khel/Shero Khel,54060205,,,865,865,0,3,3
91,"Govt Girls High School No.2Lakki(F)",,,"Shahidan/Bamozai/Baghban",54060206,,,817,817,0,3,3
92,"Govt Middle School KhoidadKhel(M)",,,Baghban,54060301,,746,0,746,4,0,4
"",,,,Mina Khel,54060302,,233,,233,,,
93,"Govt Girls Middle SchoolKhoidad Khel (F)",,,Baghban,54060301,,,623,623,0,2,2
"",,,,Mina Khel,54060302,,,211,211,,,
94,"Govt Primary School No.1khoidad Khel (M)",,,Khoidad Khel,54060303,,713,,713,3,0,3
95,"Govt Primary School No.2Khoidad Khel (M)",,,Khoidad Khel,54060304,,934,,934,3,0,3
96,"Govt Girls High School No.4Khoidad Khel (F)",,,Khoidad Khel,54060303,,,647,647,0,3,3
"",,,,Khoidad Khel,54060304,,,802,802,,,
97,"Govt Girls High School No.3Saeed Khel (M)",,,Saeed Khel,54060305,,424,,424,4,0,4
"",,,,Saeed Khel,54060306,,547,,547,,,
98,"Govt Girls Primary School SaeedKhel (F)",,,Saeed Khel,54060305,,,346,346,0,3,3
"",,,,Saeed Khel,54060306,,,412,412,,,
99,"Govt High School No.3 MichenKhel E/S (M)",,,Railway Station Janabad,54060401,,574,,574,4,0,4
"",,,,Saeed Khel/ Sarki Khel,54060402,,679,,679,,,
100,"Govt Primary School LAKKIMICHEN Khel (F)",,,Railway Station Janabad,54060401,,,439,439,0,3,3
"",,Saeed Khel/ Sarki Khel,54060402,,,589,589,,,,,
101,"Govt High School No.3 MichenKhel S/S (M)",,,Michen Khel,54060403,,530,,530,4,0,4
"",,,,Michen Khel /Saeed Khel,54060405,,643,,643,,,
102,"Govt Girls Primary SchoolRailway Junction (F)",,,Michen Khel,54060404,,,745,745,0,2,2
"",,,,Michen Khel,54060406,,,4,4,,,
103,"Govt Girls Middle School MichenKhel (M)",,,Michen Khel,54060404,,904,,904,3,0,3
"",,,,Michen Khel,54060406,,3,,3,,,
104,"Govt Girls Primary SchoolMichan Khel(F)",,,Michen Khel,54060403,,,466,466,0,3,3
"",,,,Michen Khel /Saeed Khel,54060405,,,520,520,,,
105,"Basic Health Unit Langer KhelHati Khan (C)",,,Langer Khel Hathi Khani,54021001,,636,530,1166,2,2,4
106,Govt Primary School Zer Jano ©,Zer Jano,54021002,,,,603,556,1159,2,2,4
107,"Govt Primary School Wanda MirHassan (M)",Landiwah,54010801,,,,658,,658,3,0,3
"",,Landiwah,54010802,,,,345,,345,,,
108,GPS Wanda Gulzari (F),Landiwah,54010801,,,,,495,495,0,2,2
"",,Landiwah,54010802,,,,,296,296,,,
109,"Govt Primary School No.1Landiwah ©",Landiwah,54010803,,,,155,131,286,1,1,2
110,"Govt Primary School No.2Landiwah(M)",Landiwah,54010804,,,,151,,151,4,0,4
"",,Landiwah,54010808,,,,413,,413,,,
"",,Landiwah,54010809,,,,637,,637,,,
"",,Landiwah,54010810,,,,40,,40,,,
111,"Govt Girls High School TERIKHAN LANDIWAH(F)",Landiwah,54010804,,,,,130,130,0,3,3
"",,Landiwah,54010808,,,,,331,331,,,
"",,Landiwah,54010809,,,,,500,500,,,
"",,Landiwah,54010810,,,,,28,28,,,
112,"Govt High SchoolS Landiwa(M)E/S",Landiwah,54010805,,,,680,,680,4,0,4
"",,Landiwah,54010806,,,,653,,653,,,
113,"Govt High SchoolS Landiwa(M)W/S",Landiwah,54010807,,,,940,,940,4,0,4
114,"Govt High SchoolS Landiwa(F)N/S",Landiwah,54010805,,,,,525,525,0,3,3
Landiwah,54010806,,,,,623,623,,,,,
116,"Govt High School MirazamMichin Khel(M)",Mir Azam Michin Khel,54011001,,,,966,,966,3,0,3
"",,Mir Azam Michin Khel,54011004,,,,76,,76,,,
"",,Wanda Atashi,54011003,,,,0,,0,,,
117,"Govt Primary School No.1Mirazam Michin Khel(C)",Painda Michin Khel,54011002,,,,594,482,1076,2,2,4
118,"Govt Primary School MIR AZAMMICHAN Khel NO.2 (F)",Mir Azam Michin Khel,54011001,,,,,758,758,0,3,3
"",,Mir Azam Michin Khel,54011004,,,,,40,40,,,
"",,Wanda Atashi,54011003,,,,,0,0,,,
119,"Govt Primary School No 1Shamooni Khattak(M)",Shamooni Khattak,54011201,,,,401,,401,4,0,4
"",,Shamooni Khattak,54011202,,,,763,,763,,,
"",,Shamooni Khattak,54011207,,,,377,,377,,,
120,"Govt High School ShamooniKhattak (F)",Shamooni Khattak,54011201,,,,,327,327,0,3,3
"",,Shamooni Khattak,54011202,,,,,682,682,,,
"",,Shamooni Khattak,54011207,,,,,207,207,,,
121,"Govt Primary School Maghara(M)",Maghara,54011203,,,,691,,691,3,0,3
"",,Kana Tota zai,54011204,,,,291,,291,,,
122,GMS Wanda Michen Khel (F),Maghara,54011203,,,,,471,471,0,2,2
"",,Kana Tota zai,54011204,,,,,219,219,,,
123,"Govt Middle School Mash Mastikhani (M)",Wanda Mash,54011205,,,,1031,,1031,3,0,3
124,"Govt Girls Middle School MashHabibullah (F)",Wanda Mash,54011205,,,,,877,877,0,2,2
125,"Govt Primary School Wanda ZaidGul (C )",Gangu Nariwah,54011206,,,,648,475,1123,2,2,4
126,"Govt Primary School No.1Wanda Shahab Khel(M)",Mahal Mash kana,54010901,,,,547,,547,3,0,3
"",,Mahal Mash kana,54010902,,,,435,,435,,,
127,"Govt High School Wanda ShahabKhel(F)",Mahal Mash kana,54010901,,,,,395,395,0,3,3
"",,Mahal Mash kana,54010902,,,,,422,422,,,
128,"Govt Girls Primary SchoolWanda Langer Khel ©",Mahal Mash kana,54010903,,,,675,502,1177,2,2,4
129,"Govt Primary School WANDASHAHAB Khel NO.1 (M)",Mahal Mash kana,54010904,,,,809,,809,3,0,3
130,"Govt Primary School WANDASHAHAB Khel NO.2(F)",Mahal Mash kana,54010904,,,,,653,653,0,2,2
Kechi Kamar,54010905,,,,654,,654,,,,,
"",,Kechi Kamar,54010906,,,,525,,525,,,
132,"Govt Girls Primary School KECHIKAMAR(F)",Kechi Kamar,54010905,,,,,313,313,0,3,3
"",,Kechi Kamar,54010906,,,,,632,632,,,
133,Govt High School Abasa(M),Abasa,54010701,,,,635,,635,4,0,4
"",,Abasa,54010706,,,,432,,432,,,
134,"Govt Girls Primary School No.2Abbasa ©",Abasa,54010702,,,,305,236,541,2,2,4
"",,Abasa,54010707,,,,151,148,299,,,
135,"Govt Girls Primary School AbasaNo.1 (F)",Abasa,54010701,,,,,535,535,0,2,2
"",,Abasa,54010706,,,,,343,343,,,
136,"Govt Primary School WandaGulapa©",Tala Chowki Jand,54010703,,,,453,347,800,2,1,3
137,Govt High School Samandi(M),Samandi,54010704,,,,368,,368,3,0,3
"",,Samandi,54010708,,,,323,,323,,,
"",,Samandi,54010709,,,,169,,169,,,
138,"Govt Girls Primary SchoolWANDA SAMANDI (F)",Samandi,54010704,,,,,244,244,0,2,2
"",,Samandi,54010708,,,,,310,310,,,
"",,Samandi,54010709,,,,,263,263,,,
139,"Govt Girls Primary SchoolWanda Gulapa ©",Gulapa,54010705,,,,713,569,1282,2,2,4
140,"Govt Primary School WANDAFATEH KHAN (SHIMALI) (C)",Chowki Jand Shimali,54010601,,,,271,213,484,2,2,4
"",,Chowki Jand Shimali,54010604,,,,283,221,504,,,
141,"Govt Primary School Qabol Khel(C)",Chowki Jand Shimali,54010602,,,,814,642,1456,2,2,4
142,"Govt Primary School WANDAFATEH KHAN (SHIMALI) (C)",Chowki Jand Shimali,54010603,,,,464,389,853,2,1,3
143,"Govt Primary School No.1 NawarKhel (M)",Nawar Khel,54021301,,,,572,,572,3,0,3
"",,Nawar Khel,54021302,,,,311,,311,,,
144,"Govt High School Nawar Khel(M)",Nawar Khel,54021303,,,,725,,725,4,0,4
"",,Nawar Khel,54021304,,,,577,,577,,,
145,"Govt Girls Primary School NawarKhel (F)",Nawar Khel,54021301,,,,,505,505,0,3,3
"",,Nawar Khel,54021302,,,,,258,258,,,
146,"Govt Primary School Nawar KhelNo.3(F)",Nawar Khel,54021303,,,,,609,609,0,3,3
Nawar Khel,54021304,,,,,435,435,,,,,
1,"Govt High School BachkanAhmad zai(M) S/s",Bachkan Ahmad zai,54040801,,,,740,0,740,3,0,3
"",,Bachkan Ahmad zai,54040802,,,,349,,349,,,
2,"Govt High School BachkanAhmad zai (F) N/s",Bachkan Ahmad zai,54040801,,,,,461,461,0,2,2
"",,Bachkan Ahmad zai,54040802,,,,,275,275,,,
3,BHU Bachkan Ahmad zai ©,Bachkan Ahmad zai,54040803,,,,1057,770,1827,3,1,4
4,"Govt Primary School ManzerFaqeer Bachken Ahmadzai©",Manzer Faqir,54040805,,,,185,126,311,1,1,2
"",,Manzer Faqir,54040806,,,,148,92,240,,,
5,"Govt Primary School Hakeemkhan Ahmad zai(M)",Bachkan Ahmad zai,54040804,,,,968,,968,3,0,3
6,"Govt Girls Primary SchoolShagai Branch (Hakeem khan)Ahmad zai(F)",Bachkan Ahmad zai,54040804,,,,,619,619,0,3,3
7,"Govt Primary School BakhmalAhmad Zai(M)",Bakhmal Ahmad Zai,54040701,,,,682,,682,3,0,3
"",,Bakhmal Ahmad Zai,54040703,,,,403,,403,,,
8,"Govt Girls Primary SchoolBakhmal Ahmad zai(F)",Bakhmal Ahmad Zai,54040701,,,,,589,589,0,3,3
"",,Bakhmal Ahmad Zai,54040703,,,,0,315,315,,,
9,"Govt Middle School BakhmalAhmad Zai (M)",Bakhmal Ahmad Zai,54040702,,,,625,,625,3,0,3
Bakhmal Ahmad Zai,54040706,,,,392,,392,,,,,
10,"Govt Primary School Khan KalaBakhmal Ahmad zai (F)",Bakhmal Ahmad Zai,54040702,,,,,491,491,0,2,2
"",,Bakhmal Ahmad Zai,54040706,,,,,290,290,,,
11,BHU Khan Khel Manda Zai(M),Khan Khel Mando Zai,54040704,,,,1090,,1090,3,0,3
12,"Govt High School Khan KhelManda Zai (M)",Khan Khel Mando Zai,54040705,,,,369,,369,3,0,3
"",,Khan Khel Mando Zai,54040707,,,,356,,356,,,
"",,Khan Khel Mando Zai,54040708,,,,285,,285,,,
13,"Govt Primary School Khan KhelMando zai (F)",Khan Khel Mando Zai,54040704,,,,,613,613,0,3,3
"",,Khan Khel Mando Zai,54040705,,,,,237,237,,,
"",,Khan Khel Mando Zai,54040707,,,,,239,239,,,
"",,Khan Khel Mando Zai,54040708,,,,,125,125,,,
14,"Govt Middle School LandiMirsalam ©",Daraka,54040101,,,,850,655,1505,2,2,4
15,"Govt Primary School Kotka AbuKhan ©",Daraka,54040102,,,,490,336,826,2,1,3
16,"Govt High School Daraka AzizKhan (M)",Daraka,54040103,,,,755,,755,4,0,4
"",,Daraka,54040110,,,,508,,508,,,
17,"Govt Primary School DarakaAziz khan (F)",Daraka,54040103,,,,,568,568,0,2,2
"",,Daraka,54040110,,,,,427,427,,,
18,"Govt Middle School Tajbi Khel©",Bhettani Pai Kasht,54040104,,,,367,247,614,2,2,4
"",,Bhettani Pai Kasht,54040105,,,,371,336,707,,,
19,"Govt Primary School Azad Khel(M)",Bhettani Pai Kasht,54040106,,,,246,,246,1,0,1
"",,Bhettani Pai Kasht,54040107,,,,168,,168,,,
20,"Govt Girls Primary SchoolAzalmeer Betani (F)",Bhettani Pai Kasht,54040106,,,,,203,203,0,1,1
"",,Bhettani Pai Kasht,54040107,,,,,131,131,,,
21,"Govt High School SargaraMuhammad Khan©",Bhettani Pai Kasht,54040108,,,,105,115,220,1,1,2
"",,Bhettani Pai Kasht,54040109,,,,285,218,503,,,
22,"Govt High SchoolS Abdul Khel(M)",Abdul Khel,54020501,,,,449,,449,4,0,4
"",,Abdul Khel,54020504,,,,458,,458,,,
"",,Abdul Khel,54020502,,,,601,,601,,,
23,"Govt Primary School No.1Abdul Khel (F)",Abdul Khel,54020501,,,,,448,448,0,3,3
"",,Abdul Khel,54020504,,,,,368,368,,,
"",,Abdul Khel,54020502,,,,,505,505,,,
24,"Govt Primary School AlawalKhel ©",Alawal Khel,54020503,,,,422,350,772,1,1,2
25,"Govt High School Jhang KhelE/side (M)",Jhang Khel,54020401,,,,921,,921,4,0,4
"",,Jhang Khel,54020402,,,,0,,0,,,
"",,Jhang Khel,54020403,,,,452,,452,,,
26,"Govt High School Jhang KhelW/side (F)",Jhang Khel,54020401,,,,,825,825,0,3,3
"",,Jhang Khel,54020402,,,,,0,0,,,
"",,Jhang Khel,54020403,,,,,365,365,,,
27,"Govt Primary School SamadarTiter Khel(M)",Sherbi Khel,54020404,,,,242,,242,3,0,3
"",,Samander Tater Khel,54020405,,,,673,,673,,,
28,"Govt Middle School SamanderTiter Khel (F)",Sherbi Khel,54020404,,,,,175,175,0,2,2
"",,Samander Tater Khel,54020405,,,,,586,586,,,
29,"Govt High School Chuhar Khel©",Chuhar Khel,54020201,,,,396,346,742,2,2,4
"",,Bahoo Khel,54020205,,,,165,119,284,,,
30,"Govt Primary School CHUHARKhel NO.2 (M)",Chuhar Khel,54020202,,,,480,,480,4,0,4
"",,Chuhar Khel,54020203,,,,413,,413,,,
"",,Chuhar Khel,54020204,,,,515,,515,,,
"",,Chuhar Khel,54020206,,,,308,,308,,,
31,"Govt Primary School No.1Chuhar Khel (F)",Chuhar Khel,54020202,,,,,462,462,0,3,3
"",,Chuhar Khel,54020203,,,,,320,320,,,
"",,Chuhar Khel,54020204,,,,,314,314,,,
"",,Chuhar Khel,54020206,,,,,368,368,,,
32,BHU Adam zai (M),Adam Zai,54040201,,,,752,,752,3,0,3
"",,Adam Zai,54040206,,,,249,,249,,,
33,"Govt Middle School Adam zai(M)",Adam Zai,54040203,,,,1028,,1028,3,0,3
34,"Govt Girls Primary SchoolQureshi Adam Zai (F)",Adam Zai,54040201,,,,,548,548,0,3,3
"",,Adam Zai,54040203,,,,,778,778,,,
"",,Adam Zai,54040206,,,,,215,215,,,
35,"Govt High School Adam zaiE/Side (M)",Adam Zai,54040202,,,,1012,,1012,3,0,3
36,"Govt High School Adam zaiW/Side (M)",Adam Zai,54040204,,,,721,,721,3,0,3
37,"Govt Girls Primary SchoolMosam Khan Adam Zai (F)",Adam Zai,54040202,,,,,677,677,0,3,3
"",,Adam Zai,54040204,,,,,600,600,,,
38,"Govt Middle School KhwajaKhel ©",Khwaja Khel,54040205,,,,626,528,1154,2,2,4
39,"Govt High School Behram KhelE/side(M)",Behram Khel,54040401,,,,530,,530,3,0,3
"",,Behram Khel,54040409,,,,453,,453,,,
40,"Govt High School Behram KhelW/side(F)",Behram Khel,54040401,,,,,465,465,0,2,2
"",,Behram Khel,54040409,,,,,355,355,,,
41,"Govt Primary School No.1Behram Khel E/side (M)",Behram Khel,54040402,,,,565,,565,4,0,4
"",,Behram Khel,54040404,,,,675,,675,,,
42,"Govt Primary School No.1Behram Khel W/side(F)",Behram Khel,54040402,,,,,467,467,0,3,3
"",,Behram Khel,54040404,,,,,584,584,,,
43,"Govt Primary School Baqi JanBehram Khel(M)",Behram Khel,54040403,,,,836,,836,3,0,3
44,"Govt Primary School BEHRAMKhel NO.3 (F)",Behram Khel,54040403,,,,,763,763,0,2,2
45,"Govt Primary School No.1 TariKhel (M)",Tari Khel,54040405,,,,429,,429,4,0,4
"",,Tari Khel,54040406,,,,696,,696,,,
46,Govt High School Tari Khel (M),Tari Khel,54040407,,,,428,,428,3,0,3
"",,Tari Khel,54040408,,,,628,,628,,,
47,"Govt Primary School Tari KhelNO. 2 (F)",Tari Khel,54040407,,,,,354,354,0,2,2
"",,Tari Khel,54040408,,,,,443,443,,,
48,"Govt Girls Primary School TariKhel (F)",Tari Khel,54040405,,,,,308,308,0,2,2
"",,Tari Khel,54040406,,,,,573,573,,,
49,"C&W Rest House Dara Pezu(M)",Dara Pezu,54020101,,,,1195,,1195,4,0,4
50,"Govt Girls Middle School DaraPezu(F)",Dara Pezu,54020101,,,,,922,922,0,2,2
51,Govt High SchoolS Dara Pezu ©,Dara Pezu,54020102,,,,152,114,266,2,1,3
"",,Dara Pezu,54020110,,,,243,238,481,,,
52,"Govt Girls Primary SchoolDARA PEZU (M)",Dara Pezu,54020111,,,,1223,,1223,3,0,3
53,"Govt Primary School DARAPEZU NO.2 (M)",Dara Pezu,54020103,,,,55,,55,3,0,3
Dara Pezu,54020104,,,,436,,436,,,,,
54,BHU Dara Pezu(F),Dara Pezu,54020103,,,,,31,31,0,3,3
"",,Dara Pezu,54020104,,,,,347,347,,,
"",,Dara Pezu,54020111,,,,,887,887,,,
55,"Govt Middle School WandaJugi(F)",Dara Pezu,54020105,,,,,750,750,0,3,3
"",,Dara Pezu,54020106,,,,,435,435,,,
56,"Govt Primary School WandaJugi(M)",Dara Pezu,54020105,,,,1096,,1096,3,0,3
57,"Govt Girls Primary SchoolWanda Jugi (M)",Dara Pezu,54020106,,,,519,,519,3,0,3
58,Dak Bangla Dara Pezu ©,Dara Pezu,54020107,,,,462,340,802,2,1,3
59,"Govt Girls High SchoolSShahbaz Khel E/side (M)",Shahbaz Khel,54030901,,,,1005,,1005,3,0,3
60,"Govt Primary SchoolSHAHBAZ Khel (F)",Shahbaz Khel,54030901,,,,,838,838,0,2,2
61,"Govt Primary School No.1Shahbaz Khel(M)",Shahbaz Khel,54030902,,,,523,,523,3,0,3
"",,Shahbaz Khel,54030908,,,,339,,339,,,
62,"Govt Girls High SchoolSShahbaz Khel W/side (F)",Shahbaz Khel,54030902,,,,,439,439,0,2,2
"",,Shahbaz Khel,54030908,,,,,301,301,,,
63,"Govt High SchoolS ShahbazKhel (M)W/S",Shahbaz Khel,54030903,,,,804,,804,3,0,3
64,"Govt High SchoolS ShahbazKhel (F)E/S",Shahbaz Khel,54030903,,,,,697,697,0,2,2
65,BHU Shahbaz Khel(M),Shahbaz Khel,54030904,,,,266,,266,4,0,4
Shahbaz Khel,54030905,,,,235,,235,,,,,
Shahbaz Khel,54030909,,,,478,,478,,,,,
Shahbaz Khel,54030910,,,,172,,172,,,,,
66,"Govt Girls Primary SchoolShahbaz Khel(F)",Shahbaz Khel,54030904,,,,,115,115,0,3,3
"",,Shahbaz Khel,54030905,,,,,221,221,,,
"",,Shahbaz Khel,54030909,,,,,299,299,,,
"",,Shahbaz Khel,54030910,,,,,353,353,,,
67,"Govt Girls Primary School ZerMala Khel©",Zer Mala Khel,54030906,,,,406,297,703,2,1,3
68,"Govt High School Ghazni Khel(M)",Ghazni Khel,54030301,,,,494,,494,4,0,4
"",,Ghazni Khel,54030302,,,,491,,491,,,
"",,Ghazni Khel,54030305,,,,515,,515,,,
69,"Govt Primary School GHAZNIKhel NO.1(F)",Ghazni Khel,54030301,,,,,436,436,0,3,3
"",,Ghazni Khel,54030302,,,,,412,412,,,
"",,Ghazni Khel,54030305,,,,,397,397,,,
70,"Govt Degree College GhazniKhel (M)",Ghazni Khel,54030303,,,,312,,312,3,0,3
"",,Ghazni Khel,54030306,,,,516,,516,,,
71,"Govt Girls High School GhazniKhel (F)",Ghazni Khel,54030303,,,,,259,259,0,2,2
"",,Ghazni Khel,54030306,,,,,472,472,,,
72,GPS Kotka Ghulam Sarwar (F),Gulbaz Dahkan,54030304,,,,,519,519,0,3,3
"",,Gulbaz Dahkan,54030307,,,,,326,326,,,
73,"Govt Primary School GUL BAZDEHQAN (M)",Gulbaz Dahkan,54030304,,,,444,,444,3,0,3
"",,Gulbaz Dahkan,54030307,,,,549,,549,,,
74,Govt High School Jabu Khel (M),Jabu Khel,54030201,,,,704,,704,4,0,4
"",,Jabu Khel,54030205,,,,411,,411,,,
75,"Govt Primary School NO.1 JabuKhel (F)",Jabu Khel,54030201,,,,,651,651,0,3,3
"",,Jabu Khel,54030205,,,,,288,288,,,
76,"Govt Primary School KarimJABU Khel ©",Jabu Khel,54030202,,,,316,210,526,2,2,4
"",,Jabu Khel,54030206,,,,437,437,874,,,
77,"Govt Primary School Mir HazarKhanzad Khel ©",Mir Hazar Khanzad Khel,54030203,,,,625,484,1109,2,2,4
"",,Mir Hazar Khanzad Khel,54030207,,,,235,193,428,,,
78,"Govt Primary School No.2Gowraka Saed Khel ©",Gowraka Dalasa shah,54030204,,,,540,349,889,2,2,4
"",,Gowraka Dalasa shah,54030208,,,,244,201,445,,,
79,"Govt Primary School AgriKhanzad Khel ©",Agri Khanzad khel,54040501,,,,620,500,1120,2,2,4
80,GHSS Khero Khel Pacca (M),Khero Khel Pacca,54040503,,,,505,,505,4,0,4
Khero Khel Pacca,54040505,,,,767,0,767,,,,,
81,"Govt Primary School KHERUKhel PACCA NO.1(M)",Khero Khel Pacca,54040502,,,,826,,826,4,0,4
"",,Khero Khel Pacca,54040504,,,,383,,383,,,
82,"Govt Girls Primary SchoolNo.6(Qudratullah) Khero KhelPacca (F)",Khero Khel Pacca,54040504,,,,,268,268,0,3,3
"",,Khero Khel Pacca,54040505,,,,,639,639,,,
83,"Govt Primary School KHERUKhel PACCA NO.2 (F)(MahalaShaudar Khel)",Khero Khel Pacca,54040502,,,,,620,620,0,3,3
"",,Khero Khel Pacca,54040503,,,,,412,412,,,
84,"Govt High School Pahar KhelPacca(M)",Pahar Khel Pacca,54040601,,,,481,,481,4,0,4
"",,Pahar Khel Pacca,54040603,,,,737,,737,,,
85,"Govt Primary School Pahar KhelPacca (F)",Pahar Khel Pacca,54040601,,,,,431,431,0,3,3
"",,Pahar Khel Pacca,54040603,,,,,593,593,,,
86,"Govt Primary School No.1 SheriKhel (M)",Sheri Khel,54040602,,,,557,,557,3,0,3
"",,Sheri Khel,54040604,,,,461,,461,,,
87,"Govt Primary School SHERIKhel NO.2 (F)",Sheri Khel,54040602,,,,,471,471,0,2,2
"",,Sheri Khel,54040604,,,,,365,365,,,
88,"Govt Primary School LangerPacca (M)",Langer Khel Pacca,54030601,,,,261,,261,3,0,3
"",,Langer Khel Pacca,54030603,,,,322,,322,,,
"",,Langer Khel Pacca,54030602,,,,448,,448,,,
89,"Govt Middle School LangerKhel Pacca(F)",Langer Khel Pacca,54030601,,,,,253,253,0,3,3
"",,Langer Khel Pacca,54030603,,,,,200,200,,,
"",,Langer Khel Pacca,54030602,,,,,422,422,,,
90,"Govt Primary School Umer TiterKhel©",Umer Titer Khel,54030801,,,,729,559,1288,2,2,4
91,GHSS Masha Mansoor(M),Masha Mansoor,54030802,,,,754,,754,4,0,4
"",,Masha Mansoor,54030806,,,,505,,505,,,
92,"Govt Girls Primary SchoolMASHA MANSOOR NO.1(M)",Masha Mansoor,54030803,,,,482,,482,3,0,3
"",,Masha Mansoor,54030807,,,,314,,314,,,
"",,Masha Mansoor,54030808,,,,71,,71,,,
93,GGH School Masha Mansoor(F),Masha Mansoor,54030802,,,,,622,622,0,3,3
Masha Mansoor,54030806,,,,,372,372,,,,,
94,"Govt Girls Primary SchoolMASHA MANSOOR NO.2(F)",Masha Mansoor,54030803,,,,,357,357,0,2,2
"",,Masha Mansoor,54030807,,,,,252,252,,,
"",,Masha Mansoor,54030808,,,,,73,73,,,
95,"Govt Middle School HayatKhel(M)",hayat Khel,54030804,,,,646,,646,4,0,4
"",,hayat Khel,54030805,,,,401,,401,,,
"",,hayat Khel,54030809,,,,259,,259,,,
"",,Jaras Khaisor,54030907,,,,13,,13,,,
96,"Govt Primary School No.1 HayatKhel(F)",hayat Khel,54030804,,,,,513,513,0,3,3
"",,hayat Khel,54030805,,,,,423,423,,,
"",,hayat Khel,54030809,,,,,203,203,,,
"",,Jaras Khaisor,54030907,,,,,11,11,,,
97,"Govt Middle School BadniKhel(M)",Badni Khel,54020301,,,,504,,504,4,0,4
"",,Kar Badni Khel,54020302,,,,182,,182,,,
"",,Kuti Khel,54020303,,,,423,,423,,,
98,"Govt Primary School BADNIKhel(F)",Badni Khel,54020301,,,,,528,528,0,3,3
"",,Kar Badni Khel,54020302,,,,,172,172,,,
"",,Kuti Khel,54020303,,,,,392,392,,,
99,"Govt Primary School kotkaAngrez ©",Ratan zai,54040301,,,,461,380,841,1,1,2
100,"Govt Primary School No.4Tajori(M)",Tajori,54040302,,,,752,,752,4,0,4
"",,Tajori,54040307,,,,330,,330,,,
"",,Tajori,54040310,,,,314,,314,,,
101,"Govt Girls Primary SchoolAubia Tajori (F)",Tajori,54040302,,,,,621,621,0,3,3
"",,Tajori,54040307,,,,,267,267,,,
"",,Tajori,54040310,,,,,238,238,,,
102,"Govt Degree College TajoriE/Side(M)",Tajori,54040303,,,,556,,556,4,0,4
"",,Tajori,54040308,,,,607,,607,,,
103,"Govt Degree College TajoriN/side(F)",Tajori,54040303,,,,,528,528,0,3,3
"",,Tajori,54040308,,,,,445,445,,,
104,RHU Tajori (M),Tajori,54040304,,,,847,,847,4,0,4
"",,Tajori,54040309,,,,937,,937,,,
105,"Govt Girls High School Tajori(F)",Tajori,54040304,,,,,828,828,0,3,3
Tajori,54040309,,,,,738,738,,,,,
106,"Govt Girls Middle School No.2Tajori ©",Tajori,54040305,,,,778,672,1450,2,2,4
107,Govt High School No.2 Tajori©,Tajori,54040306,,,,707,592,1299,2,2,4
108,"Govt Primary School MatanTajazai (M)",Daulat Taja Zai,54030101,,,,431,0,431,4,0,4
"",,Daulat Taja Zai,54030102,,,,487,,487,,,
"",,Daulat Taja Zai,54030110,,,,302,,302,,,
109,"Govt Primary School No.1Tajazai (F)",Daulat Taja Zai,54030101,,,,,320,320,0,3,3
"",,Daulat Taja Zai,54030102,,,,,393,393,,,
"",,Daulat Taja Zai,54030110,,,,,232,232,,,
110,"Govt Primary School DaulatTajazai (M)",Daulat Taja Zai,54030103,,,,130,,130,4,0,4
"",,Daulat Taja Zai,54030104,,,,390,,390,,,
"",,Daulat Taja Zai,54030105,,,,246,,246,,,
"",,Daulat Taja Zai,54030111,,,,677,,677,,,
111,"Govt Girls High School DaulatTajazai (F)",Daulat Taja Zai,54030103,,,,,128,128,0,3,3
"",,Daulat Taja Zai,54030104,,,,,376,376,,,
"",,Daulat Taja Zai,54030105,,,,,308,308,,,
"",,Daulat Taja Zai,54030111,,,,,485,485,,,
112,"Govt Primary School Bega TajaZai (M)",Bega Taja Zai,54030106,,,,115,,115,4,0,4
"",,Bega Taja Zai,54030107,,,,418,,418,,,
"",,Bega Taja Zai,54030112,,,,661,,661,,,
113,"Govt Girls Primary School NO.2BEGA TAJA ZAI (F)",Bega Taja Zai,54030106,,,,,169,169,0,3,3
"",,Bega Taja Zai,54030107,,,,,467,467,,,
"",,Bega Taja Zai,54030112,,,,,435,435,,,
114,"Govt Middle School Tor LawangKhel (M)",Tor Lawang Khel,54030108,,,,474,,474,3,0,3
"",,Tor Lawang Khel,54030113,,,,574,,574,,,
115,"Govt Primary School TORLAWANG Khel NO.1 (F)",Tor Lawang Khel,54030108,,,,,383,383,0,2,2
"",,Tor Lawang Khel,54030113,,,,,439,439,,,
116,,Daulat Mir Lawang Khel,54030109,,,,496,420,916,2,1,3
117,"Govt Girls High SchoolS TitterKhel (M)",titter Khel Guli Jan,54030501,,,,501,,501,4,0,4
"",,titter Khel Guli Jan,54030502,,,,573,,573,,,
118,"Govt Girls Primary School No.1Titter Khel (F)",titter Khel Guli Jan,54030501,,,,,393,393,0,3,3
titter Khel Guli Jan,54030502,,,,,432,432,,,,,
119,"Govt High School TitterKhel(M)",titter Khel Guli Jan,54030503,,,,630,,630,4,0,4
"",,titter Khel Guli Jan,54030505,,,,589,,589,,,
"",,titter Khel Guli Jan,54030506,,,,296,,296,,,
120,"Govt Primary School TITTERKhel NO.4(F)",titter Khel Guli Jan,54030503,,,,,460,460,0,3,3
"",,titter Khel Guli Jan,54030505,,,,,500,500,,,
"",,titter Khel Guli Jan,54030506,,,,,151,151,,,
121,"Govt Primary School Titter KhelNo. 1 (M)",titter Khel Guli Jan,54030504,,,,1036,,1036,4,0,4
"",,titter Khel Guli Jan,54030507,,,,289,,289,,,
122,"Govt Primary School TITTERKhel NO.2(F)",titter Khel Guli Jan,54030504,,,,,902,902,0,3,3
"",,titter Khel Guli Jan,54030507,,,,,156,156,,,
123,"Govt High School TabbiMurad(M)",Tabbi Murad,54030701,,,,560,,560,4,0,4
"",,Tabbi Murad,54030702,,,,315,,315,,,
"",,Tabbi Murad,54030707,,,,517,,517,,,
"",,Tabbi Murad,54030708,,,,90,,90,,,
124,"Govt Girls Middle School TabbiMurad (F)",Tabbi Murad,54030701,,,,,481,481,0,3,3
"",,Tabbi Murad,54030702,,,,,271,271,,,
"",,Tabbi Murad,54030707,,,,,402,402,,,
"",,Tabbi Murad,54030708,,,,,82,82,,,
125,"Govt Primary School No.2 GhaziKhel(M)",Ghazi Khel,54030703,,,,500,,500,3,0,3
"",,Ghazi Khel,54030704,,,,480,,480,,,
126,"Govt Girls Primary School No.1Ghazi Khel(F)",Ghazi Khel,54030703,,,,,441,441,0,3,3
"",,Ghazi Khel,54030704,,,,,442,442,,,
127,"Govt Primary School NawazMala Khel©",Nawaz Mala Khel,54030705,,,,88,88,176,1,1,2
"",,Kermo Khel,54030706,,,,200,179,379,,,
128,Govt High School Matora (M),Matora,54030401,,,,364,,364,4,0,4
"",,Matora,54030403,,,,473,,473,,,
"",,Matora,54030406,,,,266,,266,,,
129,"Govt Girls Primary School No.1Matora (F)",Matora,54030401,,,,,346,346,0,3,3
"",,Matora,54030403,,,,,355,355,,,
"",,Matora,54030406,,,,,215,215,,,
130,"Govt Primary School MATORANO.1 ©",Matora,54030402,,,,453,352,805,2,1,3
131,"Govt High School Kaka Khel(C)",Kaka Khel,54030404,,,,311,204,515,2,2,4
Kaka Khel,54030407,,,,506,451,957,,,,,
132,"Govt Primary School KAKAKhel NO.1(M)",Kaka Khel,54030405,,,,505,,505,3,0,3
"",,Kaka Khel,54030408,,,,456,,456,,,
133,"Govt Girls Primary School KakaKhel No.1 (F)",Kaka Khel,54030405,,,,,403,403,0,3,3
"",,Kaka Khel,54030408,,,,,414,414,,,
134,"Govt High School Zangi Khel(M)",Zangi Khel,54021305,,,,1014,,1014,4,0,4
"",,Zangi Khel,54021306,,,,558,,558,,,
135,"Govt Primary School ZANGIKhel NO.1(M)",Zangi Khel,54021307,,,,235,,235,3,0,3
"",,Zangi Khel,54021308,,,,652,,652,,,
136,"Govt Girls Primary School No.1Zangi Khel (F)",Zangi Khel,54021305,,,,,1029,1029,0,3,3
"",,Zangi Khel,54021306,,,,,243,243,,,
137,"Govt Girls Primary SchoolZANGI Khel NO.2(F)",Zangi Khel,54021307,,,,,179,179,0,2,2
"",,Zangi Khel,54021308,,,,,528,528,,,
138,"Govt Primary School No.1Aghzar Khel(M)",Aghzar Khel,54020108,,,,879,,879,4,0,4
"",,Aghzar Khel,54020112,,,,273,,273,,,
139,"Govt Primary School NO.2AGHZAR Khel (F)",Aghzar Khel,54020108,,,,,620,620,0,2,2
"",,Aghzar Khel,54020112,,,,,220,220,,,
140,"Govt Primary School Sargakhero Khel©",Aghzar Khel,54020109,,,,568,471,1039,2,2,4
"",,,,,,,,,,,,
1,"Govt High SchoolS Kot Kashmir(M)",Kot Kashmir,55010701,,,,852,,852,4,0,4
"",,Kot Kashmir,55010702,,,,652,,652,,,
2,"Govt Primary School KotKashmir No.4(M)",Kot Kashmir,55010703,,,,452,,452,4,0,4
"",,Kot Kashmir,55010704,,,,825,,825,,,
3,"Govt Primary School No.1 Kotkashmir (F)",Kot Kashmir,55010701,,,,,666,666,0,2,2
"",,Kot Kashmir,55010702,,,,,476,476,,,
4,"Govt Primary School KOTKASHMIR NO. 3 (F)",Kot Kashmir,55010703,,,,,267,267,0,2,2
"",,Kot Kashmir,55010704,,,,,641,641,,,
5,"Govt Primary School ChandoKhel (C)",Chando Khel,55010705,,,,643,232,875,2,1,3
6,"Govt Middle School ChanduKhel (C)",Chando Khel,55010706,,,,926,606,1532,2,2,4
7,"Govt Girls Primary School BaistKhel No.1©",Baist Khel,55011101,,,,501,326,827,2,1,3
"",,Baist Khel,55011102,,,,192,164,356,,,
8,"Govt Primary School BAISTKhel No.1 ©",Baist Khel,55011103,,,,688,511,1199,2,2,4
9,"Govt High School Baist KhelE/side (c)",Baist Khel,55011104,,,,485,349,834,2,1,3
10,"Govt High School Baist KhelW/side (c)",Baist Khel,55011105,,,,752,573,1325,2,2,4
11,GMS Kotka Mehmood ©,Baist Khel,55011106,,,,332,331,663,2,2,4
"",,Baist Khel,55011114,,,,636,441,1077,,,
12,"Govt High School Harama Tala(M)",Harama Tala,55011107,,,,909,,909,4,0,4
"",,Harama Tala,55011108,,,,477,,477,,,
13,"Govt Primary School HaramaTala ©",Harama Tala,55011109,,,,787,534,1321,2,2,4
14,"Govt Girls Middle SchoolHarama Tala (F)",Harama Tala,55011107,,,,,714,714,0,3,3
"",,Harama Tala,55011108,,,,,389,389,,,
15,"Govt Primary School Baz Kala(c)",Gandi Umer Chikar,55011110,,,,736,603,1339,2,2,4
16,"GGCMS Gandi Umer ChikarNO.1 ©",Gandi Umer Chikar,55011111,,,,494,417,911,2,1,3
17,"Govt Middle School Gandi UmerChikar ©",Gandi Umer Chikar,55011112,,,,545,371,916,2,1,3
18,"Govt Girls Primary School HafizMala Khel ©",Gandi Umer Chikar,55011113,,,,475,358,833,1,1,2
19,"BHU Shagai Mero Mela N/S(M)",Walai,55011001,,,,391,,391,4,0,4
"",,Walai,55011002,,,,437,,437,,,
"",,Walai,55011003,,,,243,,243,,,
"",,Walai,55011004,,,,600,,600,,,
20,BHU Shagai Mero Mela S/S (F),Walai,55011001,,,,,84,84,0,1,1
"",,Walai,55011002,,,,,79,79,,,
"",,Walai,55011003,,,,,69,69,,,
"",,Walai,55011004,,,,,129,129,,,
21,Govt High School Bragai(M),Bragai,55011005,,,,854,,854,3,0,3
"",,Bragai,55011006,,,,319,,319,,,
22,"Govt Primary School SaeedAzam Bragai (M)",Bragai,55011007,,,,583,,583,3,0,3
"",,Bragai,55011008,,,,572,,572,,,
23,Govt Primary School Bragai (F),Bragai,55011005,,,,,463,463,0,2,2
"",,Bragai,55011006,,,,,124,124,,,
"",,Bragai,55011008,,,,,285,285,,,
"",,Bragai,55011007,,,,,208,208,,,
24,"Govt Primary School Kotka Jafar(M)",Gandi Khan Khel,55010901,,,,405,,405,3,0,3
Gandi Khan Khel,55010909,,,,676,,676,,,,,
Gandi Khan Khel,55010901,,,,,309,309,,,,,
"",,Gandi Khan Khel,55010909,,,,,569,569,,,
26,"Govt High School Hayat Ullah(kotka Kider) (M)",Gandi Khan Khel,55010902,,,,161,,161,3,0,3
"",,Gandi Khan Khel,55010910,,,,933,,933,,,
27,"Govt Girls Middle School KotkaGidar (F)",Gandi Khan Khel,55010902,,,,,148,148,0,2,2
"",,Gandi Khan Khel,55010910,,,,,671,671,,,
28,"Govt Primary School No.2Gandi Khan Khel (M)",Gandi Khan Khel,55010903,,,,938,,938,3,0,3
29,"Govt Girls Primary SchoolGANDI KHAN Khel NO.1 (F)",Gandi Khan Khel,55010903,,,,,806,806,0,2,2
30,"Govt Primary School No.3Gandi Khan Khel©",Gandi Khan Khel,55010904,,,,477,386,863,2,2,4
31,"Govt High School GANDIKHAN Khel ©",Gandi Khan Khel,55010905,,,,551,468,1019,2,2,4
32,"Govt Girls Middle School Gandikhan Khel ©",Gandi Khan Khel,55010906,,,,121,95,216,1,1,2
"",,Gandi Khan Khel,55010911,,,,335,254,589,,,
33,"Govt Primary School Nar khanKhelan(C)",Gandi Khan Khel,55010907,,,,265,168,433,2,1,3
"",,Gandi Khan Khel,55010908,,,,353,269,622,,,
34,"Govt High School Mama Khel(M) s/s",Mama Khel,55010101,,,,864,,864,4,0,4
"",,Mama Khel,55010102,,,,154,,154,,,
"",,Mama Khel,55010112,,,,329,,329,,,
35,"Govt Girls High School MamaKhel(F) s/s",Mama Khel,55010101,,,,,715,715,0,3,3
"",,Mama Khel,55010102,,,,,145,145,,,
"",,Mama Khel,55010112,,,,,273,273,,,
36,"Govt High School Mama Khel(M) E/s",Mama Khel,55010103,,,,820,,820,3,0,3
"",,Mama Khel,55010113,,,,158,,158,,,
37,"Govt girls High School MamaKhel (F) E/s",Mama Khel,55010103,,,,,729,729,0,3,3
"",,Mama Khel,55010113,,,,,121,121,,,
38,"Govt High School Sahibzadakhost E/S(M)",Sahibzada khost,55010106,,,,248,,248,4,0,4
Sahibzada khost,55010107,,,,359,,359,,,,,
Sahibzada khost,55010114,,,,245,,245,,,,,
Sahibzada khost,55010115,,,,339,,339,,,,,
Sahibzada khost,55010117,,,,550,,550,,,,,
39,"Govt High School Sahibzadakhost S/S(M)",Sahibzada khost,55010104,,,,481,,481,4,0,4
"",,Sahibzada khost,55010105,,,,389,,389,,,
"",,Sahibzada khost,55010116,,,,355,,355,,,
40,"Govt Primary School No.1Sahibzada khost (F)",Sahibzada khost,55010106,,,,,202,202,0,3,3
"",,Sahibzada khost,55010107,,,,,301,301,,,
"",,Sahibzada khost,55010114,,,,,159,159,,,
"",,Sahibzada khost,55010115,,,,,210,210,,,
"",,Sahibzada khost,55010117,,,,,358,358,,,
41,"Govt Girls Primary School NarSahibzada khost(nalichak)(F)",Sahibzada khost,55010104,,,,,480,480,0,3,3
"",,Sahibzada khost,55010105,,,,,309,309,,,
"",,Sahibzada khost,55010116,,,,,212,212,,,
42,"Govt Primary School GandiSahib Khan Zapta khan(M)",Gandi Sahib khan,55010108,,,,387,,387,3,0,3
"",,Gandi Sahib khan,55010118,,,,381,,381,,,
"",,Nar Abdullah khan Saduzai,55010111,,,,344,,344,,,
43,"Govt High School Gandi Sahibkhan(M)",Gandi Sahib khan,55010109,,,,224,,224,3,0,3
"",,Gandi Sahib khan,55010110,,,,1026,,1026,,,
44,"Govt Girls Primary School No.1Gandi Sahib Khan Khandan(F)",Gandi Sahib khan,55010108,,,,,175,175,0,2,2
"",,Gandi Sahib khan,55010118,,,,,346,346,,,
"",,Nar Abdullah khan Saduzai,55010111,,,,,210,210,,,
45,"Govt Primary School GandiSahib khan (F)",Gandi Sahib khan,55010109,,,,,154,154,0,2,2
"",,Gandi Sahib khan,55010110,,,,,729,729,,,
46,"Govt High School Zafer MamaKhel (C)",Zafer Mama Khel,55010801,,,,363,312,675,1,1,2
"",,Nar Bakhmal Ahmad zai,55010802,,,,73,59,132,,,
"",,Nar Abdul karim shah,55010803,,,,34,24,58,,,
47,"Govt Girls High School NarMarmandi E/Side (M)",Nar Marmandi,55010805,,,,405,,405,4,0,4
"",,Nar Marmandi,55010806,,,,336,,336,,,
"",,Nar Marmandi,55010816,,,,334,,334,,,
"",,Nar Marmandi,55010817,,,,319,,319,,,
48,"Govt Girls High SchoolMARMANDI AZIM W/Side (F)",Nar Marmandi,55010805,,,,,354,354,0,3,3
Nar Marmandi,55010806,,,,,266,266,,,,,
Nar Marmandi,55010816,,,,,237,237,,,,,
Nar Marmandi,55010817,,,,,271,271,,,,,
49,"Govt Middle School Nar SamandAdamzai ©",Nar Saroop Shah sing,55010812,,,,223,202,425,2,2,4
"",,Nar Samand Adam zai,55010808,,,,332,288,620,,,
"",,Nar Umer Panju Khel,55010809,,,,36,25,61,,,
"",,Nar Khuda Bakhash Risaldar,55010813,,,,34,29,63,,,
"",,Nar Mamtaz khan,55010815,,,,53,12,65,,,
50,"Govt Primary School SardariKala (C)",Nar Hardew shah sing,55010804,,,,517,349,866,2,2,4
"",,Nar Kala khan,55010811,,,,136,86,222,,,
"",,Nar Gul Hasan Shah,55010810,,,,133,92,225,,,
"",,Nar Daraka Alamshah Khel,55010814,,,,76,68,144,,,
"",,Nar Qazi Nor Muhammad,55010807,,,,229,179,408,,,
51,"Govt Middle School MultanManjiwala©",Manjiwala,55010401,,,,507,369,876,2,2,4
"",,Manjiwala,55010402,,,,443,312,755,,,
52,"Govt Primary School BanaManjiwala ©",Manjiwala,55010403,,,,772,567,1339,2,2,4
53,"Govt Girls Primary SchoolMULTANI MANJIWALA ©",Manjiwala,55010404,,,,419,272,691,2,1,3
54,BHU Mandan Manjiwala (M),Manjiwala,55010405,,,,131,,131,3,0,3
"",,Manjiwala,55010406,,,,636,,636,,,
"",,Manjiwala,55010412,,,,226,,226,,,
"",,Manjiwala,55010407,,,,147,,147,,,
55,"Govt Girls Primary SchoolKALA MANJIWALA (F)",Manjiwala,55010405,,,,,140,140,0,3,3
"",,Manjiwala,55010406,,,,,353,353,,,
"",,Manjiwala,55010412,,,,,184,184,,,
"",,Manjiwala,55010407,,,,,94,94,,,
56,GGPS Nar Samand Adamzai (c),Nar Ghulam Ali Samiti,55010408,,,,265,215,480,2,1,3
"",,Nar Khuda Bakhash Tanidar,55010411,,,,214,168,382,,,
57,"Govt Primary School NARMUHAMMAD KHANGHAZNI Khel©","Nar Muhammad Khan GhazniKhel",55010409,,,,366,222,588,2,2,4
"Nar Muhammad Khan GhazniKhel",55010410,,,,277,202,479,,,,,
"Nar Muhammad Khan GhazniKhel",55010413,,,,257,316,573,,,,,
58,"Govt Primary School Nar FaqeerMasoom©",Nar Faqeer Masoom,55010601,,,,641,428,1069,2,2,4
"",,Nar Taj Muhammad khan,55010602,,,,42,26,68,,,
"",,"Nar Muhammad Yar SulmanKhel",55010603,,,,194,130,324,,,
59,GPS Ghulam Shah (C),Nar Muhammad Naurang,55010604,,,,318,202,520,2,2,4
"",,Nar Muhammad Naurang,55010611,,,,394,314,708,,,
60,GGPS Kotka Bakhtiar (c),Nar Muhammad Naurang,55010605,,,,847,616,1463,2,2,4
61,"Govt Girls Primary School NarAkbar Khan Sarkori ©",Nar Aladad Bego Khel,55010606,,,,237,144,381,2,1,3
"",,Nar Lalmir Ahmad Shah,55010607,,,,196,124,320,,,
"",,Nar Charagh shah,55010608,,,,62,48,110,,,
62,"Govt Primary School NARAKBAR KHAN©",Nar Akbar khan Takhti,55010609,,,,514,268,782,2,1,3
"",,Nar Akbar khan Takhti,55010610,,,,379,285,664,,,
63,"Govt Girls Primary School NarSultan Mehmood©",Nar Sultan Mehmood,55011201,,,,677,489,1166,2,2,4
64,"Govt Girls High School NarAzad Chando Khel ©",Nar Tor Khan Waliwal,55011202,,,,148,116,264,1,1,2
"",,"Nar Muhammad Noor ChandoKhel",55011203,,,,187,139,326,,,
65,"Govt Primary School NarKashmir Musa Khel(M)",Nar Raza khan Adam zai,55011204,,,,383,0,383,4,0,4
"",,Nar Kashmir Musa Khel,55011205,,,,545,,545,,,
"",,Nar sher khan Isa Khel,55011206,,,,174,,174,,,
"",,Nar sher khan Isa Khel,55011217,,,,86,,86,,,
66,"Govt Girls Primary School NarRaza khan Adamzai (F)",Nar Raza khan Adam zai,55011204,,,,,299,299,0,3,3
"",,Nar Kashmir Musa Khel,55011205,,,,,419,419,,,
"",,Nar sher khan Isa Khel,55011217,,,,,86,86,,,
"",,Nar sher khan Isa Khel,55011206,,,,,81,81,,,
67,"Govt Girls High School NarSardar Midad Khel©",Nar Sahibdad Midad Khel,55011208,,,,418,328,746,1,1,2
68,"Govt Primary School NARSARFARAZ LANDAKA©",Nar Sarfaraz Landak,55011207,,,,416,298,714,2,1,3
69,"Govt Middle School Nar UtamGarh©",Nar Utam Garh,55011209,,,,568,437,1005,2,2,4
"",,Nar Utam Garh,55011218,,,,271,205,476,,,
70,"Govt Girls Middle School NarSahib khan©",Nar Jaram Garh,55011210,,,,58,40,98,2,1,3
"",,Nar Sahib khan Dilkhozai,55011215,,,,684,507,1191,,,
71,"GGPS No.1 Nar Multan GhazniKhel©",Nar Multan Ghazni Khel,55011211,,,,408,304,712,2,1,3
72,"Govt Primary School SAMANDKHAISOR ©",Nar Abu Samand Khaisor,55011212,,,,348,236,584,2,1,3
"",,Nar Abu Samand Khaisor,55011219,,,,207,202,409,,,
73,"Govt Primary School Nar AbuSamand Begu Khel(M)",Nar Abu Samand Begu Khel,55011213,,,,265,,265,3,0,3
"",,Nar Abu Samand Begu Khel,55011220,,,,270,,270,,,
"",,Nar Abu Samand Begu Khel,55011214,,,,247,,247,,,
"",,Nar Abu Samand Begu Khel,55011221,,,,126,,126,,,
"",,Nar Abu Samand Begu Khel,55011222,,,,333,,333,,,
74,"Govt Girls Primary School NarAbu Samand Begu Khel(F)",Nar Abu Samand Begu Khel,55011213,,,,,232,232,0,3,3
"",,Nar Abu Samand Begu Khel,55011214,,,,,264,264,,,
"",,Nar Abu Samand Begu Khel,55011220,,,,,130,130,,,
"",,Nar Abu Samand Begu Khel,55011221,,,,,98,98,,,
"",,Nar Abu Samand Begu Khel,55011222,,,,,165,165,,,
75,GGPS Nar Langer Midad Khel©,Nar Langar Midad Khel,55011216,,,,346,248,594,1,1,2
76,"Govt Primary School MadatiNikah©",Passani,55010201,,,,768,95,863,3,1,4
"",,Passani,55010202,,,,822,815,1637,,,
77,"Govt Girls Primary SchoolPassani(M)",Passani,55010203,,,,305,,305,3,0,3
"",,Passani,55010204,,,,597,,597,,,
78,GPS Passani No.1 Road/Side (F),Passani,55010203,,,,,187,187,0,2,2
"",,Passani,55010204,,,,,357,357,,,
79,GHS Shakh quli Khan (C),Passani,55010205,,,,500,329,829,4,2,6
"",,Passani,55010206,,,,576,329,905,,,
80,"Govt Middle School Shakh QuliKhan ©",Shakh Quli Khan,55010207,,,,665,464,1129,2,1,3
81,GGPS Nar Hakim Khan©,Nar Quli Khan,55010208,,,,472,284,756,3,1,4
Nar hakim Khan,55010209,,,,390,247,637,,,,,
Nar hakim Khan,55010210,,,,0,0,0,,,,,
Nar hakim Khan,55010211,,,,8,0,8,,,,,
82,BHU Takhti Khel (M),Takhti Khel,55010301,,,,609,,609,3,0,3
"",,Takhti Khel,55010302,,,,443,,443,,,
83,"Govt Primary School TarkhaBazi Khel (M)",Takhti Khel,55010303,,,,798,,798,2,0,2
84,"Govt Middle School SuranaTAKHTI Khel NO.1 (F)",Takhti Khel,55010301,,,,,383,383,0,3,3
"",,Takhti Khel,55010302,,,,,263,263,,,
"",,Takhti Khel,55010303,,,,,513,513,,,
85,"Govt Primary School ShekhLandak©",Shekh Landak,55010310,,,,489,339,828,2,1,3
86,"Govt High School Top TakhtiKhel ©",Garzai,55010304,,,,510,164,674,2,1,3
87,"Govt Primary School Qalandarkhan TAKHTI Khel NO.1(M)",Garzai,55010305,,,,491,,491,3,0,3
"",,Garzai,55010306,,,,411,,411,,,
"",,Garzai,55010311,,,,0,,0,,,
88,"Govt Primary School No.2Takhti Khel(M)",Garzai,55010307,,,,840,,840,4,0,4
"",,Garzai,55010308,,,,387,,387,,,
89,"Govt Primary School Khan zadaTakhti Khel (F)",Garzai,55010305,,,,,310,310,0,3,3
"",,Garzai,55010306,,,,,271,271,,,
"",,Garzai,55010311,,,,,0,0,,,
"",,Garzai,55010307,,,,,558,558,,,
"",,Garzai,55010308,,,,,291,291,,,
90,"Govt Primary School HabibullahTakhti Khel©",Garzai,55010309,,,,350,228,578,1,1,2
91,"Govt High SchoolS NaurangE/side(M)",,,Kotka Parid,55020201,,581,,581,4,0,4
"",,,,Railway Station,55020202,,549,,549,,,
92,"Govt High SchoolS NaurangW/side(M)",,,Muhammad khan Kundi,55020203,,641,,641,4,0,4
"",,,,Khan Bahadar Kundi,55020204,,434,,434,,,
"",,,,Kotka Atlas khan,55020205,,313,,313,,,
93,"Govt Girls High School No.1Naurang(F)",,,Kotka Parid,55020201,,,430,430,0,3,3
"",,,,Railway Station,55020202,,,429,429,,,
"",,,,Kotka Atlas khan,55020205,,,241,241,,,
94,"Govt Girls Primary School kotkaMuhammad Khan kundi (F)",,,Muhammad khan Kundi,55020203,,,518,518,0,2,2
"",,Khan Bahadar Kundi,55020204,,,368,368,,,,,
95,"Govt Middle School Kaki RoadNaurang(F)",,,Tanchi Abad,55020101,,,877,877,0,3,3
"",,,,Darma Khel,55020102,,,424,424,,,
96,"Govt Girls High School No.2Naurang (M)",,,Tanchi Abad,55020101,,1144,,1144,4,0,4
"",,,,Darma Khel,55020102,,431,,431,,,
97,"Govt Girls Middle SchoolSERAI NAURANG(C)",,,Nathu Khel,55020103,,554,424,978,2,1,3
98,GGHS No.2 Serai Naurang ©,,,Kaki Jan,55020104,,599,501,1100,2,2,4
99,"Govt Primary School KotkaSekandar (M)",,,Ramazan Subidar,55020105,,666,,666,4,0,4
"",,,,Kotka Sekandar,55020106,,737,,737,,,
100,"Govt Primary School No.2 SeraiNaurnag©",,,Walidar Petavi,55020109,,633,480,1113,2,2,4
101,"Govt Girls Primary School kotkaSekandar(F)",,,Ramazan Subidar,55020105,,,541,541,0,3,3
"",,,,Kotka Sekandar,55020106,,,496,496,,,
102,"Govt Degree College Serainuang©",,,Abdullah Khan Kundi,55020107,,391,303,694,2,1,3
103,"Govt Girls Primary School kotkaZarwali ©",,,Zahid Abad,55020108,,340,220,560,1,1,2
104,GHS Mangala  (M)  S/S,Dadiwala,55010501,,,,495,,495,4,0,4
"",,Dadiwala,55010505,,,,315,,315,,,
"",,Dadiwala,55010502,,,,394,,394,,,
105,"Govt Girls Primary SchoolDADI WALA (F)",Dadiwala,55010501,,,,,395,395,0,2,2
"",,Dadiwala,55010505,,,,,252,252,,,
"",,Dadiwala,55010502,,,,,291,291,,,
106,"Govt Primary School SarkatiMichan Khel ©",Sarkati Michan Khel,55010503,,,,425,325,750,2,1,3
107,"Govt Middle School AtashiMichan Khel ©",Atashi Michan Khel,55010504,,,,743,708,1451,2,2,4
